name,category,province,regency,latitude,longitude,qid,images
Air Terjun Gitgit,air-terjun,Bali,Buleleng,-8.1913,115.1347,,https://upload.wikimedia.org/wikipedia/commons/thumb/2/2a/Air_Terjun_Gitgit.jpg/960px-Air_Terjun_Gitgit.jpg?utm_source=id.wikipedia.org&utm_campaign=api&utm_content=thumbnail|https://commons.wikimedia.org/wiki/Special:FilePath/Gitgit%20Waterfall%2C%20Campuhan%20area%2C%20Bali%2C%20Indonesia.jpg?width=800
air terjun Dago,air-terjun,Jawa Barat,Kota Bandung,-6.865325,107.618149,,https://upload.wikimedia.org/wikipedia/commons/thumb/0/07/Taman_Hutan_Raya_IR_Djuanda.jpg/960px-Taman_Hutan_Raya_IR_Djuanda.jpg?utm_source=id.wikipedia.org&utm_campaign=api&utm_content=thumbnail|https://commons.wikimedia.org/wiki/Special:FilePath/Curug%20Dago.jpg?width=800
Air terjun Madakaripura,air-terjun,Jawa Timur,Kota Probolinggo,-7.844722,113.0175,,https://upload.wikimedia.org/wikipedia/commons/thumb/9/9c/Madakaripura_Waterfall_-_Indonesia.jpg/960px-Madakaripura_Waterfall_-_Indonesia.jpg?utm_source=id.wikipedia.org&utm_campaign=api&utm_content=thumbnail|https://commons.wikimedia.org/wiki/Special:FilePath/Waterfall%20Madakaripura%20B.JPG?width=800
Air Terjun Sipisopiso,air-terjun,Aceh,Aceh Tenggara,2.9162,98.5196,,https://upload.wikimedia.org/wikipedia/commons/thumb/f/f8/AIR_TERJUN_SIPISO-PISO_%28SUMUT%29.jpg/960px-AIR_TERJUN_SIPISO-PISO_%28SUMUT%29.jpg?utm_source=id.wikipedia.org&utm_campaign=api&utm_content=thumbnail|https://commons.wikimedia.org/wiki/Special:FilePath/Sipiso-Piso%20Falls%20Front%20View.jpg?width=800
Air Terjun Baruttung,air-terjun,Sulawesi Selatan,Bone,-4.77686,120.224876,,
Air Terjun Telun Berasap,air-terjun,Sumatera Barat,Pesisir Selatan,-1.68881,101.338381,,https://upload.wikimedia.org/wikipedia/commons/thumb/a/a0/Air_Terjun_Telun_Berasap.jpg/960px-Air_Terjun_Telun_Berasap.jpg?utm_source=id.wikipedia.org&utm_campaign=api&utm_content=thumbnail|https://commons.wikimedia.org/wiki/Special:FilePath/Air%20Terjun%20Telun%20Berasap.jpg?width=800
Air terjun Sikarim,air-terjun,Jawa Tengah,Wonosobo,-7.24236,109.90708,,https://upload.wikimedia.org/wikipedia/id/thumb/f/fa/Si_Karim.jpg/960px-Si_Karim.jpg?utm_source=id.wikipedia.org&utm_campaign=api&utm_content=thumbnail|https://commons.wikimedia.org/wiki/Special:FilePath/Air%20Terjun%20Sikarim.jpg?width=800
Curug Gendang,air-terjun,Lampung,Lampung Selatan,-6.277778,105.858889,,
Curug Luhur,air-terjun,Banten,Kota Tangerang Selatan,-7.2325,106.816667,,https://upload.wikimedia.org/wikipedia/commons/thumb/9/93/Segarnya_air_di_Curug_Luhur.jpg/960px-Segarnya_air_di_Curug_Luhur.jpg?utm_source=id.wikipedia.org&utm_campaign=api&utm_content=thumbnail|https://commons.wikimedia.org/wiki/Special:FilePath/Segarnya%20air%20di%20Curug%20Luhur.jpg?width=800
Curug Cibeureum,air-terjun,Jawa Barat,Kota Bandung,-7.183333,107.616667,,https://upload.wikimedia.org/wikipedia/commons/thumb/a/a1/Curug_Cibeureum.jpg/960px-Curug_Cibeureum.jpg?utm_source=id.wikipedia.org&utm_campaign=api&utm_content=thumbnail|https://commons.wikimedia.org/wiki/Special:FilePath/AIr%20Terjun%20Cibeureum.jpg?width=800
Curug Muara Jaya,air-terjun,Jawa Barat,Majalengka,-6.912636,108.352479,,
Curug Panganten,air-terjun,Jawa Barat,Kota Bandung,-6.835556,107.565278,,
Curug Maribaya,air-terjun,Jawa Barat,Kota Bandung,-6.831872,107.656639,,https://upload.wikimedia.org/wikipedia/commons/thumb/f/f1/Maribaya_Waterfall_2013_%28008%29.JPG/960px-Maribaya_Waterfall_2013_%28008%29.JPG?utm_source=id.wikipedia.org&utm_campaign=api&utm_content=thumbnail|https://commons.wikimedia.org/wiki/Special:FilePath/Maribaya%20Waterfall%202013%20%28008%29.JPG?width=800
Air Terjun Lembah Anai,air-terjun,Sumatera Barat,Padang Pariaman,-0.483561,100.338569,,https://upload.wikimedia.org/wikipedia/commons/thumb/9/9f/Air_Terjun_Lembah_Anai.jpg/960px-Air_Terjun_Lembah_Anai.jpg?utm_source=id.wikipedia.org&utm_campaign=api&utm_content=thumbnail|https://commons.wikimedia.org/wiki/Special:FilePath/Suasana%20jalan%20di%20Air%20Terjun%20Lembah%20Anai.jpg?width=800
Air Terjun Sedudo,air-terjun,Jawa Tengah,Kota Surakarta,-7.688,111.8,,https://upload.wikimedia.org/wikipedia/id/thumb/5/57/Sedudo.jpg/960px-Sedudo.jpg?utm_source=id.wikipedia.org&utm_campaign=api&utm_content=thumbnail
Air Terjun Coban Rondo,air-terjun,Jawa Timur,Batu,-7.884961,112.4773,,https://upload.wikimedia.org/wikipedia/commons/thumb/2/28/Air_Terjun_Coban_Rondo.jpg/960px-Air_Terjun_Coban_Rondo.jpg?utm_source=id.wikipedia.org&utm_campaign=api&utm_content=thumbnail|https://commons.wikimedia.org/wiki/Special:FilePath/Air%20Terjun%20Coban%20Rondo.jpg?width=800
Air Terjun Silancur,air-terjun,Jawa Tengah,Kebumen,-7.550472,109.729944,,https://upload.wikimedia.org/wikipedia/commons/thumb/5/5a/Curug_Silancur.jpg/960px-Curug_Silancur.jpg?utm_source=id.wikipedia.org&utm_campaign=api&utm_content=thumbnail
Grojogan Sewu,air-terjun,Jawa Tengah,Kota Surakarta,-7.660556,111.130278,,https://upload.wikimedia.org/wikipedia/commons/thumb/6/65/Grojogan_sewu.jpg/960px-Grojogan_sewu.jpg?utm_source=id.wikipedia.org&utm_campaign=api&utm_content=thumbnail|https://commons.wikimedia.org/wiki/Special:FilePath/GrojoganSewu.jpg?width=800
Air Terjun Sawangan,air-terjun,Jawa Tengah,Kebumen,-7.756778,109.398333,,https://upload.wikimedia.org/wikipedia/id/thumb/8/84/WP_20160206_14_46_37_Pro.jpg/960px-WP_20160206_14_46_37_Pro.jpg?utm_source=id.wikipedia.org&utm_campaign=api&utm_content=thumbnail
Air Terjun Wenyef,air-terjun,Maluku,Maluku Tengah,-0.455833,132.677222,,
Air Terjun Lubuk Tempurung,air-terjun,Sumatera Barat,Kota Padang,-0.863024,100.432033,,
Air Terjun Pancaro Rayo,air-terjun,Jambi,Kerinci,-2.186647,101.43834,,
Air Terjun Talang Kemulun,air-terjun,Jambi,Kerinci,-2.048295,101.61009,,
Air Terjun Bajuin,air-terjun,Kalimantan Tengah,Kota Palangka Raya,-3.769922,114.874721,,https://upload.wikimedia.org/wikipedia/commons/thumb/a/a7/Air_Terjun_Bajuin.jpg/960px-Air_Terjun_Bajuin.jpg?utm_source=id.wikipedia.org&utm_campaign=api&utm_content=thumbnail|https://commons.wikimedia.org/wiki/Special:FilePath/Air%20Terjun%20Bajuin.jpg?width=800
Curug Bayan,air-terjun,Jawa Tengah,Cilacap,-7.324619,109.218251,,https://upload.wikimedia.org/wikipedia/commons/thumb/5/57/Curug_Bayan_%282026%29_01.jpg/960px-Curug_Bayan_%282026%29_01.jpg?utm_source=id.wikipedia.org&utm_campaign=api&utm_content=thumbnail|https://commons.wikimedia.org/wiki/Special:FilePath/Curug%20Bayan%20%282026%29%2001.jpg?width=800
Air Terjun Sigerincing,air-terjun,Jambi,Merangin,-2.378309,101.907754,,https://upload.wikimedia.org/wikipedia/commons/thumb/f/f9/Air_Terjun_Sigerincing_Merangin.jpg/960px-Air_Terjun_Sigerincing_Merangin.jpg?utm_source=id.wikipedia.org&utm_campaign=api&utm_content=thumbnail|https://commons.wikimedia.org/wiki/Special:FilePath/Air%20Terjun%20Sigerincing%20Merangin.jpg?width=800
Air Terjun Jami,air-terjun,Sulawesi Selatan,Maros,-5.142617,119.806867,,
Air Terjun Banyumala,air-terjun,Bali,Buleleng,-8.217187,115.101681,,https://upload.wikimedia.org/wikipedia/commons/thumb/7/77/Banyumala_Waterfall.jpg/960px-Banyumala_Waterfall.jpg?utm_source=id.wikipedia.org&utm_campaign=api&utm_content=thumbnail|https://commons.wikimedia.org/wiki/Special:FilePath/Banyumala%20Waterfall.jpg?width=800
Air Terjun Tiu Kelep,air-terjun,Nusa Tenggara Barat,Lombok Utara,-8.305494,116.408122,,https://upload.wikimedia.org/wikipedia/commons/thumb/4/41/Tiu_Kelep.jpg/960px-Tiu_Kelep.jpg?utm_source=id.wikipedia.org&utm_campaign=api&utm_content=thumbnail|https://commons.wikimedia.org/wiki/Special:FilePath/Tiu%20Kelep.jpg?width=800
Air terjun Anenderat,air-terjun,Maluku,Maluku Tengah,-0.870556,132.735556,,
Air Terjun Sinar Petir,air-terjun,Lampung,Tanggamus,-5.542896,104.848969,,https://upload.wikimedia.org/wikipedia/id/c/c5/Air_Terjun_Sinar_Petir.jpg?utm_source=id.wikipedia.org&utm_campaign=api&utm_content=thumbnail_unscaled
Air Terjun Lae Mbilulu,air-terjun,Aceh,Aceh Tenggara,2.610873,98.349114,,
Air terjun napua wamena,air-terjun,Papua Pegunungan,Jayawijaya,-4.117792,138.892242,,
Curug Ciherang,air-terjun,Jawa Barat,Bogor,-6.636778,106.998472,,https://upload.wikimedia.org/wikipedia/id/thumb/0/0f/Curug_Ciherang_Jonggol_Bawah.jpg/960px-Curug_Ciherang_Jonggol_Bawah.jpg?utm_source=id.wikipedia.org&utm_campaign=api&utm_content=thumbnail
Air Terjun Bedegung,air-terjun,Sumatera Selatan,Muara Enim,-4.059245,103.766884,,
Air Terjun Perjiwa,air-terjun,Kalimantan Timur,Kota Samarinda,-0.412533,117.018503,,
Air Terjun Kembar Siapat,air-terjun,Kalimantan Timur,Kutai Timur,1.361934,117.878671,,https://upload.wikimedia.org/wikipedia/commons/thumb/1/1a/Air_Terjun_Kembar_Siapat_%281%29.jpg/960px-Air_Terjun_Kembar_Siapat_%281%29.jpg?utm_source=id.wikipedia.org&utm_campaign=api&utm_content=thumbnail|https://commons.wikimedia.org/wiki/Special:FilePath/Air%20Terjun%20Kembar%20Siapat%20%281%29.jpg?width=800
Air Terjun Tamasapi,air-terjun,Sulawesi Barat,Mamuju,-2.704135,118.921525,,
Curug Anom,air-terjun,Jawa Barat,Kota Bandung,-6.813178,107.568904,,https://upload.wikimedia.org/wikipedia/commons/thumb/7/7c/Anom_Waterfall_Bottom_View.jpg/960px-Anom_Waterfall_Bottom_View.jpg?utm_source=id.wikipedia.org&utm_campaign=api&utm_content=thumbnail|https://commons.wikimedia.org/wiki/Special:FilePath/Anom%20Waterfall%20Right%20Bottom%20View.jpg?width=800
Air Terjun Alam Kandung,air-terjun,Jawa Timur,Tulungagung,-8.169515,112.075917,,https://upload.wikimedia.org/wikipedia/commons/thumb/a/a9/Air_terjun_Alam_Kandung.jpg/960px-Air_terjun_Alam_Kandung.jpg?utm_source=id.wikipedia.org&utm_campaign=api&utm_content=thumbnail|https://commons.wikimedia.org/wiki/Special:FilePath/Air%20terjun%20Alam%20Kandung.jpg?width=800
Air terjun Efrata,air-terjun,Sumatera Utara,Toba,2.536899,98.642366,,https://upload.wikimedia.org/wikipedia/commons/thumb/1/15/Air_Terjun_Efrata_tampak_dari_bawah_hingga_atas_01.jpg/960px-Air_Terjun_Efrata_tampak_dari_bawah_hingga_atas_01.jpg?utm_source=id.wikipedia.org&utm_campaign=api&utm_content=thumbnail|https://commons.wikimedia.org/wiki/Special:FilePath/Air%20Terjun%20Efrata%20tampak%20dari%20bawah%20hingga%20atas%2006.jpg?width=800
Air Terjun Cipalasari,air-terjun,Jawa Barat,Kota Bandung,-6.781597,107.560014,,https://commons.wikimedia.org/wiki/Special:FilePath/Curug%20Cipalasari%20Bottom%20View.jpg?width=800
Air Terjun Cimanggu,air-terjun,Jawa Barat,Kota Bandung,-6.822333,107.511536,,https://commons.wikimedia.org/wiki/Special:FilePath/Curug%20Cimanggu.jpg?width=800
Air terjun Sampuren Putih,air-terjun,Sumatera Utara,Karo,3.267326,98.600559,,
Air Terjun Bolon,air-terjun,Sumatera Utara,Kota Pematangsiantar,2.713693,99.148157,,
Air Terjun Tumpang Dua,air-terjun,Kalimantan Selatan,Kotabaru,-3.32463,116.1836,,https://upload.wikimedia.org/wikipedia/commons/thumb/e/ec/Air_Terjun_Tumpang_Dua_003.jpg/960px-Air_Terjun_Tumpang_Dua_003.jpg?utm_source=id.wikipedia.org&utm_campaign=api&utm_content=thumbnail|https://commons.wikimedia.org/wiki/Special:FilePath/Air%20Terjun%20Tumpang%20Dua.jpg?width=800
Air terjun Coban Putri,air-terjun,Jawa Timur,Batu,-7.91199,112.530252,,https://commons.wikimedia.org/wiki/Special:FilePath/Coban%20Putri%2C%20Batu%2C%20Malang.jpg?width=800
Air Terjun Putuk Truno,air-terjun,Jawa Timur,Batu,-7.687812,112.635063,,https://upload.wikimedia.org/wikipedia/commons/thumb/f/f9/Air_terjun_Putuk_Truno.jpg/960px-Air_terjun_Putuk_Truno.jpg?utm_source=id.wikipedia.org&utm_campaign=api&utm_content=thumbnail|https://commons.wikimedia.org/wiki/Special:FilePath/Putuk%20Truno%20Waterfall.jpg?width=800
Air Terjun Tegenungan,air-terjun,Bali,Gianyar,-8.575229,115.290701,,https://upload.wikimedia.org/wikipedia/commons/thumb/6/60/Tegenungan_Waterfall_Ubud_Indonesia_-_panoramio_%286%29.jpg/960px-Tegenungan_Waterfall_Ubud_Indonesia_-_panoramio_%286%29.jpg?utm_source=id.wikipedia.org&utm_campaign=api&utm_content=thumbnail|https://commons.wikimedia.org/wiki/Special:FilePath/Tegenungan%20Waterfall%202017-08-18%20%282%29.jpg?width=800
Air Terjun Nyarai,air-terjun,Sumatera Barat,Padang Pariaman,-0.683667,100.362722,,
Air Terjun Sudimoro,air-terjun,Jawa Tengah,Kebumen,-7.528917,109.527806,,https://upload.wikimedia.org/wikipedia/commons/8/85/Curug_Sudimoro_Kebumen.jpg?utm_source=id.wikipedia.org&utm_campaign=api&utm_content=thumbnail_unscaled
Air Terjun Sindaro,air-terjun,Jawa Tengah,Kebumen,-7.559185,109.726471,,https://upload.wikimedia.org/wikipedia/commons/thumb/b/b6/Curug_Sindaro_Kebumen.jpg/960px-Curug_Sindaro_Kebumen.jpg?utm_source=id.wikipedia.org&utm_campaign=api&utm_content=thumbnail|https://commons.wikimedia.org/wiki/Special:FilePath/Curug%20Sindaro%20Kebumen.jpg?width=800
Air Terjun Gemawang,air-terjun,Jawa Tengah,Kebumen,-7.699556,109.404444,,https://upload.wikimedia.org/wikipedia/commons/thumb/9/93/Curug_Gemawang_Kebumen.jpg/960px-Curug_Gemawang_Kebumen.jpg?utm_source=id.wikipedia.org&utm_campaign=api&utm_content=thumbnail
Air Terjun Kalicurug,air-terjun,Jawa Tengah,Kebumen,-7.586139,109.718056,,https://upload.wikimedia.org/wikipedia/id/thumb/1/1b/Kalicurug_Waterfalls.jpg/960px-Kalicurug_Waterfalls.jpg?utm_source=id.wikipedia.org&utm_campaign=api&utm_content=thumbnail
Air Terjun 7 Bidadari,air-terjun,Jawa Tengah,Semarang,-7.201549,110.289655,,
Kali Pancur Getasan,air-terjun,Jawa Tengah,Semarang,-7.358096,110.421068,,
Tumpak Sewu,air-terjun,Jawa Tengah,Pati,-8.230408,112.916939,,https://commons.wikimedia.org/wiki/Special:FilePath/Air%20Terjun%20Tumpak%20Sewu.jpg?width=800
Air Terjun Sigura-gura,air-terjun,Sumatera Utara,Toba,2.522388,99.281675,,https://upload.wikimedia.org/wikipedia/commons/4/41/Stamp_of_Indonesia_-_1993_-_Colnect_252638_-_Waterfall.jpeg?utm_source=id.wikipedia.org&utm_campaign=api&utm_content=thumbnail_unscaled
Curug Putri Landung,air-terjun,Jawa Barat,Kota Cirebon,-6.945,108.43,,https://upload.wikimedia.org/wikipedia/commons/8/85/Curug_Putri_Landung22.jpg?utm_source=id.wikipedia.org&utm_campaign=api&utm_content=thumbnail_unscaled
Air Terjun Leses,air-terjun,Jawa Tengah,Kebumen,-7.700389,109.404417,,https://upload.wikimedia.org/wikipedia/commons/thumb/1/1d/Curug_Leses_Kebumen.jpg/960px-Curug_Leses_Kebumen.jpg?utm_source=id.wikipedia.org&utm_campaign=api&utm_content=thumbnail
Air Terjun Karang Gemantung,air-terjun,Jawa Tengah,Banjarnegara,-7.512278,109.695694,,
Air Terjun Gumawang,air-terjun,Jawa Tengah,Kebumen,-7.608417,109.751944,,
Curug Cihear,air-terjun,Banten,Lebak,-6.601482,106.420186,,
Pantai Amban,pantai,Papua Barat,Manokwari,-0.815389,134.079389,,https://upload.wikimedia.org/wikipedia/commons/thumb/f/f1/Pantai_amban.jpg/960px-Pantai_amban.jpg?utm_source=id.wikipedia.org&utm_campaign=api&utm_content=thumbnail|https://commons.wikimedia.org/wiki/Special:FilePath/Pantai%20amban.jpg?width=800
Pantai Sanur,pantai,Bali,Kota Denpasar,-8.683333,115.266667,,https://upload.wikimedia.org/wikipedia/commons/thumb/9/97/Sanur_Beach.JPG/960px-Sanur_Beach.JPG?utm_source=id.wikipedia.org&utm_campaign=api&utm_content=thumbnail|https://commons.wikimedia.org/wiki/Special:FilePath/Pemandangan%20Pantai%20Sanur.jpg?width=800
Pantai Senggigi,pantai,Nusa Tenggara Barat,Lombok Barat,-8.499722,116.0475,,https://upload.wikimedia.org/wikipedia/commons/3/3b/Senggigi_Beach_Boats.JPG?utm_source=id.wikipedia.org&utm_campaign=api&utm_content=thumbnail_unscaled|https://commons.wikimedia.org/wiki/Special:FilePath/SenggigiHighSt1.JPG?width=800
Pantai Lovina,pantai,Bali,Buleleng,-8.162503,115.025661,,https://upload.wikimedia.org/wikipedia/commons/thumb/c/c0/Morning_of_Lovina_Beach_200507-6.jpg/960px-Morning_of_Lovina_Beach_200507-6.jpg?utm_source=id.wikipedia.org&utm_campaign=api&utm_content=thumbnail|https://commons.wikimedia.org/wiki/Special:FilePath/Morning%20of%20Lovina%20Beach%20200507-6.jpg?width=800
Pantai Logending,pantai,Jawa Tengah,Kebumen,-7.723333,109.394722,,https://upload.wikimedia.org/wikipedia/commons/thumb/1/11/Logending_120817-28187_rwg.JPG/960px-Logending_120817-28187_rwg.JPG?utm_source=id.wikipedia.org&utm_campaign=api&utm_content=thumbnail
Pantai Karangbolong,pantai,Jawa Tengah,Kebumen,-7.758611,109.470833,,https://upload.wikimedia.org/wikipedia/commons/thumb/9/9d/Pantai_Karang_Bolong_di_Kabupaten_Kebumen_Indonesia.jpg/960px-Pantai_Karang_Bolong_di_Kabupaten_Kebumen_Indonesia.jpg?utm_source=id.wikipedia.org&utm_campaign=api&utm_content=thumbnail
Pantai Baron,pantai,DI Yogyakarta,Gunungkidul,-8.129117,110.549149,,https://upload.wikimedia.org/wikipedia/commons/thumb/1/1d/Baron_Beach_Gunung_Kidul.jpg/960px-Baron_Beach_Gunung_Kidul.jpg?utm_source=id.wikipedia.org&utm_campaign=api&utm_content=thumbnail|https://commons.wikimedia.org/wiki/Special:FilePath/Baron%20Beach%20Gunung%20Kidul.jpg?width=800
Pantai Clungup,pantai,Jawa Timur,Malang,-8.437536,112.668603,,https://upload.wikimedia.org/wikipedia/commons/thumb/6/66/Pantai_Clungup_Indonesia.jpg/960px-Pantai_Clungup_Indonesia.jpg?utm_source=id.wikipedia.org&utm_campaign=api&utm_content=thumbnail|https://commons.wikimedia.org/wiki/Special:FilePath/Pantai%20Clungup%20Indonesia.jpg?width=800
Pantai Ngliyep,pantai,Jawa Timur,Malang,-8.383583,112.424194,,https://upload.wikimedia.org/wikipedia/commons/thumb/4/46/Karang_bolong_%2C_pantai_Ngliyep_kab_malang.jpg/960px-Karang_bolong_%2C_pantai_Ngliyep_kab_malang.jpg?utm_source=id.wikipedia.org&utm_campaign=api&utm_content=thumbnail
Pantai Padang,pantai,Sumatera Barat,Kota Padang,-0.945472,100.351389,,https://upload.wikimedia.org/wikipedia/commons/thumb/e/e8/Sunset_Padang_Beach_2005-11-24.JPG/960px-Sunset_Padang_Beach_2005-11-24.JPG?utm_source=id.wikipedia.org&utm_campaign=api&utm_content=thumbnail|https://commons.wikimedia.org/wiki/Special:FilePath/Quiet%20Water%20of%20Padang%20Beach%2C%20Bali.jpg?width=800
Pantai Pandawa,pantai,Bali,Badung,-8.845296,115.186397,,https://upload.wikimedia.org/wikipedia/commons/thumb/a/ab/Pandawa_Beach%2C_Kuta_Selatan_-_Bali.jpg/960px-Pandawa_Beach%2C_Kuta_Selatan_-_Bali.jpg?utm_source=id.wikipedia.org&utm_campaign=api&utm_content=thumbnail|https://commons.wikimedia.org/wiki/Special:FilePath/Pandawa%20Beach%2C%20Kuta%20Selatan%20-%20Bali.jpg?width=800
Pantai Sendangbiru,pantai,Jawa Timur,Kota Malang,-8.432222,112.684167,,
Pantai Sipelot,pantai,Jawa Timur,Kota Malang,-8.381389,112.896667,,https://upload.wikimedia.org/wikipedia/commons/f/f2/Air_terjun_Wedi_Putih_di_Pantai_Sipelot_Pujiharjo%2C_Kab._Malang.jpg?utm_source=id.wikipedia.org&utm_campaign=api&utm_content=thumbnail_unscaled
Pantai Suwuk,pantai,Jawa Tengah,Kebumen,-7.758889,109.473583,,https://upload.wikimedia.org/wikipedia/commons/thumb/f/fc/Pantai_Suwuk_Kebumen_-_panoramio.jpg/960px-Pantai_Suwuk_Kebumen_-_panoramio.jpg?utm_source=id.wikipedia.org&utm_campaign=api&utm_content=thumbnail
Pantai Tanjung Tinggi,pantai,Kepulauan Bangka Belitung,Belitung,-2.551795,107.713777,,https://upload.wikimedia.org/wikipedia/commons/thumb/2/26/Tanjung_Tinggi_Beach%2C_Bangka-Belitung_Province%2C_Indonesia.jpg/960px-Tanjung_Tinggi_Beach%2C_Bangka-Belitung_Province%2C_Indonesia.jpg?utm_source=id.wikipedia.org&utm_campaign=api&utm_content=thumbnail
Pantai Menganti,pantai,Jawa Tengah,Kebumen,-7.770194,109.413,,https://upload.wikimedia.org/wikipedia/commons/thumb/a/a8/Salah_satu_sudut_Pantai_Menganti_Kebumen.jpg/960px-Salah_satu_sudut_Pantai_Menganti_Kebumen.jpg?utm_source=id.wikipedia.org&utm_campaign=api&utm_content=thumbnail
Pantai Tanjung Pesona,pantai,Sumatera Selatan,Banyuasin,-1.882112,106.175242,,https://upload.wikimedia.org/wikipedia/commons/thumb/a/a3/Tanjung_pesona_shade.jpg/960px-Tanjung_pesona_shade.jpg?utm_source=id.wikipedia.org&utm_campaign=api&utm_content=thumbnail
Pantai Trikora,pantai,Papua,Kota Jayapura,-2.518788,140.740378,,https://upload.wikimedia.org/wikipedia/commons/thumb/1/15/Coconut_Tree_and_The_Blue-Green_Sea%2C_Pantai_Trikora%2C_Kabupaten_Bintan%2C_Provinasi_Kepri.jpg/960px-Coconut_Tree_and_The_Blue-Green_Sea%2C_Pantai_Trikora%2C_Kabupaten_Bintan%2C_Provinasi_Kepri.jpg?utm_source=id.wikipedia.org&utm_campaign=api&utm_content=thumbnail|https://commons.wikimedia.org/wiki/Special:FilePath/Pantai%20Trikora%201.jpg?width=800
Medewi,pantai,Bali,Jembrana,-8.403,114.8145,,https://commons.wikimedia.org/wiki/Special:FilePath/Balian%20Beach%20Sunset.jpg?width=800
Pantai Batakan,pantai,Kalimantan Selatan,Tanah Laut,-4.097,114.629,,https://upload.wikimedia.org/wikipedia/id/a/a8/Pantai_Batakan.jpg?utm_source=id.wikipedia.org&utm_campaign=api&utm_content=thumbnail_unscaled
Pantai Batu Lamampu,pantai,Kalimantan Utara,Kota Tarakan,4.040336,117.903978,,https://upload.wikimedia.org/wikipedia/commons/thumb/3/3b/Pantai_Batu_Lamampu.JPG/960px-Pantai_Batu_Lamampu.JPG?utm_source=id.wikipedia.org&utm_campaign=api&utm_content=thumbnail
Pantai Carita,pantai,Lampung,Lampung Selatan,-6.2955,105.8389,,https://upload.wikimedia.org/wikipedia/id/thumb/f/fb/Carita_Beach%2C_Banten.jpg/960px-Carita_Beach%2C_Banten.jpg?utm_source=id.wikipedia.org&utm_campaign=api&utm_content=thumbnail
Pantai Kartini,pantai,Jawa Tengah,Jepara,-6.702778,111.342222,,https://upload.wikimedia.org/wikipedia/id/thumb/e/e8/Pantai_Kartini_Jepara_Indonesia.jpg/960px-Pantai_Kartini_Jepara_Indonesia.jpg?utm_source=id.wikipedia.org&utm_campaign=api&utm_content=thumbnail
Pantai Marina,pantai,Lampung,Lampung Selatan,-6.143889,105.856111,,
Pantai Parai Tenggiri,pantai,Sumatera Selatan,Banyuasin,-1.804309,106.128428,,https://upload.wikimedia.org/wikipedia/commons/thumb/8/8a/Pantai_Parai_Tenggiri_Bangka.jpg/960px-Pantai_Parai_Tenggiri_Bangka.jpg?utm_source=id.wikipedia.org&utm_campaign=api&utm_content=thumbnail|https://commons.wikimedia.org/wiki/Special:FilePath/Pantai%20Parai%20Tenggiri%20Bangka.jpg?width=800
Pantai Samas,pantai,Jawa Tengah,Kota Magelang,-8.004554,110.270376,,https://upload.wikimedia.org/wikipedia/commons/thumb/0/01/Pertunjukan_Jathilan.jpg/960px-Pertunjukan_Jathilan.jpg?utm_source=id.wikipedia.org&utm_campaign=api&utm_content=thumbnail
Pantai Seminyak,pantai,Bali,Badung,-8.6925,115.158611,,https://upload.wikimedia.org/wikipedia/commons/thumb/6/6d/Pantai_Seminyak_1.jpg/960px-Pantai_Seminyak_1.jpg?utm_source=id.wikipedia.org&utm_campaign=api&utm_content=thumbnail
Pantai Ujong Blang,pantai,Aceh,Kota Lhokseumawe,5.206333,97.129778,,
Pantai Widarapayung,pantai,Jawa Tengah,Cilacap,-7.696944,109.253889,,https://upload.wikimedia.org/wikipedia/commons/thumb/a/a4/Pantai_Widarapayung.jpg/960px-Pantai_Widarapayung.jpg?utm_source=id.wikipedia.org&utm_campaign=api&utm_content=thumbnail
Pantai Widuri,pantai,Jawa Tengah,Banjarnegara,-6.861724,109.377847,,https://upload.wikimedia.org/wikipedia/commons/thumb/e/ea/Senja_di_Pantai_Widuri.jpg/960px-Senja_di_Pantai_Widuri.jpg?utm_source=id.wikipedia.org&utm_campaign=api&utm_content=thumbnail|https://commons.wikimedia.org/wiki/Special:FilePath/Senja%20di%20Pantai%20Widuri.jpg?width=800
Sorake,pantai,Sumatera Utara,Nias Selatan,0.573202,97.732281,,https://upload.wikimedia.org/wikipedia/commons/thumb/e/e1/Ndulu_pantai_sorake.jpg/960px-Ndulu_pantai_sorake.jpg?utm_source=id.wikipedia.org&utm_campaign=api&utm_content=thumbnail
Pantai Kuta,pantai,Bali,Badung,-8.720833,115.169167,,https://upload.wikimedia.org/wikipedia/commons/thumb/b/bf/Pantai_Kuta_sejuta_cinta.jpg/960px-Pantai_Kuta_sejuta_cinta.jpg?utm_source=id.wikipedia.org&utm_campaign=api&utm_content=thumbnail|https://commons.wikimedia.org/wiki/Special:FilePath/Pantai%20Kuta%20sejuta%20cinta.jpg?width=800
pantai Papuma Jember,pantai,Jawa Timur,Kota Probolinggo,-8.432226,113.549211,,https://upload.wikimedia.org/wikipedia/commons/thumb/e/e3/Sunset_papuma_beach.jpg/960px-Sunset_papuma_beach.jpg?utm_source=id.wikipedia.org&utm_campaign=api&utm_content=thumbnail
Pantai Lembupurwo,pantai,Jawa Tengah,Kebumen,-7.824182,109.799501,,https://upload.wikimedia.org/wikipedia/id/thumb/1/1c/Lembupurwo_Beach.jpg/960px-Lembupurwo_Beach.jpg?utm_source=id.wikipedia.org&utm_campaign=api&utm_content=thumbnail
Pantai Panjang,pantai,Sumatera Selatan,Musi Rawas,-3.812313,102.266447,,https://upload.wikimedia.org/wikipedia/id/thumb/2/2b/Pantaipanjang_afifah.jpg/960px-Pantaipanjang_afifah.jpg?utm_source=id.wikipedia.org&utm_campaign=api&utm_content=thumbnail
Pantai Tanjung Kelayang,pantai,Sumatera Selatan,Banyuasin,-1.80004,106.121374,,https://upload.wikimedia.org/wikipedia/commons/thumb/b/bb/Kelayang_beach_Belitung_March_2014_%22_-_panoramio.jpg/960px-Kelayang_beach_Belitung_March_2014_%22_-_panoramio.jpg?utm_source=id.wikipedia.org&utm_campaign=api&utm_content=thumbnail|https://commons.wikimedia.org/wiki/Special:FilePath/Kelayang%20beach%20Belitung%20March%202014%20%22%20-%20panoramio.jpg?width=800
Pantai Air Manis,pantai,Sumatera Barat,Kota Padang,-0.991275,100.360693,,https://upload.wikimedia.org/wikipedia/commons/thumb/d/df/Pemandangan_pantai_air_manis_dari_ketinggian.jpg/960px-Pemandangan_pantai_air_manis_dari_ketinggian.jpg?utm_source=id.wikipedia.org&utm_campaign=api&utm_content=thumbnail|https://commons.wikimedia.org/wiki/Special:FilePath/Pemandangan%20pantai%20air%20manis%20dari%20ketinggian.jpg?width=800
Pantai Slili,pantai,DI Yogyakarta,Gunungkidul,-8.144971,110.602881,,https://upload.wikimedia.org/wikipedia/commons/thumb/3/38/Matahari_terbenam_di_Pantai_Slili.jpg/960px-Matahari_terbenam_di_Pantai_Slili.jpg?utm_source=id.wikipedia.org&utm_campaign=api&utm_content=thumbnail
Pantai Akkarena,pantai,Sulawesi Selatan,Kota Makassar,-5.172003,119.3886,,https://upload.wikimedia.org/wikipedia/commons/thumb/d/d4/Senja_di_Pantai_Akkarena%2C_Makassar_4.jpg/960px-Senja_di_Pantai_Akkarena%2C_Makassar_4.jpg?utm_source=id.wikipedia.org&utm_campaign=api&utm_content=thumbnail|https://commons.wikimedia.org/wiki/Special:FilePath/Senja%20di%20Pantai%20Akkarena%2C%20Makassar%204.jpg?width=800
Pantai Tiram,pantai,Sumatera Barat,Kota Pariaman,-0.719765,100.203983,,
Pantai Carolina,pantai,Sumatera Barat,Kota Padang,-1.037165,100.408204,,https://upload.wikimedia.org/wikipedia/commons/thumb/5/5f/Pantai_Carolina.jpg/960px-Pantai_Carolina.jpg?utm_source=id.wikipedia.org&utm_campaign=api&utm_content=thumbnail|https://commons.wikimedia.org/wiki/Special:FilePath/Pantai%20Carolina.jpg?width=800
Pantai Batu Karas,pantai,Jawa Barat,Pangandaran,-7.73737,108.497598,,https://upload.wikimedia.org/wikipedia/commons/thumb/3/3d/Sunrise_Batu_karas_Pangandaran.jpg/960px-Sunrise_Batu_karas_Pangandaran.jpg?utm_source=id.wikipedia.org&utm_campaign=api&utm_content=thumbnail|https://commons.wikimedia.org/wiki/Special:FilePath/Sunrise%20Batu%20karas%20Pangandaran.jpg?width=800
Pantai Pangi,pantai,Jawa Timur,Blitar,-8.312687,112.110251,,
Pantai Karang Sari Palabuhanratu,pantai,Lampung,Lampung Selatan,-6.297222,105.840278,,
Pantai Balekambang,pantai,Jawa Barat,Pangandaran,-7.692778,108.537222,,https://upload.wikimedia.org/wikipedia/commons/thumb/d/d7/Wisata-pantai-balekambang.jpg/960px-Wisata-pantai-balekambang.jpg?utm_source=id.wikipedia.org&utm_campaign=api&utm_content=thumbnail|https://commons.wikimedia.org/wiki/Special:FilePath/Balekambang%20beach%2C%20Pura%20Amarta%20Jati%20in%20the%20middle%20of%20Ismoyo%20island.jpg?width=800
Pantai Onggojoyo,pantai,Jawa Tengah,Demak,-6.783043,110.564712,,
Pantai Takisung,pantai,Kalimantan Tengah,Kota Palangka Raya,-3.86719,114.60809,,https://upload.wikimedia.org/wikipedia/commons/thumb/7/77/Pantai_Takisung%2C_Tanah_Laut.jpg/960px-Pantai_Takisung%2C_Tanah_Laut.jpg?utm_source=id.wikipedia.org&utm_campaign=api&utm_content=thumbnail
Pantai Nguyahan,pantai,DI Yogyakarta,Gunungkidul,-8.118477,110.503067,,https://upload.wikimedia.org/wikipedia/commons/thumb/a/a6/Pemandangan_Pantai_Nguyahan.jpg/960px-Pemandangan_Pantai_Nguyahan.jpg?utm_source=id.wikipedia.org&utm_campaign=api&utm_content=thumbnail|https://commons.wikimedia.org/wiki/Special:FilePath/Pemandangan%20Pantai%20Nguyahan.jpg?width=800
Pantai Boneoge,pantai,Sulawesi Tengah,Donggala,-0.672487,119.718404,,https://upload.wikimedia.org/wikipedia/commons/thumb/3/3c/Senja_di_Pantai_Boneoge_Donggala.jpg/960px-Senja_di_Pantai_Boneoge_Donggala.jpg?utm_source=id.wikipedia.org&utm_campaign=api&utm_content=thumbnail
Pantai Enabara,pantai,Nusa Tenggara Timur,Ende,-8.48315,121.843612,,
Pantai Wayob,pantai,Maluku,Kota Tual,-2.977454,132.223166,,https://upload.wikimedia.org/wikipedia/commons/thumb/0/01/Pantai_Wayob_Fakfak.jpg/960px-Pantai_Wayob_Fakfak.jpg?utm_source=id.wikipedia.org&utm_campaign=api&utm_content=thumbnail|https://commons.wikimedia.org/wiki/Special:FilePath/Sisi%20Lain%20Pantai%20Wayob%20di%20Pulau%20Panjang%20Fakfak%20%28doc.Aldi%20Bimantara%29.jpg?width=800
Pantai Kukup,pantai,DI Yogyakarta,Gunungkidul,-8.133917,110.554861,,https://upload.wikimedia.org/wikipedia/commons/thumb/c/cd/Pantai_Kukup-2.jpg/960px-Pantai_Kukup-2.jpg?utm_source=id.wikipedia.org&utm_campaign=api&utm_content=thumbnail|https://commons.wikimedia.org/wiki/Special:FilePath/Panorama%20di%20Pantai%20Kukup.jpg?width=800
Pantai Indah Modisi,pantai,Sulawesi Utara,Bolaang Mongondow Selatan,0.44848,124.431639,,
Pantai Dlodo,pantai,Jawa Timur,Tulungagung,-8.280979,111.972198,,
Parangtritis,pantai,DI Yogyakarta,Bantul,-8.016667,110.35,,https://upload.wikimedia.org/wikipedia/commons/thumb/a/a0/Rocks_%26_Sea_HDR_%26_ND_Filter_%287211127250%29.jpg/960px-Rocks_%26_Sea_HDR_%26_ND_Filter_%287211127250%29.jpg?utm_source=id.wikipedia.org&utm_campaign=api&utm_content=thumbnail
Pantai C'Beery,pantai,Papua,Jayapura,-2.613373,140.687087,,
Pantai Nirwana,pantai,Sumatera Barat,Kota Padang,-1.016707,100.390004,,https://upload.wikimedia.org/wikipedia/commons/thumb/b/b7/Pantai_Nirwana_-_Padang_15.jpg/960px-Pantai_Nirwana_-_Padang_15.jpg?utm_source=id.wikipedia.org&utm_campaign=api&utm_content=thumbnail
"Pantai Marina, Bontang",pantai,Kalimantan Timur,Kota Bontang,0.099627,117.496211,,
Pantai Kemala,pantai,Kalimantan Timur,Kota Balikpapan,-1.281058,116.81772,,https://upload.wikimedia.org/wikipedia/commons/thumb/3/3c/2016-11-15_Pantai_Kemala_Balikpapan.jpg/960px-2016-11-15_Pantai_Kemala_Balikpapan.jpg?utm_source=id.wikipedia.org&utm_campaign=api&utm_content=thumbnail|https://commons.wikimedia.org/wiki/Special:FilePath/2016-11-15%20Pantai%20Kemala%20Balikpapan.jpg?width=800
Pantai Karang Tawulan,pantai,Jawa Barat,Tasikmalaya,-7.814059,108.299779,,
Pantai Biru Kersik,pantai,Kalimantan Timur,Kutai Kartanegara,-0.062406,117.490533,,https://upload.wikimedia.org/wikipedia/commons/thumb/8/87/Pantai_Biru_Kersik_Marang_Kayu.JPG/960px-Pantai_Biru_Kersik_Marang_Kayu.JPG?utm_source=id.wikipedia.org&utm_campaign=api&utm_content=thumbnail|https://commons.wikimedia.org/wiki/Special:FilePath/Pantai%20Biru%20Kersik%20Marang%20Kayu.JPG?width=800
Pantai Buluminung,pantai,Kalimantan Timur,Penajam Paser Utara,-1.158306,116.750226,,
"Pantai Pangandaran, Sangkulirang",pantai,Kalimantan Timur,Kota Bontang,0.834667,118.017097,,
Pantai Teluk Kaba,pantai,Kalimantan Timur,Kota Bontang,0.316088,117.521074,,
Pantai Jumiang,pantai,Jawa Timur,Pamekasan,-7.232708,113.547574,,https://upload.wikimedia.org/wikipedia/commons/thumb/c/c9/Pantai_Jumiang_Kabupaten_Pamekasan_07.jpg/960px-Pantai_Jumiang_Kabupaten_Pamekasan_07.jpg?utm_source=id.wikipedia.org&utm_campaign=api&utm_content=thumbnail|https://commons.wikimedia.org/wiki/Special:FilePath/Pantai%20Jumiang%20Kabupaten%20Pamekasan%2004.jpg?width=800
Pulau Timor,pulau,Nusa Tenggara Timur,Timor Tengah Selatan,-9.712225,124.354636,,https://commons.wikimedia.org/wiki/Special:FilePath/Timor%20island2.jpg?width=800
Pulau Flores,pulau,Nusa Tenggara Timur,Ende,-8.715,121.495556,,https://commons.wikimedia.org/wiki/Special:FilePath/Bajawa.jpg?width=800
Pulau Komodo,pulau,Nusa Tenggara Timur,Manggarai Barat,-8.576942,119.451111,,https://upload.wikimedia.org/wikipedia/commons/thumb/5/5a/Komodo_Island_2009.jpg/960px-Komodo_Island_2009.jpg?utm_source=id.wikipedia.org&utm_campaign=api&utm_content=thumbnail|https://commons.wikimedia.org/wiki/Special:FilePath/Komodo%20Island%20north%20aerial.jpg?width=800
Pulau Tarakan,pulau,Kalimantan Utara,Kota Tarakan,3.362803,117.597017,,https://upload.wikimedia.org/wikipedia/commons/c/c3/Tarakan.png?utm_source=id.wikipedia.org&utm_campaign=api&utm_content=thumbnail_unscaled|https://commons.wikimedia.org/wiki/Special:FilePath/Tarakan%20Island%20Kalimantan%20.jpg?width=800
Pulau Papua,pulau,Papua,Keerom,-5.0,140.0,,https://commons.wikimedia.org/wiki/Special:FilePath/PapuaNG.png?width=800
Pulau Numfor,pulau,Papua Barat,Manokwari,-1.038256,134.888575,,
Pulau Bintan,pulau,Kepulauan Riau,Bintan,1.083331,104.490831,,https://upload.wikimedia.org/wikipedia/commons/thumb/3/30/Club-Med-Bintan-Island-11_%2828063343503%29.jpg/960px-Club-Med-Bintan-Island-11_%2828063343503%29.jpg?utm_source=id.wikipedia.org&utm_campaign=api&utm_content=thumbnail|https://commons.wikimedia.org/wiki/Special:FilePath/Sumpat%2C%20Bintan.JPG?width=800
Pulau Gunungapi,pulau,Maluku,Maluku Tengah,-4.52,129.88,,https://commons.wikimedia.org/wiki/Special:FilePath/BandaVolcano.JPG?width=800
Pulau Batanta,pulau,Maluku,Maluku Tengah,-0.859883,130.66145,,https://commons.wikimedia.org/wiki/Special:FilePath/Batanta%20Island%2C%20ID%2C%20Sentinel-2.jpg?width=800
Pulau Sebatik,pulau,Kalimantan Utara,Kota Tarakan,4.143247,117.787403,,https://upload.wikimedia.org/wikipedia/commons/thumb/5/5c/Patok_1_Perbatasan_Indonesia-Malaysia_di_Sebatik_%282%29.JPG/960px-Patok_1_Perbatasan_Indonesia-Malaysia_di_Sebatik_%282%29.JPG?utm_source=id.wikipedia.org&utm_campaign=api&utm_content=thumbnail|https://commons.wikimedia.org/wiki/Special:FilePath/Sabah%20Tawau%20CowieBay%20Sebatik.jpg?width=800
Pulau Sipora,pulau,Sumatera Barat,Pesisir Selatan,-2.187219,99.646111,,
Pulau Lembata,pulau,Nusa Tenggara Timur,Sikka,-8.404719,123.534719,,https://upload.wikimedia.org/wikipedia/commons/4/49/COLLECTIE_TROPENMUSEUM_Kleurenlitho_van_een_kerk_op_Lomblen_TMnr_5426-10.jpg?utm_source=id.wikipedia.org&utm_campaign=api&utm_content=thumbnail_unscaled|https://commons.wikimedia.org/wiki/Special:FilePath/Lembata%20island%2C%20Indonesia.jpg?width=800
Pulau Pagai Selatan,pulau,Sumatera Barat,Pesisir Selatan,-3.001389,100.331111,,
Pulau Pagai Utara,pulau,Sumatera Barat,Pesisir Selatan,-2.711389,100.091942,,
Pulau Peling,pulau,Sulawesi Tengah,Banggai,-1.580831,123.172778,,
Pulau Saparua,pulau,Maluku,Maluku Tengah,-3.554167,128.666667,,https://upload.wikimedia.org/wikipedia/commons/thumb/1/10/Ambon_and_Lease_Islands_%28Uliasers%29_en.png/960px-Ambon_and_Lease_Islands_%28Uliasers%29_en.png?utm_source=id.wikipedia.org&utm_campaign=api&utm_content=thumbnail|https://commons.wikimedia.org/wiki/Special:FilePath/Ambon%20and%20Lease%20Islands%20%28Uliasers%29%20de.png?width=800
Pulau Salawati,pulau,Maluku,Maluku Tengah,-1.096658,130.902247,,https://upload.wikimedia.org/wikipedia/commons/b/b0/Salawati_Island%2C_ID._Sentinel-2.jpg?utm_source=id.wikipedia.org&utm_campaign=api&utm_content=thumbnail_unscaled|https://commons.wikimedia.org/wiki/Special:FilePath/Salawati%20Island%2C%20ID.%20Sentinel-2.jpg?width=800
Pulau Bulan,pulau,Riau,Indragiri Hilir,0.975556,103.900556,,
Pulau Pantar,pulau,Nusa Tenggara Timur,Timor Tengah Utara,-8.421111,124.133889,,https://upload.wikimedia.org/wikipedia/commons/6/6a/Baranusa.jpg?utm_source=id.wikipedia.org&utm_campaign=api&utm_content=thumbnail_unscaled|https://commons.wikimedia.org/wiki/Special:FilePath/Nusa%20Tenggara%20Timur2.png?width=800
Pulau Haruku,pulau,Maluku,Kota Ambon,-3.568056,128.48265,,https://upload.wikimedia.org/wikipedia/commons/7/7c/ID_Haruku.PNG?utm_source=id.wikipedia.org&utm_campaign=api&utm_content=thumbnail_unscaled|https://commons.wikimedia.org/wiki/Special:FilePath/Ambon%20and%20Lease%20Islands%20%28Uliasers%29%20de.png?width=800
Pulau Buton,pulau,Sulawesi Tenggara,Muna,-5.013889,122.888331,,
Pulau Biak,pulau,Papua Barat,Manokwari,-0.945033,135.936142,,
Pulau Buano,pulau,Maluku,Kota Ambon,-2.983889,127.916942,,https://upload.wikimedia.org/wikipedia/commons/thumb/5/5d/Pulau_Boano_ISS.jpg/960px-Pulau_Boano_ISS.jpg?utm_source=id.wikipedia.org&utm_campaign=api&utm_content=thumbnail|https://commons.wikimedia.org/wiki/Special:FilePath/Pulau%20Boano%20ISS.jpg?width=800
Pulau Weh,pulau,Aceh,Kota Sabang,5.834853,95.313267,,https://upload.wikimedia.org/wikipedia/commons/0/07/Weh_Island.png?utm_source=id.wikipedia.org&utm_campaign=api&utm_content=thumbnail_unscaled|https://commons.wikimedia.org/wiki/Special:FilePath/Weh%20Island.png?width=800
Pulau Siau,pulau,Sulawesi Utara,Kepulauan Sangihe,2.729747,125.382881,,https://upload.wikimedia.org/wikipedia/commons/9/91/COLLECTIE_TROPENMUSEUM_Een_markt_op_het_eiland_Siaoe_TMnr_10005833.jpg?utm_source=id.wikipedia.org&utm_campaign=api&utm_content=thumbnail_unscaled|https://commons.wikimedia.org/wiki/Special:FilePath/Gunung%20Tamata%20%26%20Gunung%20Karangetang%20Kab.%20SITARO.jpg?width=800
Pulau Sertung,pulau,Lampung,Lampung Selatan,-6.091469,105.381758,,https://upload.wikimedia.org/wikipedia/commons/4/4f/COLLECTIE_TROPENMUSEUM_Zeegezicht_met_de_S.S._Rumphius_TMnr_10027440.jpg?utm_source=id.wikipedia.org&utm_campaign=api&utm_content=thumbnail_unscaled|https://commons.wikimedia.org/wiki/Special:FilePath/COLLECTIE%20TROPENMUSEUM%20Zeegezicht%20met%20de%20S.S.%20Rumphius%20TMnr%2010027440.jpg?width=800
Pulau Siberut,pulau,Sumatera Barat,Kota Pariaman,-1.340556,98.916389,,https://commons.wikimedia.org/wiki/Special:FilePath/Siberut%20island%20river.jpg?width=800
Pulau Yapen,pulau,Papua Barat,Manokwari,-1.757219,136.156942,,
Pulau Waigeo,pulau,Maluku,Maluku Tengah,-0.171617,130.953731,,https://upload.wikimedia.org/wikipedia/commons/thumb/c/cd/Waigeo_view-1.jpg/960px-Waigeo_view-1.jpg?utm_source=id.wikipedia.org&utm_campaign=api&utm_content=thumbnail|https://commons.wikimedia.org/wiki/Special:FilePath/Waigeo%20view-2.jpg?width=800
Pulau Banggai,pulau,Sulawesi Tengah,Banggai,-1.617219,123.548056,,
Pulau Sebuku,pulau,Lampung,Lampung Selatan,-5.878719,105.510658,,https://commons.wikimedia.org/wiki/Special:FilePath/Sebuku%20Island.jpg?width=800
Pulau Sebesi,pulau,Lampung,Lampung Selatan,-5.946669,105.487728,,https://commons.wikimedia.org/wiki/Special:FilePath/Piek%20van%20Sebesi%20in%20Straat%20Soenda.jpg?width=800
Pulau Rinca,pulau,Nusa Tenggara Timur,Manggarai Barat,-8.696667,119.691942,,https://upload.wikimedia.org/wikipedia/commons/thumb/0/0d/Rinca_Island_-_Pulau_Rinca.jpg/960px-Rinca_Island_-_Pulau_Rinca.jpg?utm_source=id.wikipedia.org&utm_campaign=api&utm_content=thumbnail|https://commons.wikimedia.org/wiki/Special:FilePath/Rinca2.jpg?width=800
Pulau Krakatau,pulau,Lampung,Lampung Selatan,-6.1525,105.444269,,https://commons.wikimedia.org/wiki/Special:FilePath/Rakata-1.JPG?width=800
Pulau Padang,pulau,Riau,Bengkalis,1.150833,102.346667,,
Pulau Alor,pulau,Nusa Tenggara Timur,Timor Tengah Utara,-8.276667,124.739442,,https://upload.wikimedia.org/wikipedia/commons/thumb/6/6b/A_Mosque_in_Alor_Island_-_panoramio.jpg/960px-A_Mosque_in_Alor_Island_-_panoramio.jpg?utm_source=id.wikipedia.org&utm_campaign=api&utm_content=thumbnail
Pulau Tebing Tinggi,pulau,Riau,Bengkalis,0.891556,102.733172,,
Pulau Cubadak,pulau,Sumatera Barat,Pesisir Selatan,-1.216667,100.388611,,https://upload.wikimedia.org/wikipedia/commons/thumb/e/e9/Paradiso_Village%2C_Cubadak_Island%2C_Sumatra%2C_Indonesia_%289717167860%29.jpg/960px-Paradiso_Village%2C_Cubadak_Island%2C_Sumatra%2C_Indonesia_%289717167860%29.jpg?utm_source=id.wikipedia.org&utm_campaign=api&utm_content=thumbnail|https://commons.wikimedia.org/wiki/Special:FilePath/Pantai%20Pulau%20Cubadak%2012.jpg?width=800
Pulau Padar Besar,pulau,Nusa Tenggara Timur,Manggarai Barat,-8.656389,119.571942,,https://commons.wikimedia.org/wiki/Special:FilePath/Pulau%20Padar%201.jpg?width=800
Pulau Bengkalis,pulau,Riau,Bengkalis,1.474769,102.294639,,https://upload.wikimedia.org/wikipedia/commons/thumb/d/d1/Pulau_Bengkalis_-_panoramio.jpg/960px-Pulau_Bengkalis_-_panoramio.jpg?utm_source=id.wikipedia.org&utm_campaign=api&utm_content=thumbnail
Pulau Buru,pulau,Maluku,Buru,-3.445831,126.632219,,
Pulau Lombok,pulau,Nusa Tenggara Barat,Kota Mataram,-8.631219,116.317556,,https://commons.wikimedia.org/wiki/Special:FilePath/Lombok%20Island%20and%20Mount%20Rinjani%20under%20clouds%2C%20Gili%20Islands%2C%20Indonesia.jpg?width=800
Pulau Bali,pulau,Bali,Buleleng,-8.356389,115.071942,,https://commons.wikimedia.org/wiki/Special:FilePath/Pura%20Taman%20Ayun%20terletak%20di%20Mengwi%2C%20Bali.jpg?width=800
Gili Air,pulau,Nusa Tenggara Barat,Lombok Utara,-8.3575,116.081389,,https://upload.wikimedia.org/wikipedia/commons/thumb/c/c5/Gili_Air_seen_from_gili_meno.jpg/960px-Gili_Air_seen_from_gili_meno.jpg?utm_source=id.wikipedia.org&utm_campaign=api&utm_content=thumbnail|https://commons.wikimedia.org/wiki/Special:FilePath/Gili%20Air%20seen%20from%20gili%20meno.jpg?width=800
Pulau Gag,pulau,Maluku,Maluku Tengah,-0.443642,129.879131,,https://commons.wikimedia.org/wiki/Special:FilePath/Karta%20ID%20RajaAmpat%20Isl.PNG?width=800
Pulau Galang,pulau,Kepulauan Riau,Kota Tanjungpinang,0.747219,104.231111,,https://commons.wikimedia.org/wiki/Special:FilePath/Galang%20Refugee%20Camp.JPG?width=800
Pulau Semau,pulau,Nusa Tenggara Timur,Kota Kupang,-10.233331,123.391667,,https://upload.wikimedia.org/wikipedia/commons/thumb/e/e2/Pemandangan_pantai_dengan_batu_karang.jpg/960px-Pemandangan_pantai_dengan_batu_karang.jpg?utm_source=id.wikipedia.org&utm_campaign=api&utm_content=thumbnail|https://commons.wikimedia.org/wiki/Special:FilePath/Nusa%20Tenggara%20Timur2.png?width=800
Pulau Kolepom,pulau,Papua,Keerom,-7.895831,138.364167,,https://upload.wikimedia.org/wikipedia/commons/thumb/1/1f/Yos_Sudarso_NASA_138.38068E_7.82292S.png/960px-Yos_Sudarso_NASA_138.38068E_7.82292S.png?utm_source=id.wikipedia.org&utm_campaign=api&utm_content=thumbnail|https://commons.wikimedia.org/wiki/Special:FilePath/Yos%20Sudarso%20NASA%20138.38068E%207.82292S.png?width=800
Pulau Madura,pulau,Jawa Timur,Sumenep,-7.042656,113.2979,,https://upload.wikimedia.org/wikipedia/commons/0/07/Labhang_Mesem.jpg?utm_source=id.wikipedia.org&utm_campaign=api&utm_content=thumbnail_unscaled|https://commons.wikimedia.org/wiki/Special:FilePath/Indahnya%20Gudang%20Kapur%20milik%20Indonesia.jpg?width=800
Pulau Morotai,pulau,Maluku Utara,Pulau Morotai,2.319167,128.466667,,
Pulau Seram,pulau,Maluku,Maluku Tengah,-3.0,129.0,,https://upload.wikimedia.org/wikipedia/commons/thumb/9/9d/Seram_en.png/960px-Seram_en.png?utm_source=id.wikipedia.org&utm_campaign=api&utm_content=thumbnail|https://commons.wikimedia.org/wiki/Special:FilePath/Seram%20de.png?width=800
Pulau Nusapenida,pulau,Bali,Klungkung,-8.733333,115.533333,,https://commons.wikimedia.org/wiki/Special:FilePath/Kelingking%20Beach%20%28T-Rex%20Bay%29%20of%20Nusa%20Penida%2C%20Bali%20%282025%29%20-%20img%2011.jpg?width=800
Gili Meno,pulau,Nusa Tenggara Barat,Lombok Utara,-8.350556,116.056942,,https://upload.wikimedia.org/wikipedia/commons/2/24/Gili_Meno_West_Coast.jpg?utm_source=id.wikipedia.org&utm_campaign=api&utm_content=thumbnail_unscaled|https://commons.wikimedia.org/wiki/Special:FilePath/Gili%20Meno%20Island%2C%20Trees%2C%20Indonesia.jpg?width=800
Gili Trawangan,pulau,Nusa Tenggara Barat,Lombok Utara,-8.350886,116.036389,,https://upload.wikimedia.org/wikipedia/commons/thumb/0/01/Boats_at_Eastern_Gili_Trawangan_Beach.jpg/960px-Boats_at_Eastern_Gili_Trawangan_Beach.jpg?utm_source=id.wikipedia.org&utm_campaign=api&utm_content=thumbnail|https://commons.wikimedia.org/wiki/Special:FilePath/Gili%20Trawangan%20from%20Gili%20Meno.jpg?width=800
Pulau Mangoli,pulau,Maluku,Buru,-1.858331,125.766667,,
Pulau Sumbawa,pulau,Nusa Tenggara Barat,Sumbawa,-8.816828,117.951478,,https://upload.wikimedia.org/wikipedia/commons/8/8c/Soembawa_kaart.jpg?utm_source=id.wikipedia.org&utm_campaign=api&utm_content=thumbnail_unscaled
Pulau Adi,pulau,Maluku,Kota Tual,-4.207,133.456,,
Pulau Adonara,pulau,Nusa Tenggara Timur,Sikka,-8.333331,123.166667,,https://upload.wikimedia.org/wikipedia/commons/thumb/e/e0/Adonara_Island_-_STS008.jpg/960px-Adonara_Island_-_STS008.jpg?utm_source=id.wikipedia.org&utm_campaign=api&utm_content=thumbnail|https://commons.wikimedia.org/wiki/Special:FilePath/Nusa%20Tenggara%20Timur2.png?width=800
Pulau Muna,pulau,Sulawesi Tenggara,Muna,-4.990278,122.521942,,
Pulau Nias,pulau,Sumatera Utara,Kota Sibolga,1.067931,97.600931,,https://commons.wikimedia.org/wiki/Special:FilePath/Nias%20Indonesien.png?width=800
Pulau Ambon,pulau,Maluku,Kota Ambon,-3.614719,128.165831,,https://upload.wikimedia.org/wikipedia/commons/thumb/7/73/USNS_Mercy_off_the_coast_of_Ambon%2C_Indonesia.jpg/960px-USNS_Mercy_off_the_coast_of_Ambon%2C_Indonesia.jpg?utm_source=id.wikipedia.org&utm_campaign=api&utm_content=thumbnail|https://commons.wikimedia.org/wiki/Special:FilePath/USNS%20Mercy%20off%20the%20coast%20of%20Ambon%2C%20Indonesia.jpg?width=800
Pulau Bunguran,pulau,Kepulauan Riau,Natuna,3.911389,108.2425,,https://commons.wikimedia.org/wiki/Special:FilePath/Mount%20Ranai%20in%20Natuna.jpg?width=800
Pulau Kuduslempeng,pulau,Banten,Kota Tangerang Selatan,-5.854142,106.622694,,
Pulau Belitung,pulau,Kepulauan Bangka Belitung,Belitung,-2.856111,107.916389,,https://commons.wikimedia.org/wiki/Special:FilePath/Tanjung%20Tinggi%20Beach.jpg?width=800
Pulau Sangiang,pulau,Lampung,Lampung Selatan,-5.9559,105.853283,,https://commons.wikimedia.org/wiki/Special:FilePath/Pulau%20sangiang.jpg?width=800
Pulau Lingga,pulau,Kepulauan Riau,Kota Tanjungpinang,-0.135556,104.6254,,https://upload.wikimedia.org/wikipedia/commons/thumb/6/60/Mount_Sepincan_from_Pancur_-_%2820240608065813%29.jpg/960px-Mount_Sepincan_from_Pancur_-_%2820240608065813%29.jpg?utm_source=id.wikipedia.org&utm_campaign=api&utm_content=thumbnail
Pulau Mandioli,pulau,Maluku,Buru,-0.716942,127.241667,,
Pulau Moyo,pulau,Nusa Tenggara Barat,Sumbawa,-8.229578,117.565064,,https://upload.wikimedia.org/wikipedia/commons/0/0a/Tambora_volc.jpg?utm_source=id.wikipedia.org&utm_campaign=api&utm_content=thumbnail_unscaled|https://commons.wikimedia.org/wiki/Special:FilePath/Tambora%20volc.jpg?width=800
Nusa Lembongan,pulau,Bali,Klungkung,-8.678889,115.45,,https://commons.wikimedia.org/wiki/Special:FilePath/Nusa%20Lembongan%20Dream%20Beach.jpg?width=800
Pulau Rupat,pulau,Riau,Kota Dumai,1.883333,101.583333,,https://upload.wikimedia.org/wikipedia/commons/thumb/b/b9/YKL_7855.jpg/960px-YKL_7855.jpg?utm_source=id.wikipedia.org&utm_campaign=api&utm_content=thumbnail
Pulau Misool,pulau,Maluku,Maluku Tengah,-1.869514,130.138089,,https://upload.wikimedia.org/wikipedia/commons/a/ac/Misool_Island%2C_ID%2C_Sentinel-2.jpg?utm_source=id.wikipedia.org&utm_campaign=api&utm_content=thumbnail_unscaled|https://commons.wikimedia.org/wiki/Special:FilePath/Fafanlap%20Village.jpg?width=800
Pulau Enggano,pulau,Bengkulu,Kaur,-5.390278,102.237778,,https://commons.wikimedia.org/wiki/Special:FilePath/Sumatra-Enggano.jpg?width=800
Pulau Samosir,pulau,Sumatera Utara,Toba,2.583333,98.816667,,https://upload.wikimedia.org/wikipedia/commons/b/b1/Toba_zoom.jpg?utm_source=id.wikipedia.org&utm_campaign=api&utm_content=thumbnail_unscaled|https://commons.wikimedia.org/wiki/Special:FilePath/HAMPARAN%20BUKIT%20DAN%20LUASNYA%20DANAU%20TOBA.jpg?width=800
Pulau Lautsa,pulau,Maluku,Maluku Tengah,-3.673331,128.784719,,https://commons.wikimedia.org/wiki/Special:FilePath/Ambon%20and%20Lease%20Islands%20%28Uliasers%29%20de.png?width=800
Pulau Supiori,pulau,Papua Barat,Manokwari,-0.728889,135.568889,,https://upload.wikimedia.org/wikipedia/commons/f/f5/ID_Supiori.PNG?utm_source=id.wikipedia.org&utm_campaign=api&utm_content=thumbnail_unscaled
Pulau Singkep,pulau,Kepulauan Riau,Kota Tanjungpinang,-0.491528,104.411358,,https://commons.wikimedia.org/wiki/Special:FilePath/Singkep%2038%20jago.jpg?width=800
Pulau Bangka,pulau,Sumatera Selatan,Banyuasin,-2.25,106.0,,https://commons.wikimedia.org/wiki/Special:FilePath/Perahu%20Nelayan%20di%20Bangka.jpg?width=800
Pulau Kasiruta,pulau,Maluku,Buru,-0.388889,127.194442,,https://upload.wikimedia.org/wikipedia/commons/b/be/COLLECTIE_TROPENMUSEUM_Alfoerse_damar_halers_van_Halmahera_in_kampong_Palamea_Batjan_TMnr_10012876.jpg?utm_source=id.wikipedia.org&utm_campaign=api&utm_content=thumbnail_unscaled|https://commons.wikimedia.org/wiki/Special:FilePath/ID%20Kasiruta.PNG?width=800
Pulau Rempang,pulau,Kepulauan Riau,Kota Batam,0.869719,104.153331,,https://commons.wikimedia.org/wiki/Special:FilePath/Jembatan%20Barelang%20Batam.jpg?width=800
Pulau Komolom,pulau,Papua,Keerom,-8.278178,138.746172,,https://upload.wikimedia.org/wikipedia/commons/thumb/1/10/Yos_Sudarso_SE_txu-oclc-6552576-sc54-1.jpg/960px-Yos_Sudarso_SE_txu-oclc-6552576-sc54-1.jpg?utm_source=id.wikipedia.org&utm_campaign=api&utm_content=thumbnail|https://commons.wikimedia.org/wiki/Special:FilePath/Yos%20Sudarso%20SE%20txu-oclc-6552576-sc54-1.jpg?width=800
Pulau Manuk,pulau,Banten,Kota Tangerang Selatan,-7.184133,106.442533,,
Pulau Mega,pulau,Bengkulu,Kota Bengkulu,-4.007219,101.045278,,https://upload.wikimedia.org/wikipedia/commons/thumb/7/7e/Mega_Island.png/960px-Mega_Island.png?utm_source=id.wikipedia.org&utm_campaign=api&utm_content=thumbnail
Nusa Ceningan,pulau,Bali,Klungkung,-8.7,115.451389,,https://upload.wikimedia.org/wikipedia/commons/thumb/d/de/NusaCeningan2009.jpg/960px-NusaCeningan2009.jpg?utm_source=id.wikipedia.org&utm_campaign=api&utm_content=thumbnail|https://commons.wikimedia.org/wiki/Special:FilePath/NusaCeningan2009.jpg?width=800
Pulau Mursala,pulau,Aceh,Aceh Tenggara,1.6375,98.525831,,https://commons.wikimedia.org/wiki/Special:FilePath/Waterfall%20from%20Mursala%20Island%20Flowing%20Directly%20to%20Sea.jpg?width=800
Pulau Nusabarong,pulau,Jawa Timur,Kota Probolinggo,-8.480756,113.334567,,
Pulau Pini,pulau,Sumatera Utara,Kota Padangsidimpuan,0.128889,98.700556,,
Pulau Nusakambangan,pulau,Jawa Tengah,Cilacap,-7.726619,108.862403,,https://upload.wikimedia.org/wikipedia/commons/thumb/6/68/West_end_of_Karang_Bolong%2C_Nusakembangan%2C_Cilacap_2015-03-21.jpg/960px-West_end_of_Karang_Bolong%2C_Nusakembangan%2C_Cilacap_2015-03-21.jpg?utm_source=id.wikipedia.org&utm_campaign=api&utm_content=thumbnail
Pulau Kundur,pulau,Riau,Indragiri Hilir,0.735556,103.427778,,https://upload.wikimedia.org/wikipedia/commons/thumb/e/ea/Pantai_Pulau_Kundur_-_panoramio.jpg/960px-Pantai_Pulau_Kundur_-_panoramio.jpg?utm_source=id.wikipedia.org&utm_campaign=api&utm_content=thumbnail
Pulau Laut,pulau,Kalimantan Selatan,Kotabaru,-3.6675,116.166111,,
Pulau Owi,pulau,Papua Barat,Manokwari,-1.242056,136.208667,,
Pulau Menjangan,pulau,Jawa Timur,Banyuwangi,-8.095831,114.515278,,https://upload.wikimedia.org/wikipedia/commons/thumb/e/e5/Pantai_di_Pulau_Menjangan_-_TN_Bali_Barat.jpg/960px-Pantai_di_Pulau_Menjangan_-_TN_Bali_Barat.jpg?utm_source=id.wikipedia.org&utm_campaign=api&utm_content=thumbnail|https://commons.wikimedia.org/wiki/Special:FilePath/Menjangan%20Island%20from%20the%20air.jpg?width=800
Pulau Panaitan,pulau,Banten,Pandeglang,-6.591267,105.209033,,https://upload.wikimedia.org/wikipedia/commons/thumb/4/4a/One_Palm_Point%2C_Panaitan_Island.JPG/960px-One_Palm_Point%2C_Panaitan_Island.JPG?utm_source=id.wikipedia.org&utm_campaign=api&utm_content=thumbnail|https://commons.wikimedia.org/wiki/Special:FilePath/Lovely%20Sunset%20Panaitan%20Island%20-%20panoramio.jpg?width=800
Pulau Panjang,pulau,Lampung,Lampung Selatan,-6.091328,105.457808,,
Pulau Bunaken,pulau,Sulawesi Utara,Kota Manado,1.622986,124.765242,,https://upload.wikimedia.org/wikipedia/commons/thumb/6/6c/Bunaken3.jpg/960px-Bunaken3.jpg?utm_source=id.wikipedia.org&utm_campaign=api&utm_content=thumbnail|https://commons.wikimedia.org/wiki/Special:FilePath/Bunaken2.jpg?width=800
Pulau Anak Krakatau,pulau,Lampung,Lampung Selatan,-6.097919,105.426364,,https://upload.wikimedia.org/wikipedia/commons/thumb/2/22/Anak_krakatau_sebelum_tsunami.jpg/960px-Anak_krakatau_sebelum_tsunami.jpg?utm_source=id.wikipedia.org&utm_campaign=api&utm_content=thumbnail|https://commons.wikimedia.org/wiki/Special:FilePath/Indonesia%2C%20Sunda%20Straits.jpg?width=800
Gili Motang,pulau,Nusa Tenggara Timur,Manggarai Barat,-8.807778,119.786942,,https://commons.wikimedia.org/wiki/Special:FilePath/Komodo%20National%20Park%202000-07-20%20ASTER.jpg?width=800
Pulau Raya,pulau,Aceh,Kota Banda Aceh,4.87,95.378889,,https://commons.wikimedia.org/wiki/Special:FilePath/COLLECTIE%20TROPENMUSEUM%20Gezicht%20op%20Poeloraja%20TMnr%2060038954.jpg?width=800
Pulau Halmahera,pulau,Maluku Utara,Kota Ternate,0.698056,127.841111,,https://commons.wikimedia.org/wiki/Special:FilePath/Halmahera%20Island%2C%20North%20Maluku%2C%20Indonesia%204.jpg?width=800
Pulau Sumba,pulau,Nusa Tenggara Timur,Sumba Timur,-9.728331,120.001111,,https://commons.wikimedia.org/wiki/Special:FilePath/Waingapu.JPG?width=800
Pulau Rote,pulau,Nusa Tenggara Timur,Rote Ndao,-10.743611,123.118331,,https://upload.wikimedia.org/wikipedia/commons/thumb/d/d9/Rote_%28Island%29_123.05527E_10.71620S.png/960px-Rote_%28Island%29_123.05527E_10.71620S.png?utm_source=id.wikipedia.org&utm_campaign=api&utm_content=thumbnail|https://commons.wikimedia.org/wiki/Special:FilePath/Rote%20%28Island%29%20123.05527E%2010.71620S.png?width=800
Pulau Karakelang,pulau,Sulawesi Utara,Kepulauan Talaud,4.306992,126.806792,,https://upload.wikimedia.org/wikipedia/commons/thumb/9/96/UvA-BC_300.223_-_Siboga_-_Beo_op_het_eiland_Karakelang.jpg/960px-UvA-BC_300.223_-_Siboga_-_Beo_op_het_eiland_Karakelang.jpg?utm_source=id.wikipedia.org&utm_campaign=api&utm_content=thumbnail|https://commons.wikimedia.org/wiki/Special:FilePath/UvA-BC%20300.223%20-%20Siboga%20-%20Beo%20op%20het%20eiland%20Karakelang.jpg?width=800
Pulau Nyamuk Besar,pulau,DKI Jakarta,Jakarta Utara,-6.031389,106.850833,,
Pulau Bisa,pulau,Maluku,Buru,-1.225833,127.581111,,
Pulau Selayar,pulau,Sulawesi Selatan,Selayar,-6.09,120.5,,https://commons.wikimedia.org/wiki/Special:FilePath/Pulau%20Selayar%2C%20fishing%20boat%20%286822982688%29.jpg?width=800
Nusa Kode Besarsa,pulau,Nusa Tenggara Timur,Manggarai Barat,-8.8,119.65,,https://commons.wikimedia.org/wiki/Special:FilePath/Komodo%20National%20Park%202000-07-20%20ASTER.jpg?width=800
Pulau Ayer Besar,pulau,Banten,Kota Serang,-5.770556,106.56,,
Pulau Ndao,pulau,Nusa Tenggara Timur,Rote Ndao,-10.812219,122.663889,,https://upload.wikimedia.org/wikipedia/commons/f/f0/Ndao.PNG?utm_source=id.wikipedia.org&utm_campaign=api&utm_content=thumbnail_unscaled|https://commons.wikimedia.org/wiki/Special:FilePath/Ndao.PNG?width=800
Pulau Unauna,pulau,Sulawesi Tengah,Banggai,-0.171942,121.609442,,https://commons.wikimedia.org/wiki/Special:FilePath/Una-Una%20seen%20from%20the%20boat.jpg?width=800
Pulau Rengit,pulau,Kepulauan Bangka Belitung,Belitung,-2.943039,107.521942,,
Pulau Breueh,pulau,Aceh,Kota Banda Aceh,5.701944,95.076944,,https://upload.wikimedia.org/wikipedia/commons/3/3a/Pulau_Aceh.jpg?utm_source=id.wikipedia.org&utm_campaign=api&utm_content=thumbnail_unscaled
Pulau Wawonii,pulau,Sulawesi Tenggara,Kota Kendari,-4.113889,123.102219,,https://upload.wikimedia.org/wikipedia/commons/thumb/a/a5/Pantai_Kampa_-_Wawonii.jpg/960px-Pantai_Kampa_-_Wawonii.jpg?utm_source=id.wikipedia.org&utm_campaign=api&utm_content=thumbnail|https://commons.wikimedia.org/wiki/Special:FilePath/Pulau%20wawonii%203.jpg?width=800
Pulau Palue,pulau,Nusa Tenggara Timur,Ende,-8.325,121.711667,,https://commons.wikimedia.org/wiki/Special:FilePath/Paluweh.jpg?width=800
Pulau Solor,pulau,Nusa Tenggara Timur,Sikka,-8.476389,122.983889,,https://upload.wikimedia.org/wikipedia/commons/thumb/d/d1/Fortaleza_de_Solor.jpg/960px-Fortaleza_de_Solor.jpg?utm_source=id.wikipedia.org&utm_campaign=api&utm_content=thumbnail|https://commons.wikimedia.org/wiki/Special:FilePath/ID%20-%20Solor.PNG?width=800
Pulau Sabu,pulau,Nusa Tenggara Timur,Rote Ndao,-10.542219,121.846667,,https://upload.wikimedia.org/wikipedia/commons/thumb/0/01/Kelabba_Maja_Sabu_Raijua.jpg/960px-Kelabba_Maja_Sabu_Raijua.jpg?utm_source=id.wikipedia.org&utm_campaign=api&utm_content=thumbnail|https://commons.wikimedia.org/wiki/Special:FilePath/Nusa%20Tenggara%20Timur2.png?width=800
Pulau Kayoa,pulau,Maluku Utara,Halmahera Selatan,0.052219,127.435278,,https://commons.wikimedia.org/wiki/Special:FilePath/Maluku%20Islands%20en.png?width=800
Pulau Obimayor,pulau,Maluku,Buru,-1.533889,127.779167,,
Pulau Rani,pulau,Papua Barat,Manokwari,-0.95515,135.500453,,
Pulau Mansinam,pulau,Papua Barat,Manokwari,-0.901825,134.101675,,https://upload.wikimedia.org/wikipedia/commons/thumb/f/f9/Mansinam_Jesus_Statue.jpg/960px-Mansinam_Jesus_Statue.jpg?utm_source=id.wikipedia.org&utm_campaign=api&utm_content=thumbnail|https://commons.wikimedia.org/wiki/Special:FilePath/Museum%20Pekabaran%20Injil%20Mansinam.jpg?width=800
Pulau Neira,pulau,Maluku,Maluku Tengah,-4.512219,129.903,,https://commons.wikimedia.org/wiki/Special:FilePath/Banda%20Neira%201724.jpg?width=800
Pulau Biaro,pulau,Sulawesi Utara,Kota Bitung,2.1,125.366667,,https://upload.wikimedia.org/wikipedia/commons/thumb/5/54/Biaro_231020164694.jpg/960px-Biaro_231020164694.jpg?utm_source=id.wikipedia.org&utm_campaign=api&utm_content=thumbnail|https://commons.wikimedia.org/wiki/Special:FilePath/Pulau%20Biaro.jpg?width=800
Pulau Peucang,pulau,Banten,Pandeglang,-6.740544,105.257383,,https://upload.wikimedia.org/wikipedia/commons/thumb/9/93/1975-7-8_Pulau_Peucang_-_mooi_wit_strand.jpg/960px-1975-7-8_Pulau_Peucang_-_mooi_wit_strand.jpg?utm_source=id.wikipedia.org&utm_campaign=api&utm_content=thumbnail|https://commons.wikimedia.org/wiki/Special:FilePath/Indonesie%20-%20Pulau%20Peucang.jpg?width=800
Pulau Lembeh,pulau,Sulawesi Utara,Kota Bitung,1.421969,125.231303,,https://upload.wikimedia.org/wikipedia/commons/thumb/a/a9/Lembeh_Island_view_from_Port_of_Bitung.JPG/960px-Lembeh_Island_view_from_Port_of_Bitung.JPG?utm_source=id.wikipedia.org&utm_campaign=api&utm_content=thumbnail|https://commons.wikimedia.org/wiki/Special:FilePath/Lembeh%20Island%20view%20from%20Port%20of%20Bitung.JPG?width=800
Pulau Wangiwangi,pulau,Sulawesi Tenggara,Wakatobi,-5.3027,123.5788,,https://upload.wikimedia.org/wikipedia/commons/thumb/1/1c/Bajo_Village%2C_Wakatobi.jpg/960px-Bajo_Village%2C_Wakatobi.jpg?utm_source=id.wikipedia.org&utm_campaign=api&utm_content=thumbnail|https://commons.wikimedia.org/wiki/Special:FilePath/Wisata%20Goa%20Air%20Kontamale%2C%20Wanci%2C%20Pulau%20Wangi-Wangi.jpg?width=800
Pulau Manado Tua,pulau,Sulawesi Utara,Kota Manado,1.6351,124.6948,,https://upload.wikimedia.org/wikipedia/commons/thumb/8/85/Pulau_Manado_Tua.jpg/960px-Pulau_Manado_Tua.jpg?utm_source=id.wikipedia.org&utm_campaign=api&utm_content=thumbnail|https://commons.wikimedia.org/wiki/Special:FilePath/Manado%20Sua.JPG?width=800
Pulau Sapudi,pulau,Jawa Timur,Sumenep,-7.110989,114.329844,,https://commons.wikimedia.org/wiki/Special:FilePath/COLLECTIE%20TROPENMUSEUM%20Visverkoop%20op%20het%20eiland%20Sapudi%20ten%20oosten%20van%20Madura%20TMnr%2010002730.jpg?width=800
Pulau Sekatung,pulau,Kepulauan Riau,Natuna,4.788769,108.012389,,https://upload.wikimedia.org/wikipedia/commons/thumb/5/5f/Burung_Pantai%2C_Pulau_Sekatung%2C_Kepulauan_Riau%2C_11022015.jpg/960px-Burung_Pantai%2C_Pulau_Sekatung%2C_Kepulauan_Riau%2C_11022015.jpg?utm_source=id.wikipedia.org&utm_campaign=api&utm_content=thumbnail
Pulau Sempu,pulau,Jawa Timur,Kota Malang,-8.444875,112.698183,,https://upload.wikimedia.org/wikipedia/commons/thumb/a/a8/Pulau_Sempu.jpg/960px-Pulau_Sempu.jpg?utm_source=id.wikipedia.org&utm_campaign=api&utm_content=thumbnail|https://commons.wikimedia.org/wiki/Special:FilePath/Pulau%20Sempu.jpg?width=800
Pulau Tagulandang,pulau,Sulawesi Utara,Kota Bitung,2.345817,125.418947,,https://upload.wikimedia.org/wikipedia/commons/0/0b/COLLECTIE_TROPENMUSEUM_Hut_langs_een_baai_op_Poelau_Tahoelandang_TMnr_10018034.jpg?utm_source=id.wikipedia.org&utm_campaign=api&utm_content=thumbnail_unscaled|https://commons.wikimedia.org/wiki/Special:FilePath/COLLECTIE%20TROPENMUSEUM%20Hut%20langs%20een%20baai%20op%20Poelau%20Tahoelandang%20TMnr%2010018034.jpg?width=800
Pulau Tinjil,pulau,Banten,Pandeglang,-6.962211,105.793217,,https://commons.wikimedia.org/wiki/Special:FilePath/COLLECTIE%20TROPENMUSEUM%20Mannen%20bij%20een%20hut%20op%20het%20strand%20van%20Trouwers-eiland%20%28Poelau%20Tindjil%29%20TMnr%2060044113.jpg?width=800
Pulau Deli,pulau,Banten,Pandeglang,-7.006378,105.545161,,https://commons.wikimedia.org/wiki/Special:FilePath/Pemanfaatan%20Pulau%20Deli.jpg?width=800
Pulau Yerui,pulau,Papua Barat,Manokwari,-1.511389,135.215278,,
Pulau Babi,pulau,Nusa Tenggara Timur,Sikka,-8.423333,122.508889,,
Pulau Mare,pulau,Sulawesi Utara,Kota Bitung,0.574056,127.397164,,https://upload.wikimedia.org/wikipedia/commons/thumb/7/7f/Beach_on_the_Southern_Coast_of_Pulau_Tidore%2C_The_Moluccas_%28Maluku%29_%2815176607076%29.jpg/960px-Beach_on_the_Southern_Coast_of_Pulau_Tidore%2C_The_Moluccas_%28Maluku%29_%2815176607076%29.jpg?utm_source=id.wikipedia.org&utm_campaign=api&utm_content=thumbnail|https://commons.wikimedia.org/wiki/Special:FilePath/Beach%20on%20the%20Southern%20Coast%20of%20Pulau%20Tidore%2C%20The%20Moluccas%20%28Maluku%29%20%2815176607076%29.jpg?width=800
Pulau Karimun Anak,pulau,Riau,Bengkalis,1.144442,103.395278,,
Pulau Simeulue,pulau,Aceh,Simeulue,2.611667,96.095831,,https://commons.wikimedia.org/wiki/Special:FilePath/Busung-Gusong%20Bay-Simeulue-Indonesia-8-Apr-2005.jpg?width=800
Pulau Tuangku,pulau,Aceh,Aceh Tenggara,2.180556,97.271111,,
Pulau Bangkaru,pulau,Aceh,Simeulue,2.069719,97.115831,,https://upload.wikimedia.org/wikipedia/commons/thumb/1/18/Lokasi_Pantai_Amandangan.jpg/960px-Lokasi_Pantai_Amandangan.jpg?utm_source=id.wikipedia.org&utm_campaign=api&utm_content=thumbnail
Pulau Kakaban,pulau,Kalimantan Timur,Berau,2.144317,118.536244,,https://commons.wikimedia.org/wiki/Special:FilePath/Stingless%20jellyfish.jpg?width=800
Pulau Batam,pulau,Riau,Indragiri Hilir,1.0875,104.019719,,https://commons.wikimedia.org/wiki/Special:FilePath/Jodoh%20Nagoya%20-%20Panoramio%20109914890.jpg?width=800
Pulau Biawak,pulau,Jawa Barat,Kota Cirebon,-5.929722,108.38,,https://commons.wikimedia.org/wiki/Special:FilePath/Biawak%202019-09-09%20Sentinel%202%20SR.jpg?width=800
Pulau Ndana,pulau,Nusa Tenggara Timur,Rote Ndao,-10.982219,122.863611,,https://upload.wikimedia.org/wikipedia/commons/thumb/c/ce/Rote_Island_en.png/960px-Rote_Island_en.png?utm_source=id.wikipedia.org&utm_campaign=api&utm_content=thumbnail|https://commons.wikimedia.org/wiki/Special:FilePath/Rote%20Island%20de.png?width=800
Pulau Legundi,pulau,Lampung,Lampung Selatan,-5.822819,105.2772,,
Pulau Medang,pulau,Nusa Tenggara Barat,Sumbawa,-8.138725,117.389539,,
Pulau Nunukan,pulau,Kalimantan Utara,Kota Tarakan,4.063786,117.664853,,https://commons.wikimedia.org/wiki/Special:FilePath/COLLECTIE%20TROPENMUSEUM%20Een%20maskerdans%20te%20Nunukan%20%28Borneo%29%20met%20Europese%20invloeden%20TMnr%2010003432.jpg?width=800
Pulau Tabuan,pulau,Lampung,Tanggamus,-5.804442,104.82,,
Pulau Simeulue Cut,pulau,Aceh,Simeulue,2.534167,95.940556,,https://upload.wikimedia.org/wikipedia/commons/b/b0/Dermaga_Simeulue_Cut.jpg?utm_source=id.wikipedia.org&utm_campaign=api&utm_content=thumbnail_unscaled|https://commons.wikimedia.org/wiki/Special:FilePath/Dermaga%20Simeulue%20Cut.jpg?width=800
Pulau Ngekel,pulau,Jawa Timur,Ponorogo,-8.406614,111.708739,,
Pulau Niau,pulau,Sumatera Barat,Pesisir Selatan,-1.863889,99.086111,,
Pulau Talatakoh,pulau,Sulawesi Tengah,Banggai,-0.361767,122.105069,,
Pulau Manggudu,pulau,Nusa Tenggara Timur,Sumba Timur,-10.330278,120.1175,,https://commons.wikimedia.org/wiki/Special:FilePath/Karte%20Pulau%20Sumba.jpg?width=800
Pulau Mantehage,pulau,Sulawesi Utara,Kota Manado,1.714308,124.759011,,
Pulau Nain Besar,pulau,Sulawesi Utara,Kota Manado,1.785314,124.792969,,
Pulau Ngali,pulau,Nusa Tenggara Barat,Sumbawa,-8.53125,117.730678,,
Pulau Padamarang,pulau,Sulawesi Selatan,Soppeng,-4.131203,121.417778,,https://upload.wikimedia.org/wikipedia/commons/thumb/f/f4/Pulau_Padamarang.jpg/960px-Pulau_Padamarang.jpg?utm_source=id.wikipedia.org&utm_campaign=api&utm_content=thumbnail|https://commons.wikimedia.org/wiki/Special:FilePath/Pelabuhan%20bersandar%20Padamarang.jpg?width=800
Pulau Pemana Besar,pulau,Nusa Tenggara Timur,Sikka,-8.360833,122.303333,,
Pulau Pasir,pulau,Nusa Tenggara Timur,Kota Kupang,-10.304,123.417,,
Pulau Pasi,pulau,Sulawesi Selatan,Selayar,-6.17,120.41,,https://upload.wikimedia.org/wikipedia/commons/thumb/d/d5/An_Untouched_Beach_on_Pulau_Pasi%2C_Selayar_Island%2C_Sulawesi_%2815186231755%29.jpg/960px-An_Untouched_Beach_on_Pulau_Pasi%2C_Selayar_Island%2C_Sulawesi_%2815186231755%29.jpg?utm_source=id.wikipedia.org&utm_campaign=api&utm_content=thumbnail|https://commons.wikimedia.org/wiki/Special:FilePath/Pantai%20Liang%20Kareta%2C%20Pulau%20Pasi%2C%20Selayar%20Island%20%2815177756451%29.jpg?width=800
Pulau Pasitanete,pulau,Sulawesi Selatan,Bulukumba,-5.747333,120.483425,,https://upload.wikimedia.org/wikipedia/id/f/f5/IMG00174-20120126-1011.jpg?utm_source=id.wikipedia.org&utm_campaign=api&utm_content=thumbnail_unscaled
Pulau Ra'as,pulau,Jawa Timur,Sumenep,-7.136164,114.547589,,
Pulau Kadatua,pulau,Sulawesi Tenggara,Kota Bau-Bau,-5.531389,122.494167,,
Pulau Kaget,pulau,Kalimantan Tengah,Kota Palangka Raya,-3.415278,114.505278,,
Pulau Kadidiri,pulau,Sulawesi Tengah,Banggai,-0.3591,121.8468,,https://upload.wikimedia.org/wikipedia/commons/thumb/0/02/Kadidiri%2C_morning_view_%286972093459%29.jpg/960px-Kadidiri%2C_morning_view_%286972093459%29.jpg?utm_source=id.wikipedia.org&utm_campaign=api&utm_content=thumbnail|https://commons.wikimedia.org/wiki/Special:FilePath/Kadidiri%2C%20morning%20view%20%286972093459%29.jpg?width=800
Pulau Kaledupa,pulau,Sulawesi Tenggara,Wakatobi,-5.525556,123.759167,,https://upload.wikimedia.org/wikipedia/commons/thumb/8/86/Desa_Mantigola_20191201-103153_kald.jpg/960px-Desa_Mantigola_20191201-103153_kald.jpg?utm_source=id.wikipedia.org&utm_campaign=api&utm_content=thumbnail
Pulau Kapota,pulau,Sulawesi Tenggara,Wakatobi,-5.352781,123.493606,,
Pulau Kemaro,pulau,Jambi,Kota Jambi,-2.979442,104.821111,,https://upload.wikimedia.org/wikipedia/id/thumb/8/89/PulauKemaro.jpg/960px-PulauKemaro.jpg?utm_source=id.wikipedia.org&utm_campaign=api&utm_content=thumbnail
Pulau Kembang,pulau,Kalimantan Tengah,Kota Palangka Raya,-3.306389,114.560831,,https://upload.wikimedia.org/wikipedia/commons/thumb/f/fd/Kera_Ekor_Panjang_Pulau_Kembang%2C_Alalak%2C_Barito_Kuala%2C_26062017.jpg/960px-Kera_Ekor_Panjang_Pulau_Kembang%2C_Alalak%2C_Barito_Kuala%2C_26062017.jpg?utm_source=id.wikipedia.org&utm_campaign=api&utm_content=thumbnail|https://commons.wikimedia.org/wiki/Special:FilePath/Warik%20pulau%20kambang.jpg?width=800
Pulau Kepala,pulau,Kepulauan Riau,Natuna,2.643844,109.166169,,
Pulau Labengki Besar,pulau,Sulawesi Tengah,Banggai,-3.456667,122.429167,,
Pulau Laag,pulau,Papua,Sarmi,-5.344983,137.737731,,
Pulau Gili Genting,pulau,Jawa Timur,Sumenep,-7.195061,113.908714,,
Pulau Alalak,pulau,Kalimantan Tengah,Kota Palangka Raya,-3.267778,114.5639,,https://upload.wikimedia.org/wikipedia/commons/thumb/1/11/Pulau_Sugara%2C_Barito_Kuala.jpg/960px-Pulau_Sugara%2C_Barito_Kuala.jpg?utm_source=id.wikipedia.org&utm_campaign=api&utm_content=thumbnail
Pulau Tapak Arifin,pulau,Bengkulu,Kota Bengkulu,-3.424364,101.897683,,
Pulau Aur,pulau,Kepulauan Bangka Belitung,Belitung,-2.994769,107.231839,,
Pulau Bawulu,pulau,Sulawesi Tenggara,Kota Kendari,-3.557778,122.314442,,
Pulau Bakut,pulau,Kalimantan Tengah,Kota Palangka Raya,-3.215831,114.558331,,
Pulau Battoa,pulau,Sulawesi Tengah,Poso,-3.476389,119.366942,,
Pulau Batu Legundi Balak,pulau,Lampung,Lampung Selatan,-5.837456,105.286719,,
Pulau Batu Mandi (Rokan Hilir),pulau,Sumatera Utara,Kota Tanjungbalai,2.886417,100.575611,,
Pulau Batu Meanaq Bakengkeng,pulau,Sulawesi Tengah,Kota Palu,-2.471039,119.118311,,
Pulau Labobo,pulau,Sulawesi Tengah,Banggai,-1.730278,123.328611,,
Pulau Liang,pulau,Nusa Tenggara Barat,Sumbawa,-8.490358,117.661431,,
Pulau Liki,pulau,Papua,Sarmi,-1.605753,138.727739,,
Pulau Maitara,pulau,Sulawesi Utara,Kota Bitung,0.732219,127.371111,,https://upload.wikimedia.org/wikipedia/commons/thumb/4/4e/Pulau_Maitara.jpg/960px-Pulau_Maitara.jpg?utm_source=id.wikipedia.org&utm_campaign=api&utm_content=thumbnail|https://commons.wikimedia.org/wiki/Special:FilePath/Pulau%20Maitara.jpg?width=800
Pulau Makalehi,pulau,Sulawesi Utara,Kepulauan Sangihe,2.735461,125.1697,,https://upload.wikimedia.org/wikipedia/commons/thumb/b/b3/Pulau_Makalehi.jpg/960px-Pulau_Makalehi.jpg?utm_source=id.wikipedia.org&utm_campaign=api&utm_content=thumbnail
Pulau Mangkai,pulau,Kepulauan Riau,Kepulauan Anambas,3.086667,105.596944,,
Pulau Bangkurung,pulau,Sulawesi Tengah,Banggai,-1.827219,123.098889,,
Pulau Bunyu,pulau,Kalimantan Utara,Kota Tarakan,3.526056,117.817219,,https://upload.wikimedia.org/wikipedia/commons/e/ea/COLLECTIE_TROPENMUSEUM_Een_boring_van_de_B.P.M._op_het_eiland_Bunju_TMnr_10006870.jpg?utm_source=id.wikipedia.org&utm_campaign=api&utm_content=thumbnail_unscaled
Pulau Cilik,pulau,Jawa Tengah,Jepara,-6.652735,111.311155,,https://upload.wikimedia.org/wikipedia/commons/thumb/d/db/Jernihnya_air_di_Pulau_Cilik_di_Kawasan_Taman_Nasional_Karimunjawa.jpg/960px-Jernihnya_air_di_Pulau_Cilik_di_Kawasan_Taman_Nasional_Karimunjawa.jpg?utm_source=id.wikipedia.org&utm_campaign=api&utm_content=thumbnail
Pulau Dompak,pulau,Kepulauan Riau,Kota Tanjungpinang,0.876667,104.450831,,
Pulau Hoga,pulau,Sulawesi Tenggara,Wakatobi,-5.466389,123.771403,,
Pulau Kabaena,pulau,Sulawesi Selatan,Selayar,-5.25,121.916667,,
Pulau Rakit,pulau,Nusa Tenggara Barat,Sumbawa,-8.642103,117.987442,,
Pulau Rantauan Keliling,pulau,Kalimantan Tengah,Kota Palangka Raya,-3.332985,114.586595,,https://upload.wikimedia.org/wikipedia/commons/c/ce/COLLECTIE_TROPENMUSEUM_Oprit_naar_een_Rooms-Katholieke_Hollands-Chinese_meisjesschool_in_Bandjermasin_TMnr_60051435.jpg?utm_source=id.wikipedia.org&utm_campaign=api&utm_content=thumbnail_unscaled
Pulau Rusa,pulau,Nusa Tenggara Timur,Timor Tengah Utara,-8.388611,123.823056,,
Pulau Salaut Besar,pulau,Aceh,Simeulue,2.973331,95.394167,,
Pulau Salibabu,pulau,Sulawesi Utara,Kepulauan Talaud,3.922869,126.686939,,https://commons.wikimedia.org/wiki/Special:FilePath/COLLECTIE%20TROPENMUSEUM%20Bos%20op%20de%20Gunung%20Ajambana%20TMnr%2010012526.jpg?width=800
Pulau Bokan Besar,pulau,Sulawesi Tenggara,Kota Kendari,-1.968056,123.8175,,
Pulau Bokan Kecil,pulau,Sulawesi Tenggara,Kota Kendari,-2.048611,123.870556,,
Pulau Talaga Balano,pulau,Sulawesi Selatan,Selayar,-5.508056,122.031942,,
Pulau Tidore,pulau,Sulawesi Utara,Kota Bitung,0.686389,127.410831,,https://upload.wikimedia.org/wikipedia/commons/thumb/6/6b/Tidore_Island_Indonesia_Daytime.jpg/960px-Tidore_Island_Indonesia_Daytime.jpg?utm_source=id.wikipedia.org&utm_campaign=api&utm_content=thumbnail|https://commons.wikimedia.org/wiki/Special:FilePath/Tidore%20Island%20Indonesia%20Daytime.jpg?width=800
Pulau Walea Besar,pulau,Sulawesi Tengah,Banggai,-0.255278,122.312778,,
Pulau Walea Kodi,pulau,Sulawesi Tengah,Banggai,-0.261944,122.195644,,
Pulau Wunga,pulau,Sumatera Utara,Kota Sibolga,1.2275,97.086389,,
Pulau Moti,pulau,Sulawesi Utara,Kota Bitung,0.456942,127.410831,,https://upload.wikimedia.org/wikipedia/commons/thumb/c/c1/Pulau_Moti.jpg/960px-Pulau_Moti.jpg?utm_source=id.wikipedia.org&utm_campaign=api&utm_content=thumbnail|https://commons.wikimedia.org/wiki/Special:FilePath/Pulau%20Moti.jpg?width=800
Pulau Nasi,pulau,Aceh,Kota Banda Aceh,5.6234,95.1521,,https://upload.wikimedia.org/wikipedia/commons/3/3a/Pulau_Aceh.jpg?utm_source=id.wikipedia.org&utm_campaign=api&utm_content=thumbnail_unscaled
Pulau Satonda,pulau,Nusa Tenggara Barat,Sumbawa,-8.104267,117.745958,,https://upload.wikimedia.org/wikipedia/commons/thumb/5/5d/SatondaGeneralView.JPG/960px-SatondaGeneralView.JPG?utm_source=id.wikipedia.org&utm_campaign=api&utm_content=thumbnail|https://commons.wikimedia.org/wiki/Special:FilePath/SatondaGeneralView.JPG?width=800
Pulau Tanajampea,pulau,Sulawesi Selatan,Selayar,-7.086389,120.683331,,
Pulau Subi Kecil,pulau,Kepulauan Riau,Natuna,3.031667,108.856942,,
Pulau Nuse,pulau,Nusa Tenggara Timur,Rote Ndao,-10.78,122.768331,,https://upload.wikimedia.org/wikipedia/commons/thumb/c/ce/Rote_Island_en.png/960px-Rote_Island_en.png?utm_source=id.wikipedia.org&utm_campaign=api&utm_content=thumbnail
Pulau Usu,pulau,Nusa Tenggara Timur,Rote Ndao,-10.523611,123.407778,,https://upload.wikimedia.org/wikipedia/commons/thumb/c/ce/Rote_Island_en.png/960px-Rote_Island_en.png?utm_source=id.wikipedia.org&utm_campaign=api&utm_content=thumbnail
Pulau Karimun,pulau,Riau,Bengkalis,1.054733,103.357708,,https://commons.wikimedia.org/wiki/Special:FilePath/Government%20office%20at%20Karimun.JPG?width=800
Pulau Bacan,pulau,Maluku,Buru,-0.598056,127.530278,,https://commons.wikimedia.org/wiki/Special:FilePath/ID%20Bacan.PNG?width=800
Pulau Gundul,pulau,Jawa Barat,Karawang,-6.13333,107.5,,
Pulau Lasia,pulau,Aceh,Simeulue,2.16777,96.63698,,
Pulau Maniang,pulau,Sulawesi Selatan,Soppeng,-4.202778,121.479442,,https://upload.wikimedia.org/wikipedia/commons/thumb/5/50/Pulau_Maniang.jpg/960px-Pulau_Maniang.jpg?utm_source=id.wikipedia.org&utm_campaign=api&utm_content=thumbnail
Pulau Marampit,pulau,Sulawesi Utara,Kepulauan Talaud,4.753086,127.128717,,
Pulau Marore,pulau,Sulawesi Utara,Kepulauan Sangihe,4.735711,125.484606,,https://upload.wikimedia.org/wikipedia/commons/thumb/b/b1/Pelangi_Pelabuhan_Marore.jpg/960px-Pelangi_Pelabuhan_Marore.jpg?utm_source=id.wikipedia.org&utm_campaign=api&utm_content=thumbnail|https://commons.wikimedia.org/wiki/Special:FilePath/Pelangi%20Pelabuhan%20Marore.jpg?width=800
Pulau Penyalai,pulau,Riau,Indragiri Hilir,0.600833,103.220278,,
Pulau Molana,pulau,Maluku,Kota Ambon,-3.641942,128.608611,,https://upload.wikimedia.org/wikipedia/commons/e/ea/Molana-islands-indonesia.jpg?utm_source=id.wikipedia.org&utm_campaign=api&utm_content=thumbnail_unscaled
Pulau Nongsa,pulau,Kepulauan Riau,Kota Batam,1.2042,104.07793,,https://upload.wikimedia.org/wikipedia/commons/thumb/9/99/Nongsa_island_Indonesia.JPG/960px-Nongsa_island_Indonesia.JPG?utm_source=id.wikipedia.org&utm_campaign=api&utm_content=thumbnail|https://commons.wikimedia.org/wiki/Special:FilePath/Nongsa%20island%20Indonesia.JPG?width=800
Pulau Poat,pulau,Sulawesi Tengah,Banggai,-0.500831,122.571111,,
Pulau Raijua,pulau,Nusa Tenggara Timur,Rote Ndao,-10.619442,121.576942,,https://upload.wikimedia.org/wikipedia/commons/b/b4/Raijua.PNG?utm_source=id.wikipedia.org&utm_campaign=api&utm_content=thumbnail_unscaled|https://commons.wikimedia.org/wiki/Special:FilePath/Nusa%20Tenggara%20Timur2.png?width=800
Pulau Sibarubaru,pulau,Sumatera Barat,Pesisir Selatan,-3.288889,100.341667,,
Pulau Tempurung,pulau,Kalimantan Tengah,Kota Palangka Raya,-3.430831,114.514442,,
Pulau Tunda,pulau,Banten,Kota Cilegon,-5.812492,106.279883,,
Pulau Giliyang,pulau,Jawa Timur,Sumenep,-6.986811,114.1749,,
Pulau Ambalau,pulau,Maluku,Buru,-3.854719,127.193056,,https://upload.wikimedia.org/wikipedia/commons/8/89/Ambelau.jpg?utm_source=id.wikipedia.org&utm_campaign=api&utm_content=thumbnail_unscaled|https://commons.wikimedia.org/wiki/Special:FilePath/Ambelau.jpg?width=800
Pulau Batu Daka,pulau,Sulawesi Tengah,Banggai,-0.471942,121.786111,,
Pulau Kawaluso,pulau,Sulawesi Utara,Kepulauan Sangihe,4.232167,125.324719,,
Pulau Lingayan,pulau,Sulawesi Utara,Kota Kotamobagu,0.979442,120.241111,,
Pulau Siantan,pulau,Kepulauan Riau,Kepulauan Anambas,3.163331,106.242219,,
Pulau Gam,pulau,Maluku,Maluku Tengah,-1.640717,129.915989,,https://upload.wikimedia.org/wikipedia/commons/thumb/2/2c/Boat_and_corals_near_Pulau_Gam%2C_Raja_Ampat.jpg/960px-Boat_and_corals_near_Pulau_Gam%2C_Raja_Ampat.jpg?utm_source=id.wikipedia.org&utm_campaign=api&utm_content=thumbnail
Pulau Mansuar,pulau,Maluku,Maluku Tengah,-0.585906,130.602389,,https://upload.wikimedia.org/wikipedia/commons/7/79/Mansuar_Island%2C_ID%2C_Sentinel-2.jpg?utm_source=id.wikipedia.org&utm_campaign=api&utm_content=thumbnail_unscaled|https://commons.wikimedia.org/wiki/Special:FilePath/Mansuar%20Island%2C%20ID%2C%20Sentinel-2.jpg?width=800
Yef Su,pulau,Maluku,Maluku Tengah,-0.369075,132.196453,,
Pulau Pakal,pulau,Maluku Utara,Halmahera Barat,0.7875,128.335831,,https://upload.wikimedia.org/wikipedia/commons/2/2e/Pakal_island_in_east_Halmahera_province.jpg?utm_source=id.wikipedia.org&utm_campaign=api&utm_content=thumbnail_unscaled
Pulau Rumberpon,pulau,Papua Barat,Pegunungan Arfak,-1.833794,134.17915,,
Pulau Sabalana,pulau,Sulawesi Selatan,Bantaeng,-6.852731,119.109006,,
Pulau Pahawang,pulau,Lampung,Kota Bandar Lampung,-5.6746,105.219878,,https://upload.wikimedia.org/wikipedia/commons/thumb/3/3c/Pahawang_Island%2C_Indonesia_%28Unsplash%29.jpg/960px-Pahawang_Island%2C_Indonesia_%28Unsplash%29.jpg?utm_source=id.wikipedia.org&utm_campaign=api&utm_content=thumbnail
Pulau Polassi,pulau,Sulawesi Selatan,Selayar,-6.679278,120.434447,,
Pulau Puntu Da'a,pulau,Gorontalo,Gorontalo,0.498611,121.693056,,
Pulau Pura,pulau,Nusa Tenggara Timur,Timor Tengah Utara,-8.298611,124.346389,,
Pulau Runduma,pulau,Sulawesi Tenggara,Wakatobi,-5.336497,124.33865,,
Pulau Salebbo,pulau,Sulawesi Selatan,Kota Makassar,-4.727219,119.304167,,
Kepulauan Pelokang,pulau,Sulawesi Selatan,Bantaeng,-7.18883,118.3965,,
Pulau Pemarung,pulau,Kalimantan Timur,Kota Samarinda,-0.75,117.36667,,
Pulau Pedamaran,pulau,Riau,Rokan Hilir,2.045906,100.843439,,
Pulau Pua,pulau,Maluku,Kota Ambon,-2.941111,127.899719,,https://commons.wikimedia.org/wiki/Special:FilePath/Pua%20pulau%20ISS%202002-12-01.jpg?width=800
Pulau Pucung,pulau,Riau,Indragiri Hilir,-0.623611,103.395556,,
Pulau Mules,pulau,Nusa Tenggara Timur,Manggarai,-8.8925,120.283056,,https://upload.wikimedia.org/wikipedia/commons/thumb/1/1e/View_of_Mules_Island_from_a_road_on_Flores_Island%2C_Indonesia%2C_20250824_0952_3073.jpg/960px-View_of_Mules_Island_from_a_road_on_Flores_Island%2C_Indonesia%2C_20250824_0952_3073.jpg?utm_source=id.wikipedia.org&utm_campaign=api&utm_content=thumbnail
Pulau Talise,pulau,Sulawesi Utara,Kota Bitung,1.843564,125.075169,,https://commons.wikimedia.org/wiki/Special:FilePath/Pulau%20Talisei%20dan%20Pulau%20Kinabuhutan.jpg?width=800
Pulau Kerasian,pulau,Kalimantan Selatan,Kotabaru,-4.030556,116.204167,,
Pulau Samatellu Pedda,pulau,Sulawesi Selatan,Kota Makassar,-4.71667,119.4,,
Pulau Pisang,pulau,Riau,Indragiri Hilir,-0.260833,103.431667,,
Pulau Suwangi,pulau,Kalimantan Selatan,Tanah Bumbu,-3.439719,116.028056,,https://upload.wikimedia.org/wikipedia/commons/thumb/e/ec/Pulau_Sewangi_Tanah_Bumbu.jpg/960px-Pulau_Sewangi_Tanah_Bumbu.jpg?utm_source=id.wikipedia.org&utm_campaign=api&utm_content=thumbnail|https://commons.wikimedia.org/wiki/Special:FilePath/Pulau%20Sewangi%20Tanah%20Bumbu.jpg?width=800
Pulau Tanopo,pulau,Sumatera Barat,Pesisir Selatan,-3.174842,100.500886,,
Yef Namatota,pulau,Maluku,Kepulauan Aru,-3.789078,133.893536,,
Pulau Namo,pulau,Nusa Tenggara Barat,Lombok Timur,-8.510831,116.850556,,
Pulau Nangka,pulau,Kepulauan Bangka Belitung,Belitung Timur,-2.503331,108.541942,,
Pulau Nangka Besar,pulau,Kalimantan Selatan,Kotabaru,-3.08611,116.27724,,
Pulau Sumanga,pulau,Sulawesi Tenggara,Wakatobi,-5.389194,123.636047,,
Pulau Tinabasan,pulau,Kalimantan Utara,Kota Tarakan,4.122778,117.562219,,
Pulau Banawaiya,pulau,Sulawesi Selatan,Selayar,-6.83042,119.17755,,
Pulau Mangkudulis Besar,pulau,Kalimantan Utara,Kota Tarakan,3.528331,117.330278,,
Pulau Mangkudulis Kecil,pulau,Kalimantan Utara,Kota Tarakan,3.6,117.38,,
Pulau Bahuluang,pulau,Sulawesi Selatan,Selayar,-6.480403,120.427678,,https://upload.wikimedia.org/wikipedia/commons/thumb/c/c9/Twin_Beaches_on_a_Small_Island_off_the_South-west_Coast_of_Selayar%2C_South_Sulawesi_%2815001560919%29.jpg/960px-Twin_Beaches_on_a_Small_Island_off_the_South-west_Coast_of_Selayar%2C_South_Sulawesi_%2815001560919%29.jpg?utm_source=id.wikipedia.org&utm_campaign=api&utm_content=thumbnail|https://commons.wikimedia.org/wiki/Special:FilePath/Beach%20on%20a%20Small%20Island%20off%20the%20South-west%20Coast%20of%20Selayar%2C%20South%20Sulawesi%20%2815164521086%29.jpg?width=800
Pulau Ampalasa,pulau,Sulawesi Selatan,Selayar,-6.905,121.316942,,
Pulau Anggrameos,pulau,Papua Barat,Kaimana,-2.704167,134.833331,,
Arguni,pulau,Maluku,Kota Tual,-2.64532,132.55469,,
Pulau Tobalai,pulau,Maluku,Maluku Tengah,-1.632219,128.330278,,
Pulau Togean,pulau,Sulawesi Tengah,Banggai,-0.388611,121.9625,,
Pulau Tuada,pulau,Maluku,Buru,-0.066286,127.428256,,
Pulau Tanjung Buayabuaya,pulau,Kalimantan Timur,Berau,1.402219,118.494719,,
Pulau Tapa,pulau,Maluku,Buru,-1.178889,127.42,,
Pulau Tehang,pulau,Sulawesi Utara,Kepulauan Sangihe,3.545764,125.64045,,
Pulau Pao Besar,pulau,Maluku,Buru,-0.291294,127.061572,,
Pulau Bitoyat Sabeu,pulau,Sumatera Barat,Pesisir Selatan,-3.017219,100.152219,,
Pulau Air Tawar,pulau,Riau,Indragiri Hilir,-0.438889,103.448333,,
Pulau Nubi,pulau,Kalimantan Timur,Kota Samarinda,-0.7,117.51,,
Pulau Ugar,pulau,Maluku,Kota Tual,-2.644797,132.479489,,
Pulau Parang,pulau,Maluku,Maluku Tengah,-3.316942,130.785,,
Pulau Marasende,pulau,Sulawesi Selatan,Kota Makassar,-5.123056,118.148889,,https://upload.wikimedia.org/wikipedia/commons/thumb/9/9a/Pulau_Marasende.jpg/960px-Pulau_Marasende.jpg?utm_source=id.wikipedia.org&utm_campaign=api&utm_content=thumbnail|https://commons.wikimedia.org/wiki/Special:FilePath/Pulau%20Marasende.jpg?width=800
Pulau Marak,pulau,Sumatera Barat,Kota Padang,-1.198819,100.334336,,https://upload.wikimedia.org/wikipedia/commons/thumb/9/95/Pulau_Pari_atau_Pulau_Merak.jpg/960px-Pulau_Pari_atau_Pulau_Merak.jpg?utm_source=id.wikipedia.org&utm_campaign=api&utm_content=thumbnail|https://commons.wikimedia.org/wiki/Special:FilePath/Pulau%20Pari%20atau%20Pulau%20Merak.jpg?width=800
Pulau Mabuli,pulau,Maluku Utara,Halmahera Barat,0.801111,128.251111,,
Pulau Madu,pulau,Sulawesi Selatan,Selayar,-7.486428,121.767964,,
Pulau Makian,pulau,Sulawesi Utara,Kota Bitung,0.321942,127.393056,,
Pulau Malamala,pulau,Maluku,Buru,-1.503331,127.393889,,https://upload.wikimedia.org/wikipedia/commons/thumb/9/9f/Pulau_Mala-mala.jpg/960px-Pulau_Mala-mala.jpg?utm_source=id.wikipedia.org&utm_campaign=api&utm_content=thumbnail
Pulau Malenge,pulau,Sulawesi Tengah,Banggai,-0.258611,122.063056,,https://upload.wikimedia.org/wikipedia/commons/thumb/5/5d/Malenge%2C_fishermen_%286972153257%29.jpg/960px-Malenge%2C_fishermen_%286972153257%29.jpg?utm_source=id.wikipedia.org&utm_campaign=api&utm_content=thumbnail
Yef Man,pulau,Maluku,Maluku Tengah,-0.923272,131.123619,,
Pulau Menui,pulau,Sulawesi Tenggara,Kota Kendari,-3.594442,123.112219,,https://upload.wikimedia.org/wikipedia/commons/thumb/8/85/Menui_2019-09-14_Sentinel_2_SR.jpg/960px-Menui_2019-09-14_Sentinel_2_SR.jpg?utm_source=id.wikipedia.org&utm_campaign=api&utm_content=thumbnail|https://commons.wikimedia.org/wiki/Special:FilePath/Menui%202019-09-14%20Sentinel%202%20SR.jpg?width=800
Pulau Motuo,pulau,Gorontalo,Gorontalo,0.996319,122.660481,,
Pulau Muari,pulau,Maluku,Buru,-0.213331,127.12,,
Pulau Meong,pulau,Sulawesi Selatan,Bantaeng,-6.855458,118.988839,,
Pulau Mintin Besar,pulau,Kalimantan Barat,Kapuas Hulu,-2.839719,114.207219,,
Pulau Minyaifun,pulau,Maluku,Maluku Tengah,-0.331056,130.208364,,
Pulau Mendanau,pulau,Kepulauan Bangka Belitung,Belitung,-2.878219,107.4235,,
Pulau Miang Besar,pulau,Kalimantan Timur,Kota Bontang,0.728936,118.010231,,
Pulau Banttowae,pulau,Sulawesi Selatan,Soppeng,-4.48333,119.38333,,
Pulau Karamasan,pulau,Sulawesi Selatan,Soppeng,-4.41667,119.48333,,
Pulau Simakakkang,pulau,Sumatera Barat,Pesisir Selatan,-1.991289,99.571886,,
Pulau Biang,pulau,Sumatera Utara,Kota Padangsidimpuan,0.0575,98.234442,,
Pulau Latalata,pulau,Maluku,Buru,-0.263967,127.055811,,
Gili Lawang,pulau,Nusa Tenggara Barat,Lombok Timur,-8.293889,116.698889,,
Pulau Tapiola,pulau,Maluku,Maluku Tengah,-1.5125,128.729719,,
Pulau Siloyang,pulau,Maluku,Maluku Tengah,-1.505672,128.637342,,
Pulau Kelayang,pulau,Riau,Indragiri Hilir,-0.026944,103.623333,,
Pulau Barekai,pulau,Sumatera Barat,Kota Padang,-1.686928,99.289167,,
Pulau Mas,pulau,Riau,Indragiri Hilir,-0.313333,103.349444,,
Pulau Lepar,pulau,Sumatera Selatan,Banyuasin,-2.955831,106.810278,,https://upload.wikimedia.org/wikipedia/commons/thumb/3/34/Lepar_Island_Location.svg/960px-Lepar_Island_Location.svg.png?utm_source=id.wikipedia.org&utm_campaign=api&utm_content=thumbnail
Pulau Pongok,pulau,Kepulauan Bangka Belitung,Belitung,-2.864442,107.056942,,https://upload.wikimedia.org/wikipedia/commons/thumb/6/60/Pongok_Island_Location.svg/960px-Pongok_Island_Location.svg.png?utm_source=id.wikipedia.org&utm_campaign=api&utm_content=thumbnail|https://commons.wikimedia.org/wiki/Special:FilePath/View%2C%20Island%20of%20Pulo%20Leat%2C%20showing%20the%20Sinking%20of%20the%20Alceste%20in%201817.jpg?width=800
Pulau Limba,pulau,Gorontalo,Gorontalo,0.494367,122.530211,,
Pulau Liukangloe,pulau,Sulawesi Selatan,Bulukumba,-5.650294,120.431783,,
Pulau Loeha,pulau,Sulawesi Tengah,Poso,-2.773889,121.552219,,
Pulau Lungsurannaga,pulau,Kalimantan Timur,Berau,2.078178,117.808475,,
Pulau Karampuang,pulau,Sulawesi Barat,Mamuju,-2.633889,118.8875,,https://upload.wikimedia.org/wikipedia/commons/1/10/Pulau_karampuang.jpg?utm_source=id.wikipedia.org&utm_campaign=api&utm_content=thumbnail_unscaled
Pulau Kumeke,pulau,Sulawesi Utara,Kota Kotamobagu,0.807778,124.673611,,
Pulau Kunyit,pulau,Kalimantan Selatan,Kotabaru,-4.0875,116.044719,,
Pulau Laigoma,pulau,Maluku Utara,Kota Ternate,0.138889,127.215556,,
Pulau Lalawan,pulau,Kalimantan Timur,Berau,2.100772,117.811019,,
Pulau Lampahen,pulau,Kalimantan Barat,Kapuas Hulu,-2.5725,114.418889,,
Pulau Sambiki,pulau,Maluku,Buru,-1.333056,127.709167,,
Pulau Merdeka Selatan,pulau,Kalimantan Timur,Kota Samarinda,-0.868794,117.259739,,
Pulau Layangan,pulau,Kalimantan Timur,Kota Samarinda,-0.851892,117.266817,,
Pulau Perangatan Besar,pulau,Kalimantan Timur,Kota Samarinda,-0.84,117.35,,
Pulau Muaraulu,pulau,Kalimantan Timur,Kota Samarinda,-0.87,117.37,,
Pulau Libukang (Jeneponto),pulau,Sulawesi Selatan,Bantaeng,-5.6478,119.5985,,
Pulau Pajenekang Keke,pulau,Sulawesi Selatan,Kota Makassar,-4.9583,119.3406,,
Pulau Mauang,pulau,Sulawesi Selatan,Kota Makassar,-4.95667,119.42333,,
Pulau Pankaiya,pulau,Sulawesi Selatan,Kota Makassar,-4.90361,119.40944,,
Pulau Maninring,pulau,Sulawesi Selatan,Soppeng,-4.41806,119.59056,,
Pulau Kurilompo,pulau,Sulawesi Selatan,Kota Makassar,-5.02028,119.48444,,
Pulau Kuricaddi,pulau,Sulawesi Selatan,Kota Makassar,-5.01611,119.47389,,
Pulau Kolokoloang,pulau,Sulawesi Selatan,Kota Makassar,-5.059906,119.465994,,https://upload.wikimedia.org/wikipedia/commons/9/92/Pantai_Desnel_Untia_Salodong.jpg?utm_source=id.wikipedia.org&utm_campaign=api&utm_content=thumbnail_unscaled
Pulau Bone Bonoang,pulau,Sulawesi Selatan,Kota Makassar,-4.67917,119.28528,,
Pulau Takaluwar,pulau,Sulawesi Selatan,Kota Makassar,-4.77038,119.009,,
Pulau Daoim,pulau,Sulawesi Barat,Polewali Mandar,-3.99389,119.59778,,
Pulau Bukoang,pulau,Sulawesi Barat,Polewali Mandar,-3.99944,119.59222,,
Pulau Waitenger,pulau,Maluku,Maluku Tengah,-1.513333,128.710556,,
Pulau Seliuk,pulau,Kepulauan Bangka Belitung,Belitung,-3.220169,107.529719,,
Pulau Senumpak,pulau,Kalimantan Timur,Kota Bontang,0.918056,118.001111,,
Pulau Rinding,pulau,Kalimantan Timur,Kota Bontang,0.889728,118.021389,,
Pulau Harapan,pulau,Sulawesi Selatan,Selayar,-7.0558,120.5386,,
Pulau Ponelo,pulau,Gorontalo,Gorontalo,0.870522,122.886514,,
Pulau Makassar,pulau,Sulawesi Tenggara,Kota Bau-Bau,-5.43,122.626942,,
Pulau Kayuadi,pulau,Sulawesi Selatan,Selayar,-6.817331,120.799189,,
Pulau Kayubulang,pulau,Sulawesi Selatan,Selayar,-6.758892,121.072567,,
Pulau Kayumajarang,pulau,Kalimantan Timur,Kota Samarinda,-0.68,117.51,,
Pulau Kayupanga Raja,pulau,Sulawesi Selatan,Selayar,-7.463086,121.422564,,
Pulau Woka,pulau,Maluku,Maluku Tengah,-1.05,128.231942,,https://upload.wikimedia.org/wikipedia/commons/thumb/1/1c/Pulau_Woka.jpg/960px-Pulau_Woka.jpg?utm_source=id.wikipedia.org&utm_campaign=api&utm_content=thumbnail
Pulau Sibitti,pulau,Sumatera Barat,Kota Padang,-1.676639,99.288992,,
Pulau Botiek,pulau,Sumatera Barat,Pesisir Selatan,-1.876072,99.283186,,
Pulau Pananggalat Sigoiso,pulau,Sumatera Barat,Pesisir Selatan,-1.896497,99.314139,,
Pulau Nibuang Batu Kalang,pulau,Sumatera Barat,Pesisir Selatan,-1.271506,100.4025,,
Pulau Karas,pulau,Maluku,Kota Tual,-3.4535,132.68836,,
Pulau Oroho,pulau,Sulawesi Tenggara,Wakatobi,-5.416111,123.615,,
Pulau Kalao,pulau,Sulawesi Selatan,Selayar,-7.296186,120.92,,
Pulau Kalaotoa,pulau,Sulawesi Selatan,Selayar,-7.375606,121.791658,,
Pulau Kurudu,pulau,Papua,Yapen,-1.844447,137.008928,,
Pulau Kemanisan,pulau,Banten,Kota Cilegon,-5.967986,106.10665,,
Pulau Mandangin,pulau,Jawa Timur,Kota Probolinggo,-7.3118,113.213342,,
Pulau Warir,pulau,Maluku,Maluku Tengah,-1.034483,131.110311,,
Pulau Tambolongan,pulau,Sulawesi Selatan,Selayar,-6.616111,120.434167,,
Pulau Tambuna Ki'di',pulau,Sulawesi Selatan,Selayar,-7.025386,121.18845,,
Pulau Tampakan,pulau,Kalimantan Selatan,Kotabaru,-3.366111,116.062778,,
Pulau Tanamalala,pulau,Sulawesi Selatan,Selayar,-7.084831,120.58295,,
Pulau Tanahmerah,pulau,Kalimantan Selatan,Kotabaru,-3.046667,116.176942,,
Pulau Tanakeke,pulau,Sulawesi Selatan,Kota Makassar,-5.507,119.284575,,
Pulau Kauna,pulau,Sulawesi Selatan,Selayar,-6.880725,120.791036,,
Pulau Seribu,pulau,Kalimantan Timur,Kota Bontang,1.07895,117.909606,,
Pulau Serutu,pulau,Kalimantan Barat,Ketapang,-1.712219,108.732778,,
Pulau Serudung,pulau,Kalimantan Selatan,Kotabaru,-3.840278,116.307778,,
Pulau Sibigeu,pulau,Sumatera Barat,Pesisir Selatan,-3.065897,100.185556,,
Pulau Siko,pulau,Maluku Utara,Kota Ternate,0.136942,127.123889,,
Pulau Simatang,pulau,Sulawesi Utara,Kota Kotamobagu,1.042778,120.383889,,
Pulau Simungguk,pulau,Sumatera Barat,Pesisir Selatan,-3.265833,100.569167,,
Pulau Sinelak,pulau,Kalimantan Utara,Kota Tarakan,4.058619,117.484428,,
Pulau Sengkuang,pulau,Kalimantan Timur,Kota Bontang,1.0225,117.960556,,
Pulau Siruso,pulau,Sumatera Barat,Pesisir Selatan,-2.853611,100.142814,,
Pulau Sodang Besar,pulau,Kalimantan Timur,Berau,2.134442,117.759167,,
Pulau Sarassang Lompo,pulau,Sulawesi Selatan,Kota Makassar,-7.197778,118.191667,,https://upload.wikimedia.org/wikipedia/commons/thumb/5/59/Naturalis_Biodiversity_Center_-_ZMA.MOLL.11121_-_Bractechlamys_vexillum_%28Reeve%2C_1853%29_-_Pectinidae_-_Mollusc_shell.jpeg/960px-Naturalis_Biodiversity_Center_-_ZMA.MOLL.11121_-_Bractechlamys_vexillum_%28Reeve%2C_1853%29_-_Pectinidae_-_Mollusc_shell.jpeg?utm_source=id.wikipedia.org&utm_campaign=api&utm_content=thumbnail
Pulau Jompang,pulau,Kalimantan Timur,Kota Bontang,0.978056,118.002778,,
Pulau Yu,pulau,Maluku,Maluku Tengah,-0.317425,130.146175,,
Pulau Kofiau,pulau,Maluku,Maluku Tengah,-1.182053,129.848961,,https://commons.wikimedia.org/wiki/Special:FilePath/Karta%20ID%20RajaAmpat%20Isl.PNG?width=800
Pulau Kubi,pulau,Maluku,Maluku Tengah,-1.129719,128.393889,,
Pulau Kurau,pulau,Riau,Indragiri Hilir,-0.034167,103.657778,,
Pulau Waidoba,pulau,Maluku,Buru,-0.051325,127.410886,,
Pulau Karajaan,pulau,Kalimantan Selatan,Kotabaru,-4.091389,116.206942,,
Pulau Karimata,pulau,Kalimantan Barat,Ketapang,-1.605,108.896942,,https://upload.wikimedia.org/wikipedia/commons/thumb/b/b3/Pulau_Karimata.jpg/960px-Pulau_Karimata.jpg?utm_source=id.wikipedia.org&utm_campaign=api&utm_content=thumbnail
Pulau Karumpa Ki'di',pulau,Sulawesi Selatan,Selayar,-7.22871,121.7493,,
Pulau Karumpalompo,pulau,Sulawesi Selatan,Selayar,-7.276942,121.754719,,
Pulau Kasiak,pulau,Sumatera Barat,Kota Pariaman,-0.596406,100.074728,,
Pulau Kerumputan,pulau,Kalimantan Selatan,Kotabaru,-4.051389,116.171667,,
Pulau Kateman,pulau,Riau,Indragiri Hilir,0.258333,103.697222,,
Pulau Kerisek,pulau,Aceh,Kota Banda Aceh,5.633992,95.068981,,
Pulau Leukon,pulau,Aceh,Simeulue,2.706942,95.731667,,
Pulau Makole,pulau,Sumatera Barat,Kota Pariaman,-0.266942,98.385278,,
Pulau Masa,pulau,Sumatera Utara,Kota Padangsidimpuan,-0.045556,98.496111,,
Pulau Nyangnyang,pulau,Sumatera Barat,Pesisir Selatan,-1.823053,99.277908,,
Pulau Yefi,pulau,Maluku Utara,Kota Ternate,0.344719,127.8975,,
Pulau Yoi,pulau,Maluku,Maluku Tengah,-0.035556,129.61,,
Pulau Yupa,pulau,Kalimantan Timur,Kota Samarinda,-0.336719,117.068031,,
Pulau Boji,pulau,Sumatera Barat,Kota Pariaman,-0.614719,98.505,,
Pulau Yamna Besar,pulau,Papua,Sarmi,-2.008889,139.249167,,
Pulau Kampai,pulau,Aceh,Gayo Lues,4.229167,98.23,,
Pulau Weijim Pale,pulau,Maluku,Maluku Tengah,-1.473128,130.239775,,
Pulau Witamemea,pulau,Sulawesi Tenggara,Muna,-4.8227,123.0822,,
Pulau Wailoro Besar,pulau,Maluku,Buru,-0.050289,127.4669,,
Pulau Concong,pulau,Riau,Indragiri Hilir,-0.24448,103.55545,,
Pulau Ende,pulau,Nusa Tenggara Timur,Ende,-8.888889,121.521944,,https://upload.wikimedia.org/wikipedia/commons/1/1c/COLLECTIE_TROPENMUSEUM_De_ru%C3%AFne_van_het_zestiende_eeuwse_Portugese_fort_op_Poelau_Ende_TMnr_60007234.jpg?utm_source=id.wikipedia.org&utm_campaign=api&utm_content=thumbnail_unscaled|https://commons.wikimedia.org/wiki/Special:FilePath/Ende%20Island%20%2826133372205%29.jpg?width=800
Pulau Sipika,pulau,Sumatera Barat,Agam,-0.110556,98.3275,,
Pulau Tanabala,pulau,Sumatera Barat,Kota Pariaman,-0.415,98.441389,,
Pulau Tanahmasa,pulau,Sumatera Barat,Agam,-0.145831,98.439719,,
Pulau Teupah,pulau,Aceh,Simeulue,2.352219,96.239719,,
Pulau Tello,pulau,Sumatera Barat,Agam,-0.057778,98.281942,,
Pulau Harimau,pulau,Sumatera Utara,Kota Padangsidimpuan,0.218947,99.288075,,
Pulau Sibandang,pulau,Sumatera Utara,Toba,2.36,98.9,,https://upload.wikimedia.org/wikipedia/commons/thumb/e/e2/Pulau_Sibandang.svg/960px-Pulau_Sibandang.svg.png?utm_source=id.wikipedia.org&utm_campaign=api&utm_content=thumbnail|https://commons.wikimedia.org/wiki/Special:FilePath/Pulau%20Sibandang%2002.jpg?width=800
Pulau Putoutougat,pulau,Sumatera Barat,Pesisir Selatan,-2.011942,99.561667,,
Pulau Siburu,pulau,Sumatera Barat,Pesisir Selatan,-1.983056,99.591667,,
Pulau Siruamata,pulau,Sumatera Barat,Pesisir Selatan,-2.369956,99.723675,,
Pulau Sigata,pulau,Sumatera Barat,Agam,-0.123611,98.195,,
Pulau Mainu,pulau,Sumatera Barat,Pesisir Selatan,-1.850181,99.311881,,
Pulau Bando,pulau,Sumatera Barat,Kota Pariaman,-0.760575,99.996581,,
Pulau Mincau,pulau,Aceh,Simeulue,2.354442,96.198331,,
Pulau Bais,pulau,Sumatera Barat,Agam,-0.052219,98.531111,,
Pulau Bunta,pulau,Aceh,Kota Banda Aceh,5.555556,95.168056,,https://upload.wikimedia.org/wikipedia/commons/thumb/c/c3/Pulai_Bunta%2C_Aceh_Besar.jpg/960px-Pulai_Bunta%2C_Aceh_Besar.jpg?utm_source=id.wikipedia.org&utm_campaign=api&utm_content=thumbnail
Pulau Karamajat,pulau,Sumatera Barat,Pesisir Selatan,-1.917867,99.303789,,
Pulau Ole,pulau,Sumatera Utara,Kota Pematangsiantar,2.729719,98.864442,,
Pulau Tulas,pulau,Sumatera Utara,Toba,2.643611,98.645278,,https://upload.wikimedia.org/wikipedia/commons/thumb/7/79/Pulau_Tulas_03.jpg/960px-Pulau_Tulas_03.jpg?utm_source=id.wikipedia.org&utm_campaign=api&utm_content=thumbnail|https://commons.wikimedia.org/wiki/Special:FilePath/Pulau%20Tulas%2003.jpg?width=800
Pulau Lantang Peo,pulau,Sulawesi Selatan,Kota Makassar,-5.46333,119.28194,,
Pulau Tuwotuwo,pulau,Sulawesi Selatan,Soppeng,-4.34472,119.61472,,
Pulau Kessipute,pulau,Sulawesi Selatan,Kota Parepare,-4.2793,119.6067,,
Pulau Lakonting,pulau,Sulawesi Barat,Polewali Mandar,-3.9784,120.3903,,
Pulau Sitambolo,pulau,Sulawesi Barat,Polewali Mandar,-3.9453,120.4401,,
Pulau Atapang,pulau,Sulawesi Barat,Polewali Mandar,-3.8987,120.3836,,
Pulau Pacungkilang,pulau,Sulawesi Barat,Polewali Mandar,-3.9141,120.4426,,
Pulau Pasimparee,pulau,Sulawesi Barat,Polewali Mandar,-3.81759,120.42402,,
Pulau Langkai,pulau,Sulawesi Tengah,Poso,-2.556319,121.431,,
Pulau Bulupoloe,pulau,Sulawesi Tengah,Poso,-2.813056,120.960831,,
Pulau Kambunong,pulau,Sulawesi Tengah,Kota Palu,-1.940556,119.329167,,
Pulau Batu Garam,pulau,Kepulauan Riau,Kepulauan Anambas,3.365833,106.334444,,
Pulau Dewakang Lompo,pulau,Sulawesi Selatan,Kota Makassar,-5.405911,118.430614,,
Pulau Bauluang,pulau,Sulawesi Selatan,Kota Makassar,-5.455342,119.231011,,
Pulau Balang,pulau,Kalimantan Timur,Kota Balikpapan,-1.123331,116.723611,,https://upload.wikimedia.org/wikipedia/commons/thumb/f/f5/Balang_island_bridge%2C_east_Kalimantan.jpg/960px-Balang_island_bridge%2C_east_Kalimantan.jpg?utm_source=id.wikipedia.org&utm_campaign=api&utm_content=thumbnail
Pulau Bajau,pulau,Kepulauan Riau,Kepulauan Anambas,3.127222,106.316667,,
Pulau Bintanah,pulau,Aceh,Aceh Tenggara,1.476942,98.178056,,
Pulau Wakde Besar,pulau,Papua,Sarmi,-1.939208,139.013269,,
Irian Jaya,pulau,Papua,Sarmi,-5.0,138.0,,https://upload.wikimedia.org/wikipedia/commons/thumb/2/20/LocationWestPapua.svg/960px-LocationWestPapua.svg.png?utm_source=id.wikipedia.org&utm_campaign=api&utm_content=thumbnail
Pulau Gumutu,pulau,Maluku,Maluku Tengah,-1.113739,128.339108,,
Pulau Doro Lamo,pulau,Maluku,Buru,0.029719,127.223889,,
Pulau Guntung,pulau,Kalimantan Timur,Berau,2.113611,117.873056,,
Pulau Aji,pulau,Kalimantan Timur,Berau,2.170481,117.562436,,
Pulau Hiri,pulau,Sulawesi Utara,Kota Bitung,0.895125,127.317914,,
Pulau Gee,pulau,Maluku Utara,Halmahera Barat,0.833056,128.325556,,
Pulau Kelasa,pulau,Kepulauan Bangka Belitung,Belitung,-2.414719,107.075556,,
Pulau Dupu,pulau,Maluku,Maluku Tengah,-0.315358,130.503942,,
Pulau Gamumu,pulau,Maluku,Buru,-1.833331,127.608331,,
Pulau Tengah,pulau,Kepulauan Riau,Kota Tanjungpinang,-1.042558,104.230628,,
Pulau Besar,pulau,Nusa Tenggara Timur,Sikka,-8.4625,122.3775,,https://upload.wikimedia.org/wikipedia/commons/thumb/4/41/Pulau_Besar.jpg/960px-Pulau_Besar.jpg?utm_source=id.wikipedia.org&utm_campaign=api&utm_content=thumbnail
Pulau Bembe,pulau,Sulawesi Selatan,Selayar,-7.063056,120.544442,,
Pulau Bakong,pulau,Riau,Indragiri Hilir,-0.314444,103.605556,,
Pulau Batu Bakka',pulau,Sulawesi Selatan,Selayar,-7.019117,120.752961,,
Pulau Simaleguk Sigoiso,pulau,Sumatera Barat,Pesisir Selatan,-3.226667,100.413889,,
Pulau Simaleguk Sabeu,pulau,Sumatera Barat,Pesisir Selatan,-3.208056,100.401389,,
Pulau Pacabla,pulau,Sumatera Barat,Pesisir Selatan,-3.213483,100.459628,,
Pulau Siopa Sabeu,pulau,Sumatera Barat,Pesisir Selatan,-2.878056,100.166667,,
Pulau Karabak Ketek,pulau,Sumatera Barat,Pesisir Selatan,-1.604986,100.554422,,
Pulau Sepindang,pulau,Kepulauan Bangka Belitung,Belitung,-2.931389,107.484167,,
Pulau Soumang,pulau,Sumatera Barat,Pesisir Selatan,-3.24095,100.523331,,
Pulau Suren,pulau,Kalimantan Selatan,Kotabaru,-2.929442,116.167219,,
Pulau Lalukena,pulau,Kalimantan Timur,Kota Samarinda,-0.74,117.41,,
Pulau Dagasuli,pulau,Maluku Utara,Halmahera Utara,2.178331,127.748889,,
Pulau Damar,pulau,Maluku,Maluku Tengah,-0.990475,128.358928,,
Pulau Dato,pulau,Kepulauan Riau,Natuna,0.128331,108.605556,,
Pulau Ega,pulau,Maluku,Kota Tual,-2.968231,132.128525,,
Pulau Cikantung,pulau,Banten,Kota Cilegon,-5.967986,106.10665,,
Pulau Bukide,pulau,Sulawesi Utara,Kepulauan Sangihe,3.789692,125.605728,,
Pulau Bungingbelle,pulau,Sulawesi Selatan,Selayar,-6.895011,121.267058,,
Pulau Burung,pulau,Kalimantan Tengah,Kota Palangka Raya,-3.380278,116.035278,,
Pulau Bonerate,pulau,Sulawesi Selatan,Selayar,-7.357144,121.113092,,https://upload.wikimedia.org/wikipedia/commons/thumb/d/d3/Keindahan_Taman_Nasional_Takabonerate.jpg/960px-Keindahan_Taman_Nasional_Takabonerate.jpg?utm_source=id.wikipedia.org&utm_campaign=api&utm_content=thumbnail|https://commons.wikimedia.org/wiki/Special:FilePath/Taman%20Nasional%20Takabonerate.jpg?width=800
Pulau Apastual,pulau,Kalimantan Utara,Kota Tarakan,3.898272,117.648253,,
Pulau Beting,pulau,Riau,Indragiri Hilir,-0.191653,103.531231,,
Pulau Tanjung Berukang,pulau,Kalimantan Timur,Kota Samarinda,-0.83,117.48,,
Pulau Lerong,pulau,Kalimantan Timur,Kota Samarinda,-0.42,117.48,,
Pulau Sangkar Ayam,pulau,Riau,Indragiri Hilir,-0.06,103.546111,,
Pulau Letung,pulau,Kalimantan Timur,Kota Samarinda,-0.379953,117.470139,,
Pulau Simamora,pulau,Sumatera Utara,Toba,2.342219,98.823331,,
Pulau Kayuanak,pulau,Sumatera Selatan,Banyuasin,-1.800556,105.811389,,
Pulau Pono,pulau,Sumatera Barat,Agam,-0.104719,98.310278,,
Pulau Batu Makele,pulau,Sumatera Barat,Agam,-0.065278,98.300831,,
Pulau Baohi,pulau,Sumatera Barat,Agam,-0.053969,98.319692,,
Pulau Simasit,pulau,Sumatera Barat,Kota Pariaman,-0.952706,98.955283,,
Pulau Gudustinggi,pulau,Banten,Kota Serang,-5.803981,106.536014,,
Pulau Talimago,pulau,Maluku,Buru,-0.16077,127.18773,,https://upload.wikimedia.org/wikipedia/commons/thumb/8/85/Pulau_Talimago.jpg/960px-Pulau_Talimago.jpg?utm_source=id.wikipedia.org&utm_campaign=api&utm_content=thumbnail|https://commons.wikimedia.org/wiki/Special:FilePath/Pulau%20Talimago3.jpg?width=800
Pulau Manti Kecil,pulau,Kalimantan Selatan,Kotabaru,-3.3701,116.3828,,
Pulau Merayap,pulau,Kalimantan Selatan,Kotabaru,-2.160278,116.455556,,
Pulau Keluang,pulau,Kalimantan Tengah,Katingan,-3.20272,113.31352,,
Pulau Benawa Besar,pulau,Kalimantan Timur,Kota Balikpapan,-1.087219,116.726667,,
Pulau Kedumpit,pulau,Kalimantan Timur,Kota Balikpapan,-1.170831,116.755,,
Pulau Jawang,pulau,Kalimantan Timur,Kota Balikpapan,-1.0225,116.741942,,
Pulau Kerbau,pulau,Kalimantan Timur,Kota Samarinda,-0.76,117.31,,
Pulau Penti,pulau,Kalimantan Timur,Kota Samarinda,-0.78,117.44,,
Pulau Tunu,pulau,Kalimantan Timur,Kota Samarinda,-0.50105,117.563278,,
Pulau Lantang Kecil,pulau,Kalimantan Timur,Kota Samarinda,-0.448269,117.507256,,
Pulau Lakaloro,pulau,Sulawesi Tengah,Poso,-2.6931,121.0426,,
Pulau Marasanga,pulau,Sulawesi Barat,Polewali Mandar,-3.8633,120.4431,,
Pulau Timanidonge,pulau,Sulawesi Tengah,Poso,-2.5601,121.4209,,
Pulau Silabulabu Godang,pulau,Sumatera Utara,Kota Sibolga,1.573331,98.585556,,
Pulau Kalimantung Nagodang,pulau,Aceh,Aceh Tenggara,1.573889,98.529442,,
Pulau Sitaban Barat,pulau,Sumatera Utara,Kota Sibolga,1.600164,98.574175,,
Pulau Sulabesi,pulau,Maluku,Buru,-2.285556,125.966389,,https://upload.wikimedia.org/wikipedia/commons/0/03/COLLECTIE_TROPENMUSEUM_Prauwen_en_hutten_langs_het_strand_bij_Sanana_TMnr_10018528.jpg?utm_source=id.wikipedia.org&utm_campaign=api&utm_content=thumbnail_unscaled|https://commons.wikimedia.org/wiki/Special:FilePath/UvA-BC%20300.115%20-%20Siboga%20-%20strand%20bij%20de%20kampong%20Sanana%20op%20het%20eiland%20Sulabesi.jpg?width=800
Pulau Lipan,pulau,Kalimantan Timur,Kota Balikpapan,-1.110489,116.726369,,
Pulau Batee Rayeuk,pulau,Aceh,Kota Banda Aceh,5.579442,95.2,,
Pulau Bantaian,pulau,Riau,Indragiri Hilir,0.0296,103.50005,,
Pulau Sicincin,pulau,Riau,Indragiri Hilir,0.001903,103.554894,,
Pulau Posa,pulau,Kalimantan Timur,Kota Balikpapan,-1.195278,116.820556,,
Pulau Jingah,pulau,Kalimantan Tengah,Kota Palangka Raya,-3.392514,114.492514,,
Pulau Kaliamas,pulau,Kalimantan Tengah,Kota Palangka Raya,-3.424497,114.491164,,
Pulau Kelapa,pulau,Kalimantan Tengah,Kota Palangka Raya,-3.432514,114.463308,,
Pulau Telan,pulau,Kalimantan Tengah,Kota Palangka Raya,-3.442742,114.492742,,
Pulau Bonggong Besar,pulau,Kalimantan Timur,Berau,2.186942,117.661667,,
Pulau Bonggong Kecil,pulau,Kalimantan Timur,Berau,2.180831,117.675831,,
Pulau Nakal,pulau,Kalimantan Timur,Berau,2.11,117.778889,,
Pulau Tidung,pulau,Kalimantan Timur,Berau,2.184253,117.884728,,https://upload.wikimedia.org/wikipedia/commons/9/90/Pulau_Tidung.jpg?utm_source=id.wikipedia.org&utm_campaign=api&utm_content=thumbnail_unscaled
Pulau Halus Hilir,pulau,Kalimantan Selatan,Kotabaru,-2.827725,116.112553,,
Pulau Rambai,pulau,Kalimantan Selatan,Kotabaru,-2.869403,116.118808,,
Pulau Tanjung Keramat,pulau,Kalimantan Selatan,Kotabaru,-2.891275,116.124608,,
Pulau Toropou,pulau,Sulawesi Selatan,Selayar,-6.321206,120.4469,,
Pulau Ujung Salama',pulau,Sulawesi Selatan,Selayar,-7.0636,120.565475,,
Pulau Balantang,pulau,Sulawesi Tengah,Poso,-2.692778,121.042219,,
Pulau Bete,pulau,Sulawesi Tengah,Poso,-2.642956,121.056256,,
Pulau Caria,pulau,Sulawesi Tengah,Poso,-2.678753,121.051869,,
Pulau Caria Lampe,pulau,Sulawesi Tengah,Poso,-2.676111,121.055831,,
Pulau Langkara,pulau,Sulawesi Tengah,Poso,-2.668892,120.977214,,
Pulau Lanipanipa,pulau,Sulawesi Tengah,Poso,-2.668611,121.044167,,
Pulau Onrongalang,pulau,Sulawesi Tengah,Poso,-2.638611,121.01635,,
Pulau Biro,pulau,Sulawesi Tengah,Poso,-2.835092,120.4115,,
Pulau Gusung Lacekkeng,pulau,Sulawesi Tengah,Poso,-2.851975,120.344531,,
Pulau Lamko Miko,pulau,Sulawesi Tengah,Poso,-2.876469,120.3282,,
Pulau Lasori Beccu,pulau,Sulawesi Tengah,Poso,-2.898075,120.318944,,
Pulau Lasori Maraja,pulau,Sulawesi Tengah,Poso,-2.897939,120.315342,,
Pulau Lompongangnge,pulau,Sulawesi Tengah,Poso,-2.853917,120.344106,,
Pulau Ulau Lawatu,pulau,Sulawesi Tengah,Poso,-2.909506,120.292314,,
Pulau Welawi,pulau,Sulawesi Tengah,Poso,-2.8755,120.339628,,
Pulau Welawi Becu,pulau,Sulawesi Tengah,Poso,-2.8916,120.323675,,
Pulau Welawi Maraja,pulau,Sulawesi Tengah,Poso,-2.866403,120.313664,,
Pulau Hanibung,pulau,Kalimantan Barat,Sintang,-2.333331,112.875831,,
Pulau Ilu,pulau,Kalimantan Timur,Kota Samarinda,-0.44,117.6,,
Pulau Jerang,pulau,Kalimantan Timur,Kota Samarinda,-0.573472,117.015647,,
Pulau Merdeka,pulau,Kalimantan Timur,Kota Samarinda,-0.829039,117.256692,,
Pulau Merdeka Tengah,pulau,Kalimantan Timur,Kota Samarinda,-0.848919,117.257719,,
Pulau Merdeka Utara,pulau,Kalimantan Timur,Kota Samarinda,-0.841364,117.257672,,
Pulau Pegah,pulau,Kalimantan Timur,Kota Samarinda,-0.779606,117.288739,,
Pulau Perangatan Kecil,pulau,Kalimantan Timur,Kota Samarinda,-0.89,117.34,,
Pulau Seleteh,pulau,Kalimantan Timur,Kota Samarinda,-0.516483,117.500375,,
Pulau Sungaikelambu,pulau,Kalimantan Timur,Kota Samarinda,-0.656061,117.361425,,
Pulau Tiga Selatan,pulau,Kalimantan Timur,Kota Samarinda,-0.77,117.47,,
Pulau Pemantuan,pulau,Kalimantan Timur,Kota Bontang,1.102044,117.914081,,
Pulau Baruka,pulau,Sulawesi Tengah,Poso,-2.941311,120.203878,,
Pulau Ulau Kucing,pulau,Sulawesi Tengah,Poso,-2.945611,120.193314,,
Pulau Karangan Satunggul Barat,pulau,Sulawesi Selatan,Bantaeng,-7.540547,117.967975,,
Pulau Karangan Satunggul Besar,pulau,Sulawesi Selatan,Bantaeng,-7.536022,117.983617,,
Pulau Karangan Satunggul Kecil,pulau,Sulawesi Selatan,Bantaeng,-7.532192,117.986992,,
Pulau Karangan Satunggul Timur,pulau,Sulawesi Selatan,Bantaeng,-7.535394,117.988953,,
Pulau Karangan Satunggul Utara,pulau,Sulawesi Selatan,Bantaeng,-7.530331,117.982931,,
Pulau Pattayangang,pulau,Sulawesi Selatan,Selayar,-6.864822,119.150317,,
Pulau Pelokan Caddi,pulau,Sulawesi Selatan,Bantaeng,-7.186503,118.397286,,
Pulau Pelokan Lompo,pulau,Sulawesi Selatan,Bantaeng,-7.196028,118.376069,,
Pulau Sarassang Caddi,pulau,Sulawesi Selatan,Kota Makassar,-7.198889,118.186667,,
Pulau Ulau Batu Batu,pulau,Sulawesi Barat,Polewali Mandar,-3.700214,119.549006,,
Pulau Dapo,pulau,Sulawesi Barat,Polewali Mandar,-3.993056,119.602778,,
Pulau Gusung Samaenre,pulau,Sulawesi Barat,Polewali Mandar,-3.641564,119.460722,,
Pulau Kaliang,pulau,Sulawesi Barat,Polewali Mandar,-3.708758,119.543914,,
Pulau Lawakkoang,pulau,Sulawesi Barat,Polewali Mandar,-3.998331,119.597219,,
Pulau Tanjunge,pulau,Sulawesi Barat,Polewali Mandar,-3.711225,119.490936,,
Pulau Ulau Bakoko,pulau,Sulawesi Barat,Polewali Mandar,-3.705431,119.547878,,
Pulau Ulau Libukang Kecil,pulau,Sulawesi Barat,Polewali Mandar,-3.926011,119.574,,
Pulau Kaja,pulau,Kalimantan Barat,Kapuas Hulu,-1.948331,113.758056,,
Pulau Rantau Besar,pulau,Kalimantan Selatan,Kotabaru,-1.904936,116.274936,,
Pulau Rantau Kecil,pulau,Kalimantan Selatan,Kotabaru,-1.917158,116.232964,,
Pulau Baru Ulu,pulau,Kalimantan Timur,Kota Balikpapan,-1.122219,116.70805,,
Pulau Datuk,pulau,Kalimantan Timur,Kota Balikpapan,-1.131942,116.715278,,
Pulau Idoh,pulau,Kalimantan Timur,Kota Balikpapan,-1.198417,116.703228,,
Pulau Maridan,pulau,Kalimantan Timur,Kota Balikpapan,-1.128889,116.709442,,
Pulau Sabut,pulau,Kalimantan Timur,Kota Balikpapan,-1.047047,116.726942,,
Pulau Sera,pulau,Kalimantan Timur,Kota Balikpapan,-1.203778,116.701014,,https://upload.wikimedia.org/wikipedia/commons/a/ac/COLLECTIE_TROPENMUSEUM_Het_huis_van_de_posthouder_op_het_eiland_Sera_TMnr_60039379.jpg?utm_source=id.wikipedia.org&utm_campaign=api&utm_content=thumbnail_unscaled
Pulau Kanalosatu,pulau,Sulawesi Selatan,Bulukumba,-5.043253,120.3971,,
Pulau Katindoang,pulau,Sulawesi Selatan,Bulukumba,-5.068053,120.399894,,
Pulau Labbotallua,pulau,Sulawesi Selatan,Kota Makassar,-5.459567,119.280828,,
Pulau Lakatong,pulau,Sulawesi Selatan,Kota Makassar,-5.523675,119.446942,,
Pulau Nane Nane,pulau,Sulawesi Selatan,Kota Makassar,-5.509389,119.448286,,
Pulau Pokko,pulau,Sulawesi Selatan,Kota Makassar,-5.419175,119.365061,,
Pulau Ulau Gusung Lompoa,pulau,Sulawesi Selatan,Kota Makassar,-5.481864,119.404728,,
Pulau Karang Panjang,pulau,Sumatera Selatan,Banyuasin,-1.978231,106.159289,,
Pulau Manipa,pulau,Maluku,Buru,-3.309903,127.576203,,https://upload.wikimedia.org/wikipedia/commons/thumb/f/f6/%D0%9E%D1%81%D1%82%D1%80%D0%BE%D0%B2_%D0%9C%D0%B0%D0%BD%D0%B8%D0%BF%D0%B0.svg/960px-%D0%9E%D1%81%D1%82%D1%80%D0%BE%D0%B2_%D0%9C%D0%B0%D0%BD%D0%B8%D0%BF%D0%B0.svg.png?utm_source=id.wikipedia.org&utm_campaign=api&utm_content=thumbnail
Pulau Tapa Da'a,pulau,Gorontalo,Gorontalo,0.487444,122.325956,,
Pulau Bolas,pulau,Gorontalo,Gorontalo,0.923556,123.080414,,
Pulau Lasobonti,pulau,Sulawesi Tengah,Poso,-2.866339,121.534,,
Pulau Lengkobale,pulau,Sulawesi Tengah,Poso,-2.912028,121.48,,
Pulau Malotong,pulau,Sulawesi Tengah,Poso,-2.819469,121.478,,
Pulau Nakote,pulau,Sulawesi Tengah,Poso,-2.655919,121.662458,,
Pulau Tinabo,pulau,Sulawesi Selatan,Selayar,-6.55,121.083333,,https://upload.wikimedia.org/wikipedia/commons/thumb/6/6f/Sunrise_di_Pulau_Tinabo.jpg/960px-Sunrise_di_Pulau_Tinabo.jpg?utm_source=id.wikipedia.org&utm_campaign=api&utm_content=thumbnail
Pulau Tolping,pulau,Sumatera Utara,Kota Pematangsiantar,2.712222,98.813056,,
Pulau Batang Larona,pulau,Sulawesi Tengah,Poso,-2.753628,121.338,,
Pulau Bongo,pulau,Sulawesi Tengah,Poso,-2.532219,121.464,,
Pulau Kampi Langkai,pulau,Sulawesi Tengah,Poso,-2.537378,121.412625,,
Pulau Kampi Ote,pulau,Sulawesi Tengah,Poso,-2.536039,121.407,,
Pulau Kunene,pulau,Sulawesi Tengah,Poso,-2.540578,121.412339,,
Pulau Langkai Bure,pulau,Sulawesi Tengah,Poso,-2.473778,121.264,,
Pulau Tapparang Masapi,pulau,Sulawesi Tengah,Poso,-2.837169,121.345764,,
Pulau Pontaha,pulau,Sulawesi Tengah,Poso,-2.762322,121.347281,,
Pulau Tonua,pulau,Sulawesi Selatan,Selayar,-7.374025,121.056633,,
Pulau Batu Loang,pulau,Sulawesi Selatan,Kota Parepare,-4.255556,119.609442,,
Pulau Bulubetta,pulau,Sulawesi Selatan,Bulukumba,-4.951692,120.314114,,
Pulau Gusung Polewali,pulau,Sulawesi Selatan,Bulukumba,-5.086742,120.285094,,
Pulau Lamputoa'e,pulau,Sulawesi Selatan,Bulukumba,-5.08685,120.275139,,
Pulau Ulau Angkue,pulau,Sulawesi Selatan,Bulukumba,-5.053131,120.292383,,
Pulau Ulau Bulopu,pulau,Sulawesi Selatan,Bulukumba,-5.037469,120.310169,,
Pulau Asmara,pulau,Sulawesi Selatan,Bulukumba,-5.563772,120.186528,,
Pulau Batu Kasuso,pulau,Sulawesi Selatan,Bulukumba,-5.560961,120.446486,,
Pulau Batu Taha,pulau,Sulawesi Selatan,Bulukumba,-5.565658,120.447447,,
Pulau Bili,pulau,Sulawesi Selatan,Bulukumba,-5.463894,120.42565,,
Pulau Pararang,pulau,Sulawesi Selatan,Bulukumba,-5.564103,120.187164,,
Pulau Samboang,pulau,Sulawesi Selatan,Bulukumba,-5.476678,120.451458,,
Gili Gili,pulau,Sulawesi Selatan,Selayar,-7.239633,121.747203,,
Gili Gili Pangka,pulau,Sulawesi Selatan,Selayar,-7.369381,121.048003,,
Gili Sui,pulau,Sulawesi Selatan,Selayar,-7.301594,121.704283,,
Pulau Bakka',pulau,Sulawesi Selatan,Selayar,-7.132778,120.761389,,
Pulau Batu,pulau,Sulawesi Selatan,Selayar,-7.27035,120.795411,,
Pulau Batu Ki'di',pulau,Sulawesi Selatan,Selayar,-7.0215,120.753386,,
Pulau Batu Ampangan,pulau,Sulawesi Selatan,Selayar,-6.204536,120.405003,,
Pulau Batu Bissa,pulau,Sulawesi Selatan,Selayar,-6.233642,120.444383,,
Pulau Batu Dampoong,pulau,Sulawesi Selatan,Selayar,-6.442581,120.510428,,
Pulau Batu Giligili,pulau,Sulawesi Selatan,Selayar,-7.368161,121.0465,,
Pulau Batu Jangka,pulau,Sulawesi Selatan,Selayar,-6.341436,120.447958,,
Pulau Batu Kallong,pulau,Sulawesi Selatan,Selayar,-7.420083,121.786133,,
Pulau Batu Lajaraha,pulau,Sulawesi Selatan,Selayar,-5.844506,120.530781,,
Pulau Batu Lajarate,pulau,Sulawesi Selatan,Selayar,-5.844378,120.530717,,
Pulau Batu Lontolonto,pulau,Sulawesi Selatan,Selayar,-7.419411,121.786847,,
Pulau Batu Pangnyu,pulau,Sulawesi Selatan,Bulukumba,-5.7389,120.489611,,
Pulau Batu Remba,pulau,Sulawesi Selatan,Selayar,-7.104244,120.588489,,
Pulau Batu Siasia,pulau,Sulawesi Selatan,Selayar,-6.20435,120.443719,,
Pulau Batu Silangga,pulau,Sulawesi Selatan,Selayar,-7.108733,120.59045,,
Pulau Batu Sipoong,pulau,Sulawesi Selatan,Selayar,-6.695131,120.426836,,
Pulau Batu Sobbolo,pulau,Sulawesi Selatan,Selayar,-6.382894,120.454133,,
Pulau Batu Surut Raha,pulau,Sulawesi Selatan,Selayar,-6.205936,120.444892,,
Pulau Batu Surut Rate,pulau,Sulawesi Selatan,Selayar,-6.207367,120.44535,,
Pulau Batu Tokong,pulau,Sulawesi Selatan,Selayar,-6.814292,120.783786,,
Pulau Batu Tokong Ki'di',pulau,Sulawesi Selatan,Selayar,-6.816683,120.7859,,
Pulau Bonelukmuia,pulau,Sulawesi Selatan,Bulukumba,-5.745772,120.490247,,
Pulau Bungingtinabo,pulau,Sulawesi Selatan,Selayar,-6.571217,121.0579,,
Pulau Bungingwanti,pulau,Sulawesi Selatan,Selayar,-7.488611,121.802778,,
Pulau Bungione,pulau,Sulawesi Selatan,Selayar,-7.2175,121.551667,,
Pulau Bungisapalatondu,pulau,Sulawesi Selatan,Selayar,-6.493694,121.056472,,
Pulau Gusung Tallang,pulau,Sulawesi Selatan,Selayar,-6.117219,120.419719,,
Pulau Idaman,pulau,Sulawesi Selatan,Selayar,-7.057614,120.538328,,https://upload.wikimedia.org/wikipedia/commons/f/ff/Pulau_Idaman-Sulbarkitacom.jpg?utm_source=id.wikipedia.org&utm_campaign=api&utm_content=thumbnail_unscaled
Pulau Impian,pulau,Sulawesi Selatan,Selayar,-7.060428,120.536981,,
Pulau Karang Bako,pulau,Sulawesi Selatan,Selayar,-7.306294,121.100011,,
Pulau Karang Lealea Appa',pulau,Sulawesi Selatan,Selayar,-7.352814,121.167175,,
Pulau Karang Lealea Rua,pulau,Sulawesi Selatan,Selayar,-7.348725,121.166281,,
Pulau Karang Lealea Se're,pulau,Sulawesi Selatan,Selayar,-7.345092,121.162303,,
Pulau Karang Lealea Tallu,pulau,Sulawesi Selatan,Selayar,-7.351761,121.166925,,
Pulau Kayupanga Lau',pulau,Sulawesi Selatan,Selayar,-7.463286,121.420989,,
Pulau Koncularuka,pulau,Sulawesi Selatan,Selayar,-7.281611,121.728831,,
Pulau Kukusang,pulau,Sulawesi Selatan,Selayar,-6.656625,120.426975,,
Pulau Mandeh,pulau,Sulawesi Selatan,Selayar,-6.649167,120.426389,,
Pulau Oputonde,pulau,Sulawesi Selatan,Selayar,-6.231586,120.529281,,
Pulau Pandan,pulau,Sulawesi Selatan,Selayar,-6.346269,120.451378,,https://upload.wikimedia.org/wikipedia/commons/thumb/6/6e/Pulau_Pandan_-_panoramio_%281%29.jpg/960px-Pulau_Pandan_-_panoramio_%281%29.jpg?utm_source=id.wikipedia.org&utm_campaign=api&utm_content=thumbnail
Pulau Sanisani,pulau,Sulawesi Selatan,Selayar,-6.983878,120.510008,,
Pulau Segitora,pulau,Sulawesi Selatan,Selayar,-6.232939,120.445328,,
Pulau Senapang,pulau,Sulawesi Selatan,Selayar,-7.040664,120.618119,,
Pulau Sowala,pulau,Sulawesi Selatan,Selayar,-7.064747,120.567639,,
Pulau Sulapa,pulau,Sulawesi Selatan,Selayar,-6.643889,120.440278,,
Pulau Tetera Ki'di',pulau,Sulawesi Selatan,Selayar,-7.3678,121.045892,,
Pulau Tokong Bakka,pulau,Sulawesi Selatan,Selayar,-6.236753,120.445178,,
Pulau Tokong Ki'di',pulau,Sulawesi Selatan,Selayar,-6.246342,120.446572,,
Pulau Manyu,pulau,Sulawesi Selatan,Selayar,-6.879394,120.792122,,
Pulau Gebe,pulau,Maluku,Maluku Tengah,-0.060831,129.426942,,
Pulau Talena,pulau,Sumatera Barat,Kota Padang,-0.999975,100.376175,,https://upload.wikimedia.org/wikipedia/commons/thumb/0/09/Teluk_Bayur_Harbour1.jpg/960px-Teluk_Bayur_Harbour1.jpg?utm_source=id.wikipedia.org&utm_campaign=api&utm_content=thumbnail
Pulau Angso Duo,pulau,Sumatera Barat,Kota Pariaman,-0.633333,100.098611,,https://upload.wikimedia.org/wikipedia/commons/thumb/f/ff/Pulau_Angso_Duo_-_panoramio.jpg/960px-Pulau_Angso_Duo_-_panoramio.jpg?utm_source=id.wikipedia.org&utm_campaign=api&utm_content=thumbnail|https://commons.wikimedia.org/wiki/Special:FilePath/Pulau%20Angso%20Duo%20-%20panoramio.jpg?width=800
Pulau Bromo,pulau,Kalimantan Tengah,Kota Palangka Raya,-3.344719,114.5475,,
Pulau Batubejanggut,pulau,Kalimantan Tengah,Kota Palangka Raya,-3.921667,114.614444,,
Pulau Basarpandan,pulau,Kalimantan Selatan,Kotabaru,-2.853889,116.082219,,
Pulau Dupa,pulau,Kalimantan Tengah,Kota Palangka Raya,-3.458889,114.522219,,
Pulau Gunung Tulangan,pulau,Kalimantan Selatan,Kotabaru,-2.817219,116.117219,,
Pulau Langadai,pulau,Kalimantan Selatan,Kotabaru,-3.239719,116.174719,,
Pulau Sepakat,pulau,Kalimantan Tengah,Kota Palangka Raya,-3.456111,114.520831,,
Pulau Pelanduk,pulau,Kalimantan Utara,Nunukan,4.081975,117.483419,,
Pulau Pulibulu,pulau,Kalimantan Utara,Kota Tarakan,4.045192,117.480575,,
Pulau Sekapal,pulau,Kalimantan Utara,Nunukan,4.148117,117.535764,,
Pulau Sinualan,pulau,Kalimantan Utara,Kota Tarakan,4.013694,117.457281,,
Pulau Akekusang,pulau,Sumatera Selatan,Banyuasin,-1.6375,105.686667,,
Pulau Ikan,pulau,Sumatera Utara,Kota Padangsidimpuan,0.257458,99.261917,,
Pulau Bangke,pulau,Aceh,Aceh Tenggara,1.681714,98.547647,,
Pulau Pacabla Sigoiso,pulau,Sumatera Barat,Kepulauan Mentawai,-3.206389,100.449722,,
Pulau Tuantahir,pulau,Sumatera Utara,Kota Tanjungbalai,2.963611,99.812778,,
Pulau Anak Mandah,pulau,Riau,Indragiri Hilir,0.02575,103.5,,
Pulau Betingan,pulau,Banten,Kota Tangerang Selatan,-6.002194,106.630253,,
Pulau Nibuang Sungai Nipah,pulau,Sumatera Barat,Pesisir Selatan,-1.327742,100.562017,,
Pulau Airlabuh,pulau,Kepulauan Bangka Belitung,Belitung,-2.554886,107.668267,,
Pulau Anakaik,pulau,Sumatera Selatan,Banyuasin,-2.963331,106.6725,,
Pulau Batuberenguh,pulau,Sumatera Selatan,Banyuasin,-2.211111,105.7825,,
Pulau Dodaweweda,pulau,Maluku,Maluku Tengah,-0.550656,128.323911,,
Pulau Batuah,pulau,Sumatera Utara,Kota Tanjungbalai,2.579167,99.987778,,
Pulau Buaya,pulau,Sumatera Utara,Kota Tanjungbalai,2.987222,99.803333,,
Pulau Laplap,pulau,Sumatera Barat,Kota Pariaman,-1.469431,99.171069,,
Pulau Sikantan,pulau,Sumatera Utara,Kota Tanjungbalai,2.508889,100.161389,,
Pulau Sarimas,pulau,Sumatera Utara,Kota Tanjungbalai,2.585,100.008889,,
Pulau Porling,pulau,Sumatera Utara,Kota Tanjungbalai,2.593611,100.000278,,
Pulau Ongah Labuhan,pulau,Sumatera Utara,Kota Tanjungbalai,2.589442,100.114719,,
Pulau Harapan Cincin,pulau,Sumatera Utara,Kota Tanjungbalai,2.540833,99.958611,,
Pulau Hachina,pulau,Sumatera Barat,Agam,-0.053344,98.325911,,
Pulau Juragan,pulau,Sumatera Utara,Kota Tanjungbalai,2.563889,99.97,,
Pulau Batu Basanggua,pulau,Sumatera Barat,Pesisir Selatan,-1.19975,100.43045,,
Pulau Batudandang Selatan,pulau,Sumatera Barat,Pesisir Selatan,-1.375,100.558611,,
Pulau Taraju,pulau,Sumatera Barat,Pesisir Selatan,-1.181794,100.396419,,
Pulau Nibuang Cubadak,pulau,Sumatera Barat,Pesisir Selatan,-1.230844,100.396119,,
Gua Embultuk,gua,Jawa Timur,Blitar,-8.299744,112.10254,,https://upload.wikimedia.org/wikipedia/commons/thumb/2/28/GUA_EMBULTUK_%282%29.jpg/960px-GUA_EMBULTUK_%282%29.jpg?utm_source=id.wikipedia.org&utm_campaign=api&utm_content=thumbnail
Gua Selarong,gua,Jawa Tengah,Kota Magelang,-7.871682,110.295136,,
Gua Pawon,gua,Jawa Barat,Kota Bandung,-6.823602,107.436292,,https://upload.wikimedia.org/wikipedia/commons/thumb/e/e5/Gua_Pawon.jpg/960px-Gua_Pawon.jpg?utm_source=id.wikipedia.org&utm_campaign=api&utm_content=thumbnail|https://commons.wikimedia.org/wiki/Special:FilePath/Gua%20Pawon.jpg?width=800
Goa Jatijajar,gua,Jawa Tengah,Kebumen,-7.672778,109.428333,,https://upload.wikimedia.org/wikipedia/commons/a/aa/Goa_jati_jajar_ayah_kebumen.jpg?utm_source=id.wikipedia.org&utm_campaign=api&utm_content=thumbnail_unscaled|https://commons.wikimedia.org/wiki/Special:FilePath/Goa%20jati%20jajar%20ayah%20kebumen.jpg?width=800
Goa Lawah,gua,Bali,Bangli,-8.5516,115.4689,,https://commons.wikimedia.org/wiki/Special:FilePath/Goa%20Lawah%20Bali53.jpg?width=800
Gua Batu Cermin,gua,Nusa Tenggara Timur,Manggarai Barat,-8.479371,119.89919,,https://upload.wikimedia.org/wikipedia/commons/thumb/8/8c/Mirror_Stone_Cave%2C_Flores%2C_Indonesia%2C_20250827_0933_3883.jpg/960px-Mirror_Stone_Cave%2C_Flores%2C_Indonesia%2C_20250827_0933_3883.jpg?utm_source=id.wikipedia.org&utm_campaign=api&utm_content=thumbnail|https://commons.wikimedia.org/wiki/Special:FilePath/Mirror%20Stone%20Cave%2C%20Flores%2C%20Indonesia%2C%2020250827%200933%203883.jpg?width=800
Gua Selomangleng,gua,Jawa Timur,Kediri,-7.807209,111.972683,,
Gua Jomblang,gua,Jawa Tengah,Kota Surakarta,-8.028103,110.637989,,https://upload.wikimedia.org/wikipedia/commons/thumb/4/47/Jomblang_Cave_-_Indonesia_04.jpg/960px-Jomblang_Cave_-_Indonesia_04.jpg?utm_source=id.wikipedia.org&utm_campaign=api&utm_content=thumbnail|https://commons.wikimedia.org/wiki/Special:FilePath/Jomblang%20Cave%20-%20Indonesia%2004.jpg?width=800
Goa Petruk,gua,Jawa Tengah,Kebumen,-7.704056,109.398194,,
Gua Akbar,gua,Jawa Timur,Tuban,-6.905421,112.060555,,
Gua Lowo,gua,Jawa Timur,Trenggalek,-8.07641,111.70604,,
Guo Inyiak Janun,gua,Sumatera Barat,Agam,-0.265661,100.305097,,https://upload.wikimedia.org/wikipedia/commons/2/2d/Gua_Inyiak_Lasun_%286%29.jpg?utm_source=id.wikipedia.org&utm_campaign=api&utm_content=thumbnail_unscaled|https://commons.wikimedia.org/wiki/Special:FilePath/Gua%20Inyiak%20Lasun%20%286%29.jpg?width=800
Gua Gong,gua,Jawa Timur,Pacitan,-8.164475,110.979958,,https://upload.wikimedia.org/wikipedia/commons/thumb/a/a8/Gua_Gong.jpg/960px-Gua_Gong.jpg?utm_source=id.wikipedia.org&utm_campaign=api&utm_content=thumbnail|https://commons.wikimedia.org/wiki/Special:FilePath/Gua%20Gong.jpg?width=800
Gua Mampu,gua,Sulawesi Selatan,Bone,-4.326651,120.223717,,
Gua Togi Ndrawa,gua,Sumatera Utara,Kota Sibolga,1.294482,97.592426,,https://upload.wikimedia.org/wikipedia/commons/b/b0/Goa_Togi_Ndrawa.jpg?utm_source=id.wikipedia.org&utm_campaign=api&utm_content=thumbnail_unscaled|https://commons.wikimedia.org/wiki/Special:FilePath/Goa%20Togi%20Ndrawa.jpg?width=800
Gua Ngesong,gua,Jawa Timur,Jombang,-7.674641,112.349395,,https://upload.wikimedia.org/wikipedia/commons/6/6c/Gua_Ngesong.jpg?utm_source=id.wikipedia.org&utm_campaign=api&utm_content=thumbnail_unscaled|https://commons.wikimedia.org/wiki/Special:FilePath/Gua%20Ngesong.jpg?width=800
Gua Liang Bangkai,gua,Kalimantan Tengah,Kota Palangka Raya,-3.202396,115.797222,,https://commons.wikimedia.org/wiki/Special:FilePath/Goa%20Liang%20Bangkai.jpg?width=800
Gua Batu Tunggal,gua,Kalimantan Tengah,Kota Palangka Raya,-3.195716,115.975714,,https://upload.wikimedia.org/wikipedia/commons/thumb/9/9f/Goa_Lowo_Kotabaru_001.JPG/960px-Goa_Lowo_Kotabaru_001.JPG?utm_source=id.wikipedia.org&utm_campaign=api&utm_content=thumbnail|https://commons.wikimedia.org/wiki/Special:FilePath/Goa%20Lowo%20Kotabaru%20001.JPG?width=800
Danau Maninjau,danau,Sumatera Barat,Agam,-0.316667,100.2,,https://upload.wikimedia.org/wikipedia/commons/f/f3/Maninjau.jpg?utm_source=id.wikipedia.org&utm_campaign=api&utm_content=thumbnail_unscaled|https://commons.wikimedia.org/wiki/Special:FilePath/LakeManinjau1.jpg?width=800
Danau Linouw,danau,Sulawesi Utara,Kota Tomohon,1.270833,124.826389,,https://upload.wikimedia.org/wikipedia/commons/1/14/Danu_Linow.jpg?utm_source=id.wikipedia.org&utm_campaign=api&utm_content=thumbnail_unscaled|https://commons.wikimedia.org/wiki/Special:FilePath/Danu%20Linow.jpg?width=800
Danau Tondano,danau,Sulawesi Utara,Minahasa,1.225,124.9,,https://upload.wikimedia.org/wikipedia/commons/thumb/7/7f/Lake_Tondano_drone_view.jpg/960px-Lake_Tondano_drone_view.jpg?utm_source=id.wikipedia.org&utm_campaign=api&utm_content=thumbnail|https://commons.wikimedia.org/wiki/Special:FilePath/Danau%20Tondano.jpg?width=800
Danau Poso,danau,Sulawesi Tengah,Poso,-1.97955,120.6601,,https://upload.wikimedia.org/wikipedia/commons/thumb/5/5c/Poso_Lake_from_Padamarari.jpg/960px-Poso_Lake_from_Padamarari.jpg?utm_source=id.wikipedia.org&utm_campaign=api&utm_content=thumbnail|https://commons.wikimedia.org/wiki/Special:FilePath/Danau%20poso%20scene-sulawesi%20tengah-indonesia.jpg?width=800
Waduk Malahayu,danau,Jawa Tengah,Cilacap,-7.036389,108.807778,,https://upload.wikimedia.org/wikipedia/commons/thumb/2/2b/Waduk_Malahayu.jpg/960px-Waduk_Malahayu.jpg?utm_source=id.wikipedia.org&utm_campaign=api&utm_content=thumbnail|https://commons.wikimedia.org/wiki/Special:FilePath/Waduk%20Malahayu.jpg?width=800
Danau Sentani,danau,Papua,Kota Jayapura,-2.6122,140.5172,,https://upload.wikimedia.org/wikipedia/commons/thumb/1/1a/Sentani_Lake.jpg/960px-Sentani_Lake.jpg?utm_source=id.wikipedia.org&utm_campaign=api&utm_content=thumbnail|https://commons.wikimedia.org/wiki/Special:FilePath/Sentani%20Lake.jpg?width=800
Ranu Kumbolo,danau,Jawa Timur,Kota Malang,-8.05,112.916667,,https://upload.wikimedia.org/wikipedia/commons/thumb/a/aa/Ranu_Kumbolo.jpg/960px-Ranu_Kumbolo.jpg?utm_source=id.wikipedia.org&utm_campaign=api&utm_content=thumbnail|https://commons.wikimedia.org/wiki/Special:FilePath/Ranu%20Kumbolo.jpg?width=800
Ranu Pani,danau,Jawa Timur,Kota Malang,-8.012778,112.946111,,https://upload.wikimedia.org/wikipedia/commons/thumb/9/93/Frost_in_Ranu_Pani_on_4_August_2018_by_Susanto_Tan.jpg/960px-Frost_in_Ranu_Pani_on_4_August_2018_by_Susanto_Tan.jpg?utm_source=id.wikipedia.org&utm_campaign=api&utm_content=thumbnail|https://commons.wikimedia.org/wiki/Special:FilePath/Ranu%20Pani%2C%20semeru.jpg?width=800
Danau Gunung Tujuh,danau,Jambi,Kerinci,-1.7,101.41667,,https://upload.wikimedia.org/wikipedia/commons/thumb/e/e0/Danau_Gunung_Tujuh.jpg/960px-Danau_Gunung_Tujuh.jpg?utm_source=id.wikipedia.org&utm_campaign=api&utm_content=thumbnail|https://commons.wikimedia.org/wiki/Special:FilePath/Tujuh1.jpg?width=800
Danau Tempe,danau,Sulawesi Selatan,Soppeng,-4.1178,119.9527,,https://upload.wikimedia.org/wikipedia/commons/thumb/4/4e/Floating_houses_on_Lake_Tempe.jpg/960px-Floating_houses_on_Lake_Tempe.jpg?utm_source=id.wikipedia.org&utm_campaign=api&utm_content=thumbnail|https://commons.wikimedia.org/wiki/Special:FilePath/Sengkang%27s%20Floating%20Village%20scenery.jpg?width=800
Danau Mahalona,danau,Sulawesi Tengah,Poso,-2.59472,121.495,,https://upload.wikimedia.org/wikipedia/commons/thumb/6/6f/The_Crystal_Clear_of_Mahalona_Lake.jpg/960px-The_Crystal_Clear_of_Mahalona_Lake.jpg?utm_source=id.wikipedia.org&utm_campaign=api&utm_content=thumbnail
Danau Towuti,danau,Sulawesi Tengah,Poso,-2.76258,121.52232,,https://upload.wikimedia.org/wikipedia/commons/thumb/7/7f/Towuti_Danau_2019-09-09_Sentinel_2_SR.jpg/960px-Towuti_Danau_2019-09-09_Sentinel_2_SR.jpg?utm_source=id.wikipedia.org&utm_campaign=api&utm_content=thumbnail|https://commons.wikimedia.org/wiki/Special:FilePath/Towuti%20Danau%202019-09-09%20Sentinel%202%20SR.jpg?width=800
Danau Singkarak,danau,Sumatera Barat,Tanah Datar,-0.6135,100.5393,,https://upload.wikimedia.org/wikipedia/commons/thumb/b/ba/Danau_singkarak_2.jpg/960px-Danau_singkarak_2.jpg?utm_source=id.wikipedia.org&utm_campaign=api&utm_content=thumbnail|https://commons.wikimedia.org/wiki/Special:FilePath/Lake%20Singkarak.jpg?width=800
Danau Dibawah,danau,Sumatera Barat,Solok,-1.010556,100.729444,,https://upload.wikimedia.org/wikipedia/commons/thumb/e/ed/Lake_Dibawah.jpg/960px-Lake_Dibawah.jpg?utm_source=id.wikipedia.org&utm_campaign=api&utm_content=thumbnail|https://commons.wikimedia.org/wiki/Special:FilePath/Lake%20Dibawah.jpg?width=800
Danau Diatas,danau,Sumatera Barat,Solok,-1.0781,100.7543,,https://upload.wikimedia.org/wikipedia/commons/thumb/1/18/Danau_Di_Atas_Kabupaten_Solok.jpg/960px-Danau_Di_Atas_Kabupaten_Solok.jpg?utm_source=id.wikipedia.org&utm_campaign=api&utm_content=thumbnail|https://commons.wikimedia.org/wiki/Special:FilePath/Lake%20Diatas.jpg?width=800
Danau Ranau,danau,Sumatera Selatan,Ogan Komering Ulu,-4.8674,103.93226,,https://upload.wikimedia.org/wikipedia/commons/thumb/b/b1/Gunung_dan_Danau.jpg/960px-Gunung_dan_Danau.jpg?utm_source=id.wikipedia.org&utm_campaign=api&utm_content=thumbnail|https://commons.wikimedia.org/wiki/Special:FilePath/Lake%20Ranau.jpg?width=800
Rawa Pening,danau,Jawa Tengah,Kota Magelang,-7.283333,110.433333,,https://upload.wikimedia.org/wikipedia/commons/e/e2/Rawa_Pening_Central_Java.jpg?utm_source=id.wikipedia.org&utm_campaign=api&utm_content=thumbnail_unscaled|https://commons.wikimedia.org/wiki/Special:FilePath/Rawa%20Pening%20Central%20Java.jpg?width=800
Telaga Warna,danau,Jawa Barat,Cianjur,-6.7025,106.99639,,
Danau Matano,danau,Sulawesi Tengah,Poso,-2.4714,121.3298,,https://upload.wikimedia.org/wikipedia/id/thumb/e/e8/Pantai_Salonsa_-_Danau_Matano.JPG/960px-Pantai_Salonsa_-_Danau_Matano.JPG?utm_source=id.wikipedia.org&utm_campaign=api&utm_content=thumbnail|https://commons.wikimedia.org/wiki/Special:FilePath/Matano%20Sunset.jpg?width=800
Setu Babakan,danau,DKI Jakarta,Jakarta Selatan,-6.341667,106.823889,,https://upload.wikimedia.org/wikipedia/commons/thumb/2/25/Setu_Babakan.jpg/960px-Setu_Babakan.jpg?utm_source=id.wikipedia.org&utm_campaign=api&utm_content=thumbnail|https://commons.wikimedia.org/wiki/Special:FilePath/Danau%20Setu%20Babakan.jpg?width=800
Situ Patenggang,danau,Jawa Barat,Bandung,-7.166944,107.358056,,https://upload.wikimedia.org/wikipedia/commons/thumb/4/43/Junghuhn_See_Telaga_Patengan_auf_Java.jpg/960px-Junghuhn_See_Telaga_Patengan_auf_Java.jpg?utm_source=id.wikipedia.org&utm_campaign=api&utm_content=thumbnail|https://commons.wikimedia.org/wiki/Special:FilePath/Junghuhn%20Telaga%20Patengan.jpg?width=800
Danau Aek Natonang,danau,Sumatera Utara,Toba,2.564722,98.883889,,
Situ Bagendit,danau,Jawa Barat,Garut,-7.160833,107.941389,,https://upload.wikimedia.org/wikipedia/commons/e/e4/Bagendit.jpg?utm_source=id.wikipedia.org&utm_campaign=api&utm_content=thumbnail_unscaled
Balong Keramat Darmaloka,danau,Jawa Barat,Kuningan,-7.001708,108.400922,,
Danau Bratan,danau,Bali,Buleleng,-8.272222,115.174167,,https://upload.wikimedia.org/wikipedia/commons/a/a4/Ulun_Danu_Temple%2C_Bali%3B_June_2008.jpg?utm_source=id.wikipedia.org&utm_campaign=api&utm_content=thumbnail_unscaled
Danau Buyan,danau,Bali,Buleleng,-8.245,115.123056,,https://upload.wikimedia.org/wikipedia/commons/thumb/e/e7/Danau_Buyan.jpg/960px-Danau_Buyan.jpg?utm_source=id.wikipedia.org&utm_campaign=api&utm_content=thumbnail
Danau Dampelas,danau,Sulawesi Tengah,Donggala,0.176944,119.848889,,
Danau Jempang,danau,Kalimantan Timur,Kutai Barat,-0.437778,116.191389,,https://upload.wikimedia.org/wikipedia/commons/thumb/4/47/Jempangbird.jpg/960px-Jempangbird.jpg?utm_source=id.wikipedia.org&utm_campaign=api&utm_content=thumbnail|https://commons.wikimedia.org/wiki/Special:FilePath/Jempangbird.jpg?width=800
Danau Kerinci,danau,Sumatera Barat,Pesisir Selatan,-2.146,101.4882,,https://upload.wikimedia.org/wikipedia/commons/thumb/2/2b/Danau_Kerinci_dari_Bukit_Kayangan.jpg/960px-Danau_Kerinci_dari_Bukit_Kayangan.jpg?utm_source=id.wikipedia.org&utm_campaign=api&utm_content=thumbnail
Danau Lau Kawar,danau,Aceh,Aceh Tenggara,3.199167,98.380278,,https://upload.wikimedia.org/wikipedia/commons/thumb/3/3a/Lau_Kawar_Lake.jpg/960px-Lau_Kawar_Lake.jpg?utm_source=id.wikipedia.org&utm_campaign=api&utm_content=thumbnail
Danau Limboto,danau,Sulawesi Utara,Kota Kotamobagu,0.584722,122.986389,,https://upload.wikimedia.org/wikipedia/commons/thumb/f/f4/Danau_Limboto.JPG/960px-Danau_Limboto.JPG?utm_source=id.wikipedia.org&utm_campaign=api&utm_content=thumbnail|https://commons.wikimedia.org/wiki/Special:FilePath/Menjaring%20asa.jpg?width=800
Danau Satonda,danau,Nusa Tenggara Barat,Sumbawa,-8.111111,117.748611,,https://upload.wikimedia.org/wikipedia/commons/thumb/7/72/Danau_Satonda.jpg/960px-Danau_Satonda.jpg?utm_source=id.wikipedia.org&utm_campaign=api&utm_content=thumbnail
Danau Sentarum,danau,Kalimantan Barat,Kapuas Hulu,0.85,112.1,,https://upload.wikimedia.org/wikipedia/commons/thumb/d/de/Danau_Sentarum_2006.jpg/960px-Danau_Sentarum_2006.jpg?utm_source=id.wikipedia.org&utm_campaign=api&utm_content=thumbnail
Danau Talang,danau,Sumatera Barat,Solok,-1.011944,100.7,,https://upload.wikimedia.org/wikipedia/commons/thumb/d/d8/Danau_Talang.jpg/960px-Danau_Talang.jpg?utm_source=id.wikipedia.org&utm_campaign=api&utm_content=thumbnail
Danau Tasikardi,danau,Banten,Kota Serang,-6.053889,106.143333,,https://upload.wikimedia.org/wikipedia/commons/thumb/4/4e/Danau_Tasikardi-5.jpg/960px-Danau_Tasikardi-5.jpg?utm_source=id.wikipedia.org&utm_campaign=api&utm_content=thumbnail|https://commons.wikimedia.org/wiki/Special:FilePath/Danau%20Tasikardi-5.jpg?width=800
Situ Lengkong,danau,Jawa Barat,Garut,-7.1275,108.2725,,https://upload.wikimedia.org/wikipedia/commons/thumb/8/8b/Boats_on_Situ_Lengkong%2C_Ciamis_2017-03-11_02.jpg/960px-Boats_on_Situ_Lengkong%2C_Ciamis_2017-03-11_02.jpg?utm_source=id.wikipedia.org&utm_campaign=api&utm_content=thumbnail|https://commons.wikimedia.org/wiki/Special:FilePath/COLLECTIE%20TROPENMUSEUM%20Het%20Pendjaloe%20meer.%20TMnr%2060002480.jpg?width=800
Telaga Sarangan,danau,Jawa Tengah,Kota Surakarta,-7.677778,111.218333,,https://upload.wikimedia.org/wikipedia/commons/thumb/7/72/Telaga_Sarangan_dan_Gunung_Lawu_-_Maret_2026.jpg/960px-Telaga_Sarangan_dan_Gunung_Lawu_-_Maret_2026.jpg?utm_source=id.wikipedia.org&utm_campaign=api&utm_content=thumbnail
Waduk Cipancuh,danau,Jawa Barat,Sumedang,-6.496111,107.948333,,https://upload.wikimedia.org/wikipedia/id/thumb/9/94/Wadukan.JPG/960px-Wadukan.JPG?utm_source=id.wikipedia.org&utm_campaign=api&utm_content=thumbnail
Ranu Tompe,danau,Jawa Timur,Kota Malang,-8.046667,112.962778,,https://upload.wikimedia.org/wikipedia/id/0/02/Ranutompe.jpg?utm_source=id.wikipedia.org&utm_campaign=api&utm_content=thumbnail_unscaled
Danau Batur,danau,Bali,Bangli,-8.2569,115.4088,,https://upload.wikimedia.org/wikipedia/commons/thumb/3/36/Mount_batur_and_lake.jpg/960px-Mount_batur_and_lake.jpg?utm_source=id.wikipedia.org&utm_campaign=api&utm_content=thumbnail|https://commons.wikimedia.org/wiki/Special:FilePath/Lake%20Batur%20%26%20Mount%20Abang%202013-11-10%20%2810849153196%29.jpg?width=800
Danau Tamblingan,danau,Bali,Buleleng,-8.257056,115.097003,,https://upload.wikimedia.org/wikipedia/commons/thumb/e/e6/Lake_Tamblingan.jpg/960px-Lake_Tamblingan.jpg?utm_source=id.wikipedia.org&utm_campaign=api&utm_content=thumbnail|https://commons.wikimedia.org/wiki/Special:FilePath/Lake%20Tamblingan.jpg?width=800
Danau Galela,danau,Maluku Utara,Halmahera Utara,1.81773,127.81181,,
Situ Lembang,danau,Jawa Barat,Kota Bandung,-6.740278,107.576667,,https://commons.wikimedia.org/wiki/Special:FilePath/Geese%20in%20Situ%20Lembang.jpg?width=800
Telaga Menjer,danau,Jawa Tengah,Wonosobo,-7.268611,109.925556,,https://upload.wikimedia.org/wikipedia/commons/thumb/6/62/Telaga_Menjer.jpg/960px-Telaga_Menjer.jpg?utm_source=id.wikipedia.org&utm_campaign=api&utm_content=thumbnail
Waduk Dawuhan,danau,Jawa Tengah,Kota Surakarta,-7.597778,111.628889,,https://upload.wikimedia.org/wikipedia/id/thumb/f/f5/Waduk_Dawuhan_Wonoasri.jpg/960px-Waduk_Dawuhan_Wonoasri.jpg?utm_source=id.wikipedia.org&utm_campaign=api&utm_content=thumbnail
Waduk Pluit,danau,DKI Jakarta,Jakarta Utara,-6.117222,106.799722,,https://upload.wikimedia.org/wikipedia/commons/thumb/7/74/View_muara_waduk_pluit_-_panoramio.jpg/960px-View_muara_waduk_pluit_-_panoramio.jpg?utm_source=id.wikipedia.org&utm_campaign=api&utm_content=thumbnail
Danau Melintang,danau,Kalimantan Timur,Kutai Barat,-0.300556,116.338611,,
Danau Dendam Tak Sudah,danau,Sumatera Selatan,Kota Lubuklinggau,-3.8008,102.307589,,https://upload.wikimedia.org/wikipedia/commons/c/cf/Siska_Yuniati_at_Lake_Dendam_Tak_Sudah.jpg?utm_source=id.wikipedia.org&utm_campaign=api&utm_content=thumbnail_unscaled
Danau Sembuluh,danau,Kalimantan Tengah,Seruyan,-2.72864,112.368497,,https://upload.wikimedia.org/wikipedia/commons/f/f2/Sembuluh_lake%2C_Bangkal%2C_and_MS-1_from_airplane_view.jpg?utm_source=id.wikipedia.org&utm_campaign=api&utm_content=thumbnail_unscaled
Danau Pauh,danau,Sumatera Barat,Pesisir Selatan,-2.56311,101.82484,,https://upload.wikimedia.org/wikipedia/commons/thumb/9/97/Danau_pauh_merangin.jpg/960px-Danau_pauh_merangin.jpg?utm_source=id.wikipedia.org&utm_campaign=api&utm_content=thumbnail
Waduk Prijetan,danau,Jawa Timur,Kota Surabaya,-7.223056,112.213056,,
Danau Siais,danau,Sumatera Utara,Kota Padangsidimpuan,1.319444,99.008611,,
Danau Mawang,danau,Sulawesi Selatan,Kota Makassar,-5.22,119.4975,,https://upload.wikimedia.org/wikipedia/commons/thumb/b/be/Danau_Mawang_Gowa.jpg/960px-Danau_Mawang_Gowa.jpg?utm_source=id.wikipedia.org&utm_campaign=api&utm_content=thumbnail
Situ Kemang,danau,Jawa Barat,Bogor,-6.497222,106.747222,,https://upload.wikimedia.org/wikipedia/commons/thumb/0/0a/Situ_Kemang.jpg/960px-Situ_Kemang.jpg?utm_source=id.wikipedia.org&utm_campaign=api&utm_content=thumbnail|https://commons.wikimedia.org/wiki/Special:FilePath/Situ%20Kemang.jpg?width=800
Danau Cangkuang,danau,Jawa Barat,Garut,-7.106111,107.921389,,https://upload.wikimedia.org/wikipedia/commons/thumb/b/bb/Situ_Cangkuang%2C_Leles%2C_Garut%2C_Indonesia.jpg/960px-Situ_Cangkuang%2C_Leles%2C_Garut%2C_Indonesia.jpg?utm_source=id.wikipedia.org&utm_campaign=api&utm_content=thumbnail|https://commons.wikimedia.org/wiki/Special:FilePath/Situ%20Cangkuang%2C%20Leles%2C%20Garut%2C%20Indonesia.jpg?width=800
Situ Cikaret,danau,Banten,Kota Tangerang Selatan,-6.468889,106.835278,,https://upload.wikimedia.org/wikipedia/commons/thumb/9/99/Situ_cikaret.jpg/960px-Situ_cikaret.jpg?utm_source=id.wikipedia.org&utm_campaign=api&utm_content=thumbnail|https://commons.wikimedia.org/wiki/Special:FilePath/Situ%20cikaret.jpg?width=800
Situ Rawa Cipondoh,danau,DKI Jakarta,Jakarta Utara,-6.2,106.674722,,https://upload.wikimedia.org/wikipedia/commons/thumb/1/18/Situ_Cipondoh_Sunset.jpeg/960px-Situ_Cipondoh_Sunset.jpeg?utm_source=id.wikipedia.org&utm_campaign=api&utm_content=thumbnail
Situ Cibinong,danau,Jawa Barat,Bogor,-6.469444,106.856944,,https://upload.wikimedia.org/wikipedia/commons/b/ba/Situ_cibinong.png?utm_source=id.wikipedia.org&utm_campaign=api&utm_content=thumbnail_unscaled|https://commons.wikimedia.org/wiki/Special:FilePath/Situ%20cibinong.png?width=800
Waduk Gedangkulut,danau,Jawa Timur,Kota Surabaya,-7.1975,112.524167,,
Bendungan Selorejo,danau,Jawa Timur,Batu,-7.865278,112.361111,,https://upload.wikimedia.org/wikipedia/commons/thumb/7/7c/Mencari_Ikan_di_Waduk_Selorejo.jpg/960px-Mencari_Ikan_di_Waduk_Selorejo.jpg?utm_source=id.wikipedia.org&utm_campaign=api&utm_content=thumbnail
Danau Tendetung,danau,Sulawesi Tengah,Banggai,-1.420278,123.468056,,
Situ Tonjong,danau,Jawa Barat,Bogor,-6.493611,106.766111,,https://upload.wikimedia.org/wikipedia/commons/d/d9/Situ_tonjong.jpg?utm_source=id.wikipedia.org&utm_campaign=api&utm_content=thumbnail_unscaled|https://commons.wikimedia.org/wiki/Special:FilePath/Situ%20tonjong.jpg?width=800
Danau Tambing,danau,Sulawesi Tengah,Poso,-1.3275,120.3072,,https://upload.wikimedia.org/wikipedia/commons/2/2e/Lake_Tambing%2C_October_2016.jpg?utm_source=id.wikipedia.org&utm_campaign=api&utm_content=thumbnail_unscaled|https://commons.wikimedia.org/wiki/Special:FilePath/Lake%20Tambing%2C%20October%202016.jpg?width=800
Waduk Nglangon,danau,Jawa Tengah,Kota Surakarta,-7.1725,111.139444,,https://upload.wikimedia.org/wikipedia/commons/thumb/3/38/Pintu_Air_Waduk_Nglangon_Kradenan%2C_Grobogan%2C_Central_Java_58182%2C_Indonesia_-_panoramio.jpg/960px-Pintu_Air_Waduk_Nglangon_Kradenan%2C_Grobogan%2C_Central_Java_58182%2C_Indonesia_-_panoramio.jpg?utm_source=id.wikipedia.org&utm_campaign=api&utm_content=thumbnail
Situ Buleud,danau,Jawa Barat,Karawang,-6.556944,107.446111,,https://upload.wikimedia.org/wikipedia/commons/thumb/5/53/Situ_Buleud_03.jpg/960px-Situ_Buleud_03.jpg?utm_source=id.wikipedia.org&utm_campaign=api&utm_content=thumbnail|https://commons.wikimedia.org/wiki/Special:FilePath/Situ%20Buleud%2003.jpg?width=800
Danau Calo,danau,Jambi,Kota Jambi,-2.957563,103.986906,,
Danau Sipin,danau,Jambi,Kota Jambi,-1.598889,103.579722,,https://upload.wikimedia.org/wikipedia/commons/c/cb/Danau_sipin.jpg?utm_source=id.wikipedia.org&utm_campaign=api&utm_content=thumbnail_unscaled|https://commons.wikimedia.org/wiki/Special:FilePath/Danau%20Sipin%202.jpg?width=800
Danau Rayo,danau,Jambi,Batanghari,-2.640218,102.880509,,
Sanghyang Heuleut,danau,Jawa Barat,Cianjur,-6.876436,107.34176,,https://upload.wikimedia.org/wikipedia/commons/thumb/7/74/Sanghyang_Heuleut_Lake_Is_Hidden_Paradise_at_West_Java.jpg/960px-Sanghyang_Heuleut_Lake_Is_Hidden_Paradise_at_West_Java.jpg?utm_source=id.wikipedia.org&utm_campaign=api&utm_content=thumbnail|https://commons.wikimedia.org/wiki/Special:FilePath/Sanghyang%20Heuleut%20Lake%20Is%20Hidden%20Paradise%20at%20West%20Java.jpg?width=800
Situ Salabenda,danau,Jawa Barat,Bogor,-6.522928,106.757891,,https://upload.wikimedia.org/wikipedia/commons/thumb/3/31/Situ_Salabenda.png/960px-Situ_Salabenda.png?utm_source=id.wikipedia.org&utm_campaign=api&utm_content=thumbnail|https://commons.wikimedia.org/wiki/Special:FilePath/Situ%20Salabenda.png?width=800
Situ Jampang Pulo,danau,Jawa Barat,Bogor,-6.470955,106.721663,,https://upload.wikimedia.org/wikipedia/commons/thumb/a/a1/Situ_Danau_Pulau_Indah_atau_lebih_dikenal_Situ_Jampang_Pulo.jpg/960px-Situ_Danau_Pulau_Indah_atau_lebih_dikenal_Situ_Jampang_Pulo.jpg?utm_source=id.wikipedia.org&utm_campaign=api&utm_content=thumbnail|https://commons.wikimedia.org/wiki/Special:FilePath/Situ%20Danau%20Pulau%20Indah%20atau%20lebih%20dikenal%20Situ%20Jampang%20Pulo.jpg?width=800
Danau Biru Cisoka,danau,Banten,Kota Tangerang Selatan,-6.277718,106.431251,,
Danau Seran,danau,Kalimantan Tengah,Kota Palangka Raya,-3.49048,114.79036,,https://upload.wikimedia.org/wikipedia/commons/thumb/e/e9/Danau_Seran%2C_Banjarbaru.jpg/960px-Danau_Seran%2C_Banjarbaru.jpg?utm_source=id.wikipedia.org&utm_campaign=api&utm_content=thumbnail|https://commons.wikimedia.org/wiki/Special:FilePath/Danau%20Seran%2C%20Banjarbaru%202.jpg?width=800
Danau Paisupok,danau,Sulawesi Tengah,Banggai Kepulauan,-1.21747,122.972747,,
Danau Silosung,danau,Sumatera Utara,Toba,2.269564,98.824868,,
Gunung Sorik Marapi,gunung,Sumatera Utara,Kota Padangsidimpuan,0.686,99.539,,https://upload.wikimedia.org/wikipedia/commons/0/03/Sorikmarapi.jpg?utm_source=id.wikipedia.org&utm_campaign=api&utm_content=thumbnail_unscaled|https://commons.wikimedia.org/wiki/Special:FilePath/Sorikmarapi.jpg?width=800
Gunung Seulawah Agam,gunung,Aceh,Kota Banda Aceh,5.448,95.658,,https://upload.wikimedia.org/wikipedia/commons/a/a0/Seulawaih_Agam.jpg?utm_source=id.wikipedia.org&utm_campaign=api&utm_content=thumbnail_unscaled|https://commons.wikimedia.org/wiki/Special:FilePath/Seulawaih%20Agam.jpg?width=800
Gunung Merbabu,gunung,Jawa Tengah,Boyolali,-7.455,110.44,,https://upload.wikimedia.org/wikipedia/commons/thumb/1/12/MtmerbabuA45d.jpg/960px-MtmerbabuA45d.jpg?utm_source=id.wikipedia.org&utm_campaign=api&utm_content=thumbnail|https://commons.wikimedia.org/wiki/Special:FilePath/Pemandangan%20Merbabu%20dari%20Kota%20Salatiga%20%281%29.jpg?width=800
Gunung Tambora,gunung,Nusa Tenggara Barat,Sumbawa,-8.245278,117.992778,,https://upload.wikimedia.org/wikipedia/commons/thumb/7/78/Mount_Tambora_Volcano%2C_Sumbawa_Island%2C_Indonesia.jpg/960px-Mount_Tambora_Volcano%2C_Sumbawa_Island%2C_Indonesia.jpg?utm_source=id.wikipedia.org&utm_campaign=api&utm_content=thumbnail|https://commons.wikimedia.org/wiki/Special:FilePath/Caldera%20Mt%20Tambora%20Sumbawa%20Indonesia.jpg?width=800
Gunung Telomoyo,gunung,Jawa Tengah,Kota Magelang,-7.37,110.4,,https://upload.wikimedia.org/wikipedia/commons/8/89/Ketep_Pass11.jpg?utm_source=id.wikipedia.org&utm_campaign=api&utm_content=thumbnail_unscaled|https://commons.wikimedia.org/wiki/Special:FilePath/Road%20to%20the%20summit%20of%20Mount%20Telomoyo.jpg?width=800
Gunung Maras,gunung,Sumatera Selatan,Banyuasin,-1.883333,105.833333,,https://upload.wikimedia.org/wikipedia/commons/0/02/Bukit-maras_20171129_202526.jpg?utm_source=id.wikipedia.org&utm_campaign=api&utm_content=thumbnail_unscaled
Gunung Telaga Bodas,gunung,Jawa Barat,Garut,-7.208,108.07,,https://upload.wikimedia.org/wikipedia/commons/2/22/Talagabodas.jpg?utm_source=id.wikipedia.org&utm_campaign=api&utm_content=thumbnail_unscaled|https://commons.wikimedia.org/wiki/Special:FilePath/Talagabodas.jpg?width=800
Gunung Batur,gunung,Bali,Bangli,-8.241944,115.375,,https://upload.wikimedia.org/wikipedia/commons/thumb/4/47/Mount_Batur.JPG/960px-Mount_Batur.JPG?utm_source=id.wikipedia.org&utm_campaign=api&utm_content=thumbnail|https://commons.wikimedia.org/wiki/Special:FilePath/Mount%20Batur2.JPG?width=800
Gunung Tandikat,gunung,Sumatera Barat,Kota Bukittinggi,-0.432583,100.317136,,https://upload.wikimedia.org/wikipedia/commons/thumb/f/f8/The_Peak_of_Mount_Tandikat.jpg/960px-The_Peak_of_Mount_Tandikat.jpg?utm_source=id.wikipedia.org&utm_campaign=api&utm_content=thumbnail|https://commons.wikimedia.org/wiki/Special:FilePath/Tandikat-Singgalang.jpg?width=800
Gunung Bandahara,gunung,Aceh,Aceh Tenggara,3.74945,97.78261,,
Gunung Geureudong,gunung,Aceh,Aceh Tengah,4.8105,96.8169,,https://upload.wikimedia.org/wikipedia/commons/a/a3/Bur_ni_Telong.jpg?utm_source=id.wikipedia.org&utm_campaign=api&utm_content=thumbnail_unscaled|https://commons.wikimedia.org/wiki/Special:FilePath/Bur%20ni%20Telong.jpg?width=800
Rinjani,gunung,Nusa Tenggara Barat,Lombok Timur,-8.416667,116.466667,,https://upload.wikimedia.org/wikipedia/commons/thumb/4/4c/KAGAGAHAN_RIJANI.jpg/960px-KAGAGAHAN_RIJANI.jpg?utm_source=id.wikipedia.org&utm_campaign=api&utm_content=thumbnail|https://commons.wikimedia.org/wiki/Special:FilePath/Gunung%20Rinjani%20dari%20Jalur%20Sembalun.jpg?width=800
Gunung Perkison,gunung,Aceh,Aceh Tenggara,3.62225,97.858333,,https://upload.wikimedia.org/wikipedia/commons/b/bc/Puncak_Gunung_Perkison.jpg?utm_source=id.wikipedia.org&utm_campaign=api&utm_content=thumbnail_unscaled|https://commons.wikimedia.org/wiki/Special:FilePath/Puncak%20Gunung%20Perkison.jpg?width=800
Gunung Palung,gunung,Kalimantan Barat,Ketapang,-1.2117,110.14,,
Gunung Agung,gunung,Bali,Karangasem,-8.341944,115.507778,,https://upload.wikimedia.org/wikipedia/commons/c/c5/Agung_usgs.jpg?utm_source=id.wikipedia.org&utm_campaign=api&utm_content=thumbnail_unscaled|https://commons.wikimedia.org/wiki/Special:FilePath/Mount%20Agung%2C%20November%202017%20eruption%20-%2027%20Nov%202017%2003.jpg?width=800
Bukit Beriti Besar,gunung,Sumatera Selatan,Musi Rawas,-3.265442,102.264805,,https://commons.wikimedia.org/wiki/Special:FilePath/Belirang-Beriti.jpg?width=800
Gunung Soputan,gunung,Sulawesi Utara,Kota Tomohon,1.112,124.736,,https://upload.wikimedia.org/wikipedia/commons/thumb/2/25/The_Volcano_Disaster_Assistance_Program_%28VDAP%29_%284950156736%29.jpg/960px-The_Volcano_Disaster_Assistance_Program_%28VDAP%29_%284950156736%29.jpg?utm_source=id.wikipedia.org&utm_campaign=api&utm_content=thumbnail|https://commons.wikimedia.org/wiki/Special:FilePath/Soputan.jpg?width=800
Gunung Awu,gunung,Sulawesi Utara,Kepulauan Sangihe,3.68128,125.45387,,https://upload.wikimedia.org/wikipedia/commons/6/6a/Mount_Awu_Crater.jpg?utm_source=id.wikipedia.org&utm_campaign=api&utm_content=thumbnail_unscaled|https://commons.wikimedia.org/wiki/Special:FilePath/Mount%20Awu%20Crater.jpg?width=800
Gunung Arjuno,gunung,Jawa Timur,Batu,-7.765,112.589722,,https://upload.wikimedia.org/wikipedia/commons/thumb/8/8e/Arjuno-Welirang_from_Mount_Penanggungan_by_Harris_Frilingga_K.jpg/960px-Arjuno-Welirang_from_Mount_Penanggungan_by_Harris_Frilingga_K.jpg?utm_source=id.wikipedia.org&utm_campaign=api&utm_content=thumbnail|https://commons.wikimedia.org/wiki/Special:FilePath/Mount%20Arjuna.jpg?width=800
Gunung Malabar,gunung,Jawa Barat,Kota Bandung,-7.13,107.65,,https://upload.wikimedia.org/wikipedia/commons/thumb/d/d0/Gunung_Malabar.jpg/960px-Gunung_Malabar.jpg?utm_source=id.wikipedia.org&utm_campaign=api&utm_content=thumbnail|https://commons.wikimedia.org/wiki/Special:FilePath/COLLECTIE%20TROPENMUSEUM%20Landschap%20met%20gezicht%20op%20de%20Goenoeng%20Malabar%20TMnr%2060011494.jpg?width=800
Gunung Bromo,gunung,Jawa Timur,Kota Malang,-7.943056,112.953889,,https://upload.wikimedia.org/wikipedia/commons/thumb/7/7d/Mount_Bromo_at_sunrise%2C_showing_its_volcanoes_and_Mount_Semeru_%28background%29.jpg/960px-Mount_Bromo_at_sunrise%2C_showing_its_volcanoes_and_Mount_Semeru_%28background%29.jpg?utm_source=id.wikipedia.org&utm_campaign=api&utm_content=thumbnail|https://commons.wikimedia.org/wiki/Special:FilePath/Mount%20Bromo%20closeup%20on%20sunrise%202.jpg?width=800
Gunung Gede,gunung,Jawa Barat,Cianjur,-6.788333,106.981667,,https://upload.wikimedia.org/wikipedia/commons/thumb/9/94/Mount_Gede_01.jpg/960px-Mount_Gede_01.jpg?utm_source=id.wikipedia.org&utm_campaign=api&utm_content=thumbnail|https://commons.wikimedia.org/wiki/Special:FilePath/Gede%20seen%20from%20Cilaku.jpg?width=800
Gunung Nglanggeran,gunung,Jawa Tengah,Boyolali,-7.8397,110.5483,,https://upload.wikimedia.org/wikipedia/commons/thumb/b/bb/Bukit_Nglanggeran.jpg/960px-Bukit_Nglanggeran.jpg?utm_source=id.wikipedia.org&utm_campaign=api&utm_content=thumbnail
Gunung Gamalama,gunung,Sulawesi Utara,Kota Bitung,0.807222,127.333889,,https://upload.wikimedia.org/wikipedia/commons/d/d5/Gamalama.jpg?utm_source=id.wikipedia.org&utm_campaign=api&utm_content=thumbnail_unscaled|https://commons.wikimedia.org/wiki/Special:FilePath/Ternate%2C%20Maluku%20Islands%2C%20Indonesia%202.jpg?width=800
Puncak Mandala,gunung,Papua,Keerom,-4.708611,140.289167,,https://upload.wikimedia.org/wikipedia/commons/thumb/1/13/Puncak_Mandala_from_North_West_by_Christian_Stangl_flickr.jpg/960px-Puncak_Mandala_from_North_West_by_Christian_Stangl_flickr.jpg?utm_source=id.wikipedia.org&utm_campaign=api&utm_content=thumbnail|https://commons.wikimedia.org/wiki/Special:FilePath/Puncak%20Mandala%20from%20North%20West%20by%20Christian%20Stangl%20flickr.jpg?width=800
Puncak Trikora,gunung,Papua,Sarmi,-4.35,138.65,,https://upload.wikimedia.org/wikipedia/commons/thumb/1/11/Puncak_Trikora_from_north._main_summit_%28center_left%29_and_west_ridge_by_Christian_Stangl_flickr.jpg/960px-Puncak_Trikora_from_north._main_summit_%28center_left%29_and_west_ridge_by_Christian_Stangl_flickr.jpg?utm_source=id.wikipedia.org&utm_campaign=api&utm_content=thumbnail|https://commons.wikimedia.org/wiki/Special:FilePath/Puncak%20Trikora%20from%20north.%20main%20summit%20%28center%20left%29%20and%20west%20ridge%20by%20Christian%20Stangl%20flickr.jpg?width=800
Gunung Sirung,gunung,Nusa Tenggara Timur,Timor Tengah Utara,-8.516667,124.133333,,https://upload.wikimedia.org/wikipedia/commons/f/ff/Gunung_Sirung_caldera.jpg?utm_source=id.wikipedia.org&utm_campaign=api&utm_content=thumbnail_unscaled|https://commons.wikimedia.org/wiki/Special:FilePath/Gunung%20Sirung%20caldera.jpg?width=800
Gunung Mutis,gunung,Nusa Tenggara Timur,Timor Tengah Utara,-9.526111,124.238611,,https://upload.wikimedia.org/wikipedia/commons/thumb/4/48/Dua_pohon_besar_yang_bisa_ditemui_di_dekat_pintu_masuk_lereng_gunung_mutis.jpg/960px-Dua_pohon_besar_yang_bisa_ditemui_di_dekat_pintu_masuk_lereng_gunung_mutis.jpg?utm_source=id.wikipedia.org&utm_campaign=api&utm_content=thumbnail|https://commons.wikimedia.org/wiki/Special:FilePath/Santalum%20album%20%28Chandan%29%20in%20Hyderabad%2C%20AP%20W%20IMG%200025.jpg?width=800
Gunung Dempo,gunung,Sumatera Selatan,Lahat,-4.03,103.13,,https://upload.wikimedia.org/wikipedia/commons/thumb/8/84/Gunung_dempo_%28cropped%29.jpg/960px-Gunung_dempo_%28cropped%29.jpg?utm_source=id.wikipedia.org&utm_campaign=api&utm_content=thumbnail|https://commons.wikimedia.org/wiki/Special:FilePath/Gunung%20dempo%20%28cropped%29.jpg?width=800
Gunung Tangkuban Perahu,gunung,Jawa Barat,Kota Bandung,-6.77,107.6,,https://upload.wikimedia.org/wikipedia/commons/thumb/9/9a/Panoramic_View_of_Kawah_Ratu_Crater_in_Mt.Tangkuban_Perahu.jpg/960px-Panoramic_View_of_Kawah_Ratu_Crater_in_Mt.Tangkuban_Perahu.jpg?utm_source=id.wikipedia.org&utm_campaign=api&utm_content=thumbnail|https://commons.wikimedia.org/wiki/Special:FilePath/Vulkaan%20Tangkuban%20Perahu.jpg?width=800
Gunung Klabat,gunung,Sulawesi Utara,Kota Bitung,1.453333,125.030833,,https://upload.wikimedia.org/wikipedia/commons/5/59/Gunung_Klabat.jpg?utm_source=id.wikipedia.org&utm_campaign=api&utm_content=thumbnail_unscaled|https://commons.wikimedia.org/wiki/Special:FilePath/Gunung%20Klabat.jpg?width=800
Gunung Perbakti,gunung,Banten,Kota Tangerang Selatan,-6.75,106.68,,
Gunung Sumbing Jawa Tengah,gunung,Jawa Tengah,Kota Magelang,-7.385,110.0725,,https://commons.wikimedia.org/wiki/Special:FilePath/Mount%20sumbing.jpg?width=800
Gunung Sumbing Jambi,gunung,Sumatera Barat,Pesisir Selatan,-2.414,101.728,,https://commons.wikimedia.org/wiki/Special:FilePath/Mount%20Sumbing%202013-09-18%20%2815854172378%29.jpg?width=800
Gunung Sibualbuali,gunung,Sumatera Utara,Kota Padangsidimpuan,1.556,99.255,,https://upload.wikimedia.org/wikipedia/commons/thumb/5/50/Atlas_SMP_BIG_-_Sumatera_Utara.svg/960px-Atlas_SMP_BIG_-_Sumatera_Utara.svg.png?utm_source=id.wikipedia.org&utm_campaign=api&utm_content=thumbnail
Kelam,gunung,Kalimantan Barat,Sintang,0.0758,111.6525,,https://upload.wikimedia.org/wikipedia/commons/thumb/a/a5/Gloomy_Forest.jpg/960px-Gloomy_Forest.jpg?utm_source=id.wikipedia.org&utm_campaign=api&utm_content=thumbnail|https://commons.wikimedia.org/wiki/Special:FilePath/Bukit%20Kelam%20Sintang.jpg?width=800
Colo,gunung,Sulawesi Tengah,Banggai,-0.17,121.608,,https://commons.wikimedia.org/wiki/Special:FilePath/A%20broad%20ash%20plume%20rises%20above%20Colo%20volcano%20on%20the%20island%20of%20Una-Una%20during%20the%20powerful%201983%20eruption.jpg?width=800
Gunung Lokon,gunung,Sulawesi Utara,Kota Tomohon,1.358056,124.791944,,https://upload.wikimedia.org/wikipedia/commons/thumb/c/c5/Lokon.JPG/960px-Lokon.JPG?utm_source=id.wikipedia.org&utm_campaign=api&utm_content=thumbnail|https://commons.wikimedia.org/wiki/Special:FilePath/Gunung%20Lokon.jpg?width=800
Gunung Lurus,gunung,Jawa Timur,Kota Probolinggo,-7.739167,113.580278,,
Gunung Ambang,gunung,Sulawesi Utara,Kota Kotamobagu,0.7575,124.415833,,
Pegunungan Meratus,gunung,Kalimantan Tengah,Kota Palangka Raya,-2.75,115.666667,,https://upload.wikimedia.org/wikipedia/commons/thumb/c/cc/Pegunungan_Meratus_002.jpg/960px-Pegunungan_Meratus_002.jpg?utm_source=id.wikipedia.org&utm_campaign=api&utm_content=thumbnail|https://commons.wikimedia.org/wiki/Special:FilePath/Meratus.jpg?width=800
Gunung Karangetang,gunung,Sulawesi Utara,Kepulauan Sangihe,2.777778,125.4075,,https://upload.wikimedia.org/wikipedia/commons/thumb/d/d9/Puncak_Gunung_Karangetang.jpg/960px-Puncak_Gunung_Karangetang.jpg?utm_source=id.wikipedia.org&utm_campaign=api&utm_content=thumbnail|https://commons.wikimedia.org/wiki/Special:FilePath/Gunung%20Karangetang.jpg?width=800
Gunung Papandayan,gunung,Jawa Barat,Garut,-7.328969,107.715703,,https://upload.wikimedia.org/wikipedia/commons/thumb/5/50/Indonesia_-_papandayan_4.jpg/960px-Indonesia_-_papandayan_4.jpg?utm_source=id.wikipedia.org&utm_campaign=api&utm_content=thumbnail|https://commons.wikimedia.org/wiki/Special:FilePath/Indonesia%20-%20papandayan%205.jpg?width=800
Bratan,gunung,Bali,Buleleng,-8.283333,115.133333,,https://commons.wikimedia.org/wiki/Special:FilePath/Bratan.jpg?width=800
Gunung Wilis,gunung,Jawa Tengah,Kota Surakarta,-7.808,111.758,,https://upload.wikimedia.org/wikipedia/commons/e/ee/Wilis.jpg?utm_source=id.wikipedia.org&utm_campaign=api&utm_content=thumbnail_unscaled|https://commons.wikimedia.org/wiki/Special:FilePath/Wilis.jpg?width=800
Puncak Jaya,gunung,Papua,Yapen,-4.083333,137.183333,,https://upload.wikimedia.org/wikipedia/commons/thumb/c/cd/Carstenzs_Piramida_Mountain.jpg/960px-Carstenzs_Piramida_Mountain.jpg?utm_source=id.wikipedia.org&utm_campaign=api&utm_content=thumbnail|https://commons.wikimedia.org/wiki/Special:FilePath/Puncakjaya.jpg?width=800
Gunung Marapi,gunung,Sumatera Barat,Tanah Datar,-0.380556,100.473333,,https://upload.wikimedia.org/wikipedia/commons/thumb/5/54/Marapi_and_Bukittinggi.jpg/960px-Marapi_and_Bukittinggi.jpg?utm_source=id.wikipedia.org&utm_campaign=api&utm_content=thumbnail|https://commons.wikimedia.org/wiki/Special:FilePath/Gunung%20Marapi%20dalam%20sensasi%20Dua%20Warna%20%28cropped%29.jpg?width=800
Gunung Ceremai,gunung,Jawa Barat,Kota Cirebon,-6.891944,108.4,,https://upload.wikimedia.org/wikipedia/commons/e/eb/Gunung_Ciremai_sfw2503.jpg?utm_source=id.wikipedia.org&utm_campaign=api&utm_content=thumbnail_unscaled|https://commons.wikimedia.org/wiki/Special:FilePath/Gunung%20Ciremai%20sfw2503.jpg?width=800
Gunung Kembar,gunung,Aceh,Gayo Lues,3.85,97.664,,
Gunung Baluran,gunung,Jawa Timur,Banyuwangi,-7.846389,114.362222,,https://upload.wikimedia.org/wikipedia/commons/thumb/9/96/Savana_Bekol_Taman_Nasional_Baluran.jpg/960px-Savana_Bekol_Taman_Nasional_Baluran.jpg?utm_source=id.wikipedia.org&utm_campaign=api&utm_content=thumbnail|https://commons.wikimedia.org/wiki/Special:FilePath/COLLECTIE%20TROPENMUSEUM%20De%20vulkaan%20Beloeran%20aan%20de%20Oostkust%20van%20Java%20vanuit%20zee%20TMnr%2010004116.jpg?width=800
Gunung Slamet,gunung,Jawa Tengah,Banjarnegara,-7.239,109.22,,https://upload.wikimedia.org/wikipedia/commons/thumb/9/9e/Gunung_Slamer_dari_Limpakuwus_%281%29.jpg/960px-Gunung_Slamer_dari_Limpakuwus_%281%29.jpg?utm_source=id.wikipedia.org&utm_campaign=api&utm_content=thumbnail|https://commons.wikimedia.org/wiki/Special:FilePath/Gunung%20Slamet%20dari%20Kr%20Salam.jpg?width=800
Gunung Binaia,gunung,Maluku,Maluku Tengah,-3.173333,129.455,,https://commons.wikimedia.org/wiki/Special:FilePath/Seram%20en.png?width=800
Gunung Galunggung,gunung,Jawa Barat,Garut,-7.256731,108.077059,,https://upload.wikimedia.org/wikipedia/commons/8/88/Mt_galunggung_volcanic_crater.jpg?utm_source=id.wikipedia.org&utm_campaign=api&utm_content=thumbnail_unscaled|https://commons.wikimedia.org/wiki/Special:FilePath/Galunggung.jpg?width=800
Gunung Kelimutu,gunung,Nusa Tenggara Timur,Ende,-8.77,121.82,,https://upload.wikimedia.org/wikipedia/commons/7/70/Flores_Moni_Kelimutu.jpg?utm_source=id.wikipedia.org&utm_campaign=api&utm_content=thumbnail_unscaled|https://commons.wikimedia.org/wiki/Special:FilePath/Kelimutu%202007-07-21.jpg?width=800
Ndete Napu,gunung,Nusa Tenggara Timur,Ende,-8.72,121.78,,https://upload.wikimedia.org/wikipedia/commons/thumb/b/bb/Mount_Bromo%2C_Java%2C_Indonesia.jpg/960px-Mount_Bromo%2C_Java%2C_Indonesia.jpg?utm_source=id.wikipedia.org&utm_campaign=api&utm_content=thumbnail
Gunung Leuser,gunung,Aceh,Gayo Lues,3.7975,97.219167,,https://upload.wikimedia.org/wikipedia/commons/thumb/6/61/Sunrises_-_Mount_Leuser_National_Park.jpg/960px-Sunrises_-_Mount_Leuser_National_Park.jpg?utm_source=id.wikipedia.org&utm_campaign=api&utm_content=thumbnail|https://commons.wikimedia.org/wiki/Special:FilePath/Sunrises%20-%20Mount%20Leuser%20National%20Park.jpg?width=800
Ngga Pulu,gunung,Papua,Yapen,-4.057222,137.183611,,https://commons.wikimedia.org/wiki/Special:FilePath/Puncak%20Jaya%20icecap%201936.jpg?width=800
Gunung Karang,gunung,Lampung,Lampung Selatan,-6.269167,106.05,,https://upload.wikimedia.org/wikipedia/commons/1/13/COLLECTIE_TROPENMUSEUM_De_Gunung_Karang_TMnr_60016534.jpg?utm_source=id.wikipedia.org&utm_campaign=api&utm_content=thumbnail_unscaled|https://commons.wikimedia.org/wiki/Special:FilePath/COLLECTIE%20TROPENMUSEUM%20De%20Gunung%20Karang%20TMnr%2060016534.jpg?width=800
Gunung Ine Lika,gunung,Nusa Tenggara Timur,Manggarai,-8.73,120.98,,https://upload.wikimedia.org/wikipedia/commons/c/c2/Flores_Bajawa_red_lakes.jpg?utm_source=id.wikipedia.org&utm_campaign=api&utm_content=thumbnail_unscaled|https://commons.wikimedia.org/wiki/Special:FilePath/Flores%20Bajawa%20red%20lakes.jpg?width=800
Gunung Ebulobo,gunung,Nusa Tenggara Timur,Ende,-8.82,121.18,,https://upload.wikimedia.org/wikipedia/commons/d/d7/Ebulobo.jpg?utm_source=id.wikipedia.org&utm_campaign=api&utm_content=thumbnail_unscaled|https://commons.wikimedia.org/wiki/Special:FilePath/Ebulobo.jpg?width=800
Gunung Leroboleng,gunung,Nusa Tenggara Timur,Sikka,-8.358,122.842,,
Gunung Kamojang,gunung,Jawa Barat,Garut,-7.125,107.8,,https://upload.wikimedia.org/wikipedia/commons/8/83/COLLECTIE_TROPENMUSEUM_Badhuizen_bij_zwavelbaden_in_een_oude_kraterbodem_van_Kawah_Kamodjang_op_de_vulkaan_Goentoer_West-Java_TMnr_10007433.jpg?utm_source=id.wikipedia.org&utm_campaign=api&utm_content=thumbnail_unscaled|https://commons.wikimedia.org/wiki/Special:FilePath/COLLECTIE%20TROPENMUSEUM%20Badhuizen%20bij%20zwavelbaden%20in%20een%20oude%20kraterbodem%20van%20Kawah%20Kamodjang%20op%20de%20vulkaan%20Goentoer%20West-Java%20TMnr%2010007433.jpg?width=800
Gunung Dukono,gunung,Maluku Utara,Halmahera Utara,1.699167,127.878333,,https://upload.wikimedia.org/wikipedia/commons/6/6e/Dukono.jpg?utm_source=id.wikipedia.org&utm_campaign=api&utm_content=thumbnail_unscaled|https://commons.wikimedia.org/wiki/Special:FilePath/Mt%20Dukono.jpg?width=800
Gunung Welirang,gunung,Jawa Timur,Batu,-7.7325,112.574722,,https://upload.wikimedia.org/wikipedia/commons/thumb/8/8e/Arjuno-Welirang_from_Mount_Penanggungan_by_Harris_Frilingga_K.jpg/960px-Arjuno-Welirang_from_Mount_Penanggungan_by_Harris_Frilingga_K.jpg?utm_source=id.wikipedia.org&utm_campaign=api&utm_content=thumbnail|https://commons.wikimedia.org/wiki/Special:FilePath/COLLECTIE%20TROPENMUSEUM%20Gezicht%20op%20de%20vulkaan%20Welirang%20vanaf%20de%20Widodaren%20TMnr%2010023577.jpg?width=800
Gunung Tampomas,gunung,Jawa Barat,Sumedang,-6.77,107.95,,https://commons.wikimedia.org/wiki/Special:FilePath/Gunungtampomas.jpg?width=800
Gunung Sempu,gunung,Sulawesi Utara,Kota Tomohon,1.13,124.758,,
Gunung Penanggungan,gunung,Jawa Timur,Batu,-7.62,112.63,,https://commons.wikimedia.org/wiki/Special:FilePath/Penanggungan%20from%20Arjuno-Welirang%202018-12-30.jpg?width=800
Singgalang,gunung,Sumatera Barat,Kota Bukittinggi,-0.391389,100.331111,,https://commons.wikimedia.org/wiki/Special:FilePath/Singgalang.jpg?width=800
Gunung Iya,gunung,Nusa Tenggara Timur,Ende,-8.897,121.645,,https://commons.wikimedia.org/wiki/Special:FilePath/Gunung%20Iya.jpg?width=800
Gunung Poco Leok,gunung,Nusa Tenggara Timur,Manggarai,-8.68,120.48,,
Ngga Pilimsit,gunung,Papua,Yapen,-4.035556,137.059167,,
Gunung Bawakaraeng,gunung,Sulawesi Selatan,Bantaeng,-5.31733,119.944,,
Gunung Muria,gunung,Jawa Tengah,Jepara,-6.616667,110.883333,,https://commons.wikimedia.org/wiki/Special:FilePath/Gunung%20Muria.jpg?width=800
Wurlali,gunung,Maluku,Maluku Barat Daya,-7.125,128.675,,https://commons.wikimedia.org/wiki/Special:FilePath/Wurlali.jpg?width=800
Gunung Raung,gunung,Jawa Timur,Banyuwangi,-8.125,114.041667,,https://commons.wikimedia.org/wiki/Special:FilePath/Mount%20Raung.jpg?width=800
Gunung Sindara,gunung,Jawa Tengah,Wonosobo,-7.301111,109.996667,,https://commons.wikimedia.org/wiki/Special:FilePath/Sundoro.jpg?width=800
Gunung Bijih,gunung,Papua,Yapen,-4.084556,137.186611,,
Gunung Talang,gunung,Sumatera Barat,Solok,-0.986,100.6925,,https://commons.wikimedia.org/wiki/Special:FilePath/Mount%20Talang.JPG?width=800
Gunung Argapura,gunung,Jawa Timur,Kota Probolinggo,-7.9645,113.5665,,https://commons.wikimedia.org/wiki/Special:FilePath/COLLECTIE%20TROPENMUSEUM%20De%20vulkaan%20Argopuro%20TMnr%2020017909.jpg?width=800
Gunung Tondano,gunung,Sulawesi Utara,Kota Tomohon,1.23,124.83,,https://commons.wikimedia.org/wiki/Special:FilePath/Lake%20Tondano%20view%20from%20Bukit%20Kasih.JPG?width=800
Gunung Guntur,gunung,Jawa Barat,Garut,-7.143333,107.839722,,https://commons.wikimedia.org/wiki/Special:FilePath/Gunung%20Guntur.jpg?width=800
Mount Ungaran,gunung,Jawa Tengah,Kota Semarang,-7.18,110.33,,https://commons.wikimedia.org/wiki/Special:FilePath/Ereveld%20Candi.jpg?width=800
Gunung Wayang,gunung,Jawa Barat,Garut,-7.208,107.63,,https://commons.wikimedia.org/wiki/Special:FilePath/COLLECTIE%20TROPENMUSEUM%20Gezicht%20op%20de%20Gunung%20Wayang%20en%20de%20Gunung%20Windu%20vanaf%20kina-%20en%20theeplantage%20Lodaja%20TMnr%2060016822.jpg?width=800
Bukit Seguntang,gunung,Riau,Indragiri Hulu,-1.272,102.4743,,
Wai Sano,gunung,Nusa Tenggara Timur,Manggarai Barat,-8.716667,120.016667,,
Gunung Iliwerung,gunung,Nusa Tenggara Timur,Timor Tengah Utara,-8.532222,123.573333,,https://commons.wikimedia.org/wiki/Special:FilePath/Iliwerung%20lava%20dome.jpg?width=800
Iyang-Argapura,gunung,Jawa Timur,Kota Probolinggo,-7.97,113.57,,https://commons.wikimedia.org/wiki/Special:FilePath/Iyang-Argapura.jpg?width=800
Gunung Ibu,gunung,Maluku Utara,Halmahera Barat,1.483333,127.633333,,https://commons.wikimedia.org/wiki/Special:FilePath/Gunung%20Ibu.jpg?width=800
Sangeang Api,gunung,Nusa Tenggara Barat,Kota Bima,-8.18,119.05,,https://commons.wikimedia.org/wiki/Special:FilePath/Indonesia%20-%20Sangeang%20Api.jpg?width=800
Gunung Bukit Daun,gunung,Sumatera Selatan,Musi Rawas,-3.38,102.37,,
Gunung Todoko-Ranu,gunung,Sulawesi Utara,Kota Bitung,1.25,127.47,,https://commons.wikimedia.org/wiki/Special:FilePath/Todoko-Rano.jpg?width=800
Gunung Sekincau,gunung,Sumatera Selatan,Ogan Komering Ulu,-5.12,104.32,,
Gunung Jailolo,gunung,Sulawesi Utara,Kota Bitung,1.0817,127.4267,,https://commons.wikimedia.org/wiki/Special:FilePath/Jailolo.jpg?width=800
Helatoba-Tarutung,gunung,Sumatera Utara,Kota Sibolga,2.03,98.93,,
Gunung Sago,gunung,Sumatera Barat,Tanah Datar,-0.326944,100.670556,,https://commons.wikimedia.org/wiki/Special:FilePath/Mount%20Sago.jpg?width=800
Gunung Puet Sague,gunung,Aceh,Aceh Tengah,4.914,96.329,,https://commons.wikimedia.org/wiki/Special:FilePath/Peuet%20Sague.jpg?width=800
Gunung Hiri,gunung,Sulawesi Utara,Kota Bitung,0.88,127.32,,
Gunung Tigalalu,gunung,Maluku Utara,Halmahera Selatan,0.07,127.42,,
Gunung Suoh,gunung,Sumatera Selatan,Ogan Komering Ulu,-5.25,104.27,,https://commons.wikimedia.org/wiki/Special:FilePath/DJI%200847%20kawah%20nirwana%20Suoh%20TNBBS.jpg?width=800
Gunung Pandan,gunung,Sumatera Barat,Pesisir Selatan,-2.741604,101.847681,,
Gunung Merbuk,gunung,Jawa Timur,Banyuwangi,-8.226111,114.6525,,
Gunung Parang,gunung,Jawa Barat,Karawang,-6.591389,107.346667,,https://commons.wikimedia.org/wiki/Special:FilePath/Mount%20Parang.jpg?width=800
Gunung Tidar,gunung,Jawa Tengah,Kota Magelang,-7.496111,110.218056,,
Gunung Arfak,gunung,Maluku,Kepulauan Aru,-1.156389,133.979722,,https://commons.wikimedia.org/wiki/Special:FilePath/Pegunungan%20Arfak%20from%20the%20Pond%20of%20Rendani.jpg?width=800
Gunung Anjasmoro,gunung,Jawa Timur,Batu,-7.753611,112.507778,,
Gunung Cikuray,gunung,Jawa Barat,Garut,-7.3225,107.8599,,
Gunung Nokilalaki,gunung,Sulawesi Tengah,Sigi,-1.255,120.165833,,
Gunung Sumantri,gunung,Papua,Yapen,-4.061944,137.185,,https://commons.wikimedia.org/wiki/Special:FilePath/Sumantri%20%28center%29%20with%20Ngga%20Pulu%20%28right%29%20from%20Carstensz%20Summit%20by%20Christian%20Stangl%20flickr.jpg?width=800
Gunung Lawit,gunung,Kalimantan Barat,Kapuas Hulu,1.4,112.966667,,
Tobaru,gunung,Maluku Utara,Halmahera Utara,1.6133,127.6817,,
Gunung Halau-halau,gunung,Kalimantan Tengah,Kota Palangka Raya,-2.709895,115.625761,,https://commons.wikimedia.org/wiki/Special:FilePath/Gunung%20halau-halau.jpg?width=800
Gunung Parahu,gunung,Jawa Tengah,Wonosobo,-7.186944,109.922778,,https://commons.wikimedia.org/wiki/Special:FilePath/Mount%20Parahu%20in%20the%20Dieng%20Plateau.jpg?width=800
Gunung Srandil,gunung,Jawa Timur,Batu,-7.924722,112.488611,,
Gunung Ranai,gunung,Kepulauan Riau,Natuna,3.9608,108.3433,,https://commons.wikimedia.org/wiki/Special:FilePath/Mount%20Ranai%20in%20Natuna.jpg?width=800
Gunung Pangrango,gunung,Jawa Barat,Cianjur,-6.766667,106.95,,https://upload.wikimedia.org/wikipedia/commons/thumb/b/bc/View_Mt_Gede_Pangrango_from_Mt_Gede_peak.jpg/960px-View_Mt_Gede_Pangrango_from_Mt_Gede_peak.jpg?utm_source=id.wikipedia.org&utm_campaign=api&utm_content=thumbnail|https://commons.wikimedia.org/wiki/Special:FilePath/Pangrango%2C%20West%20Java.jpg?width=800
Tanggamus,gunung,Lampung,Tanggamus,-5.427,104.675,,https://upload.wikimedia.org/wikipedia/commons/thumb/d/dc/Gigi_hiu_%281%29.jpg/960px-Gigi_hiu_%281%29.jpg?utm_source=id.wikipedia.org&utm_campaign=api&utm_content=thumbnail|https://commons.wikimedia.org/wiki/Special:FilePath/Gunung%20Tanggamus.jpg?width=800
Pegunungan Sewu,gunung,Jawa Tengah,Kota Surakarta,-8.043889,110.776111,,https://upload.wikimedia.org/wikipedia/commons/c/c5/COLLECTIE_TROPENMUSEUM_Europeanen_bezoeken_een_druipsteengrot_in_Poenoeng_TMnr_10027574.jpg?utm_source=id.wikipedia.org&utm_campaign=api&utm_content=thumbnail_unscaled|https://commons.wikimedia.org/wiki/Special:FilePath/Gunung%20Sewu.jpg?width=800
Gunung Gedang,gunung,Jambi,Kerinci,-2.7356,101.9181,,
Gunung Kaweng,gunung,Sulawesi Utara,Minahasa,1.156389,124.8975,,https://upload.wikimedia.org/wikipedia/commons/thumb/a/ae/Hawaiian_Eruption-numbers.svg/960px-Hawaiian_Eruption-numbers.svg.png?utm_source=id.wikipedia.org&utm_campaign=api&utm_content=thumbnail
Gunung Kelinabe,gunung,Nusa Tenggara Timur,Ende,-8.834432,121.772223,,https://upload.wikimedia.org/wikipedia/commons/2/2a/COLLECTIE_TROPENMUSEUM_De_berg_Keli_Nabe_TMnr_60007243.jpg?utm_source=id.wikipedia.org&utm_campaign=api&utm_content=thumbnail_unscaled
Gunung Klotok,gunung,Jawa Timur,Kota Kediri,-7.813611,111.954722,,https://upload.wikimedia.org/wikipedia/commons/a/a3/Road_to_Dhoho_Airport%2C_Kediri%2C_East_Java%2C_Indonesia.jpg?utm_source=id.wikipedia.org&utm_campaign=api&utm_content=thumbnail_unscaled
Gunung Kucir,gunung,Jawa Tengah,Kota Magelang,-7.703611,110.166944,,
Gunung Lasem,gunung,Jawa Tengah,Jepara,-6.686667,111.518889,,https://upload.wikimedia.org/wikipedia/commons/thumb/2/22/Gunung_Lasem.jpg/960px-Gunung_Lasem.jpg?utm_source=id.wikipedia.org&utm_campaign=api&utm_content=thumbnail
Gunung Liangpran,gunung,Kalimantan Barat,Kapuas Hulu,1.066667,114.383333,,
Gunung Andong,gunung,Jawa Tengah,Kota Magelang,-7.52852,110.18365,,https://upload.wikimedia.org/wikipedia/commons/6/66/COLLECTIE_TROPENMUSEUM_Gezicht_op_de_Gunung_Andong_vanaf_het_erf_van_de_pasanggrahan_Kopeng_TMnr_10021611.jpg?utm_source=id.wikipedia.org&utm_campaign=api&utm_content=thumbnail_unscaled|https://commons.wikimedia.org/wiki/Special:FilePath/Pagi%20Di%20Puncak%20Gunung%20Andong.jpg?width=800
Gunung Aseupan,gunung,Lampung,Lampung Selatan,-6.296,105.9292,,https://upload.wikimedia.org/wikipedia/commons/thumb/8/84/Gunung_Aseupan_dilihat_dari_sisi_utara_tahun_2025_%28cropped%29.jpg/960px-Gunung_Aseupan_dilihat_dari_sisi_utara_tahun_2025_%28cropped%29.jpg?utm_source=id.wikipedia.org&utm_campaign=api&utm_content=thumbnail
Gunung Batusibela,gunung,Maluku,Buru,-0.736654,127.524165,,
Gunung Bohong,gunung,Jawa Barat,Kota Bandung,-6.876389,107.519722,,
Gunung Daik,gunung,Kepulauan Riau,Kota Tanjungpinang,-0.2,104.55,,
Gunung Gajah,gunung,Jawa Tengah,Banjarnegara,-7.000737,109.298916,,https://upload.wikimedia.org/wikipedia/commons/thumb/e/e9/Pesona_gunung_gajah_pemalang.jpg/960px-Pesona_gunung_gajah_pemalang.jpg?utm_source=id.wikipedia.org&utm_campaign=api&utm_content=thumbnail|https://commons.wikimedia.org/wiki/Special:FilePath/Pesona%20gunung%20gajah%20pemalang.jpg?width=800
Gunung Limo,gunung,Jawa Tengah,Kota Surakarta,-8.121389,111.529444,,
Gunung Masarang,gunung,Sulawesi Utara,Kota Tomohon,1.33,124.867778,,https://upload.wikimedia.org/wikipedia/commons/thumb/a/ae/Hawaiian_Eruption-numbers.svg/960px-Hawaiian_Eruption-numbers.svg.png?utm_source=id.wikipedia.org&utm_campaign=api&utm_content=thumbnail
Gunung Masigit,gunung,Jawa Barat,Cianjur,-6.789722,106.950833,,https://upload.wikimedia.org/wikipedia/commons/thumb/a/ae/Hawaiian_Eruption-numbers.svg/960px-Hawaiian_Eruption-numbers.svg.png?utm_source=id.wikipedia.org&utm_campaign=api&utm_content=thumbnail
Gunung Padakasih,gunung,Jawa Barat,Kota Bandung,-6.901111,107.510833,,
Gunung Pamaton,gunung,Kalimantan Selatan,Banjar,-3.538741,114.921404,,https://upload.wikimedia.org/wikipedia/commons/thumb/a/ae/Hawaiian_Eruption-numbers.svg/960px-Hawaiian_Eruption-numbers.svg.png?utm_source=id.wikipedia.org&utm_campaign=api&utm_content=thumbnail
Gunung Pancar,gunung,Jawa Barat,Kota Bogor,-6.591667,106.911944,,
Gunung Pandan Bungsu,gunung,Sumatera Barat,Pesisir Selatan,-2.751306,101.742215,,
Gunung Ratai,gunung,Lampung,Kota Bandar Lampung,-5.513333,105.093333,,
Gunung Rindengan,gunung,Sulawesi Utara,Kota Tomohon,1.134444,124.759167,,
Gunung Sahuwai,gunung,Maluku,Seram Bagian Barat,-3.220994,128.016877,,
Gunung Seblat,gunung,Jambi,Kerinci,-2.8804,102.148,,
Gunung Tanggang,gunung,Lampung,Kota Bandar Lampung,-5.711667,105.106389,,https://upload.wikimedia.org/wikipedia/commons/7/72/Foto_Gunung_Tanggang.jpg?utm_source=id.wikipedia.org&utm_campaign=api&utm_content=thumbnail_unscaled
Pegunungan Kendeng,gunung,Jawa Timur,Banyuwangi,-7.980556,114.216944,,https://upload.wikimedia.org/wikipedia/commons/thumb/6/6e/Selatan_Pegunungan_Utara.jpg/960px-Selatan_Pegunungan_Utara.jpg?utm_source=id.wikipedia.org&utm_campaign=api&utm_content=thumbnail
Gunung Panderman,gunung,Jawa Timur,Batu,-7.904167,112.496667,,https://upload.wikimedia.org/wikipedia/commons/2/2e/COLLECTIE_TROPENMUSEUM_Gezicht_op_de_markt_in_Batoe_met_op_de_achtergrond_de_Goenoeng_Panderman_in_de_Residentie_Malang_TMnr_60041846.jpg?utm_source=id.wikipedia.org&utm_campaign=api&utm_content=thumbnail_unscaled
Gunung Pasaman,gunung,Sumatera Utara,Kota Padangsidimpuan,0.054194,99.953583,,https://upload.wikimedia.org/wikipedia/commons/thumb/d/d9/Kebun_Jagung_dengan_Latar_Pegunungan_Di_Pasaman_Barat_01.jpg/960px-Kebun_Jagung_dengan_Latar_Pegunungan_Di_Pasaman_Barat_01.jpg?utm_source=id.wikipedia.org&utm_campaign=api&utm_content=thumbnail
Gunung Pojoktiga,gunung,Jawa Barat,Kota Cirebon,-7.151667,108.692778,,
Gunung Pugung,gunung,Sumatera Selatan,Ogan Komering Ulu,-4.976111,103.859722,,
Gunung Burangrang,gunung,Jawa Barat,Kota Bandung,-6.735278,107.584722,,https://upload.wikimedia.org/wikipedia/id/thumb/9/90/Gunungburangrang.jpg/960px-Gunungburangrang.jpg?utm_source=id.wikipedia.org&utm_campaign=api&utm_content=thumbnail
Gunung Manglayang,gunung,Jawa Barat,Kota Bandung,-6.876111,107.743611,,https://upload.wikimedia.org/wikipedia/commons/0/00/Mont_Manglayang.jpg?utm_source=id.wikipedia.org&utm_campaign=api&utm_content=thumbnail_unscaled|https://commons.wikimedia.org/wiki/Special:FilePath/Mont%20Manglayang.jpg?width=800
Pegunungan Muller,gunung,Kalimantan Barat,Kapuas Hulu,0.666667,113.833333,,
Gunung Sibuaten,gunung,Aceh,Aceh Tenggara,2.918056,98.423333,,
Gunung Tangkit Cumbi,gunung,Sumatera Selatan,Ogan Komering Ulu,-5.127338,104.749276,,
Gunung Rogojembangan,gunung,Jawa Tengah,Banjarnegara,-7.176389,109.712778,,
Gunung Argomayang,gunung,Jawa Timur,Batu,-7.772778,112.430278,,
Dolok Tinggi Raja,gunung,Sumatera Utara,Karo,3.1509,98.7801,,
Gunung Burni Telong,gunung,Aceh,Aceh Tengah,4.7697,96.8212,,
Gunung Cemaru,gunung,Kalimantan Barat,Kapuas Hulu,1.40006,114.19829,,
Gunung Subang,gunung,Jawa Barat,Kota Cirebon,-7.155833,108.585833,,
Gunung Windu,gunung,Jawa Barat,Garut,-7.223889,107.630556,,
Gunung Ringgit,gunung,Jawa Timur,Situbondo,-7.723333,113.848889,,https://upload.wikimedia.org/wikipedia/commons/e/e0/COLLECTIE_TROPENMUSEUM_De_Goenoeng_Ringgit_gezien_vanaf_de_weg_naar_Besoeki_Oost-Java_TMnr_60009797.jpg?utm_source=id.wikipedia.org&utm_campaign=api&utm_content=thumbnail_unscaled
Olet Sangenges,gunung,Nusa Tenggara Barat,Sumbawa,-8.5617,117.15,,
Gunung Liyang,gunung,Kalimantan Barat,Kapuas Hulu,0.35,113.566667,,
Gunung Penanjakan,gunung,Jawa Timur,Kota Probolinggo,-7.899321,112.949228,,https://upload.wikimedia.org/wikipedia/commons/thumb/7/7e/Mount_Penanjakan_%28Bromo-Tengger-Semeru%29_at_sunrise.jpg/960px-Mount_Penanjakan_%28Bromo-Tengger-Semeru%29_at_sunrise.jpg?utm_source=id.wikipedia.org&utm_campaign=api&utm_content=thumbnail|https://commons.wikimedia.org/wiki/Special:FilePath/Mount%20Penanjakan%20%28Bromo-Tengger-Semeru%29%20at%20sunrise.jpg?width=800
Gunung Punikan,gunung,Nusa Tenggara Barat,Lombok Utara,-8.480278,116.205556,,https://upload.wikimedia.org/wikipedia/commons/thumb/d/da/Gundukan_Punikan.jpg/960px-Gundukan_Punikan.jpg?utm_source=id.wikipedia.org&utm_campaign=api&utm_content=thumbnail
Dolok Sihabuhabu,gunung,Sumatera Utara,Toba,2.1733,99.3617,,
Gunung Kwoka,gunung,Maluku,Maluku Tengah,-0.51667,132.45,,
Gunung Kerenceng,gunung,Jawa Barat,Sumedang,-6.934167,107.881944,,
Gunung Rakutak,gunung,Jawa Barat,Garut,-7.1475,107.734167,,
Gunung Raya,gunung,Sumatera Barat,Pesisir Selatan,-2.2272,101.4274,,
Gunung Prakasak,gunung,Lampung,Lampung Selatan,-6.249167,105.9825,,
Gunung Niut,gunung,Kepulauan Riau,Natuna,1.0,109.91667,,
Gunung Cangah,gunung,Jawa Barat,Sumedang,-6.774167,107.766111,,
Gunung Abang,gunung,Bali,Bangli,-8.2802,115.4295,,https://upload.wikimedia.org/wikipedia/commons/thumb/d/d1/Mount_Abang.jpg/960px-Mount_Abang.jpg?utm_source=id.wikipedia.org&utm_campaign=api&utm_content=thumbnail|https://commons.wikimedia.org/wiki/Special:FilePath/Lake%20Batur%20%26%20Mount%20Abang%202013-11-10%20%2810849153196%29.jpg?width=800
Gunung Kaledong,gunung,Jawa Barat,Garut,-7.053333,107.908611,,https://upload.wikimedia.org/wikipedia/commons/thumb/3/39/De_Kaledong_en_de_Haroeman_in_de_vlakte_van_Leles_ten_noorden_van_Garoet%2C_KITLV_407961.tiff/lossy-page1-960px-De_Kaledong_en_de_Haroeman_in_de_vlakte_van_Leles_ten_noorden_van_Garoet%2C_KITLV_407961.tiff.jpg?utm_source=id.wikipedia.org&utm_campaign=api&utm_content=thumbnail
Gunung Kencana,gunung,Jawa Barat,Kota Bogor,-6.659167,106.979444,,
Gunung Dua Saudara,gunung,Sulawesi Utara,Kota Bitung,1.485278,125.157778,,
Gunung Duwur,gunung,Jawa Tengah,Kebumen,-7.711944,109.445833,,
"Gunung Nyungcung (Rumpin, Bogor)",gunung,Banten,Kota Tangerang Selatan,-6.455833,106.646389,,
Gunung Munara,gunung,Banten,Kota Tangerang Selatan,-6.453056,106.627778,,https://upload.wikimedia.org/wikipedia/commons/thumb/9/91/Gunung_Munara_Rumpin_Bogor.jpg/960px-Gunung_Munara_Rumpin_Bogor.jpg?utm_source=id.wikipedia.org&utm_campaign=api&utm_content=thumbnail
Gunung Bondang,gunung,Kalimantan Barat,Kapuas Hulu,-0.365,114.535,,
Gunung Calancang,gunung,Jawa Barat,Sumedang,-6.958056,107.950278,,
Gunung Bongkok,gunung,Jawa Barat,Pangandaran,-7.460278,108.335,,
Gunung Keruk,gunung,Jawa Tengah,Boyolali,-7.856944,110.596667,,
Gunung Sigepak,gunung,Jawa Tengah,Kota Magelang,-7.774722,110.101944,,
Gunung Bawang,gunung,Kepulauan Riau,Natuna,0.9,109.4,,https://upload.wikimedia.org/wikipedia/id/0/09/Gunung_Bawang.jpg?utm_source=id.wikipedia.org&utm_campaign=api&utm_content=thumbnail_unscaled
Gunung Ayamayam,gunung,Jawa Tengah,Kota Magelang,-7.633333,110.133333,,
Gunung Kumbang,gunung,Jawa Tengah,Cilacap,-7.154722,108.882778,,
Gunung Banowati,gunung,Jawa Tengah,Banjarnegara,-7.1672,109.4439,,
Gunung Tutong,gunung,Aceh,Aceh Utara,4.9025,97.325,,
Geger Wedi,gunung,Jawa Tengah,Banjarnegara,-6.973889,109.205278,,
Gunung Bayangkaki,gunung,Jawa Tengah,Kota Surakarta,-7.946944,111.601944,,https://upload.wikimedia.org/wikipedia/commons/thumb/0/01/Gunung_Bayang_Kaki_Sebelum_Bendungan_Bendo_Dibangun_%282015%29.jpg/960px-Gunung_Bayang_Kaki_Sebelum_Bendungan_Bendo_Dibangun_%282015%29.jpg?utm_source=id.wikipedia.org&utm_campaign=api&utm_content=thumbnail|https://commons.wikimedia.org/wiki/Special:FilePath/Gunung%20Bayang%20Kaki%20Sebelum%20Bendungan%20Bendo%20Dibangun%20%282015%29.jpg?width=800
Gunung Pengsong,gunung,Nusa Tenggara Barat,Kota Mataram,-8.642778,116.0875,,https://upload.wikimedia.org/wikipedia/commons/thumb/d/d1/Gunung_Pengsong1.jpg/960px-Gunung_Pengsong1.jpg?utm_source=id.wikipedia.org&utm_campaign=api&utm_content=thumbnail|https://commons.wikimedia.org/wiki/Special:FilePath/Gunung%20Pengsong1.jpg?width=800
Olat Batupisak,gunung,Nusa Tenggara Barat,Sumbawa,-8.633333,117.425833,,
Gunung Merapi Jawa Timur,gunung,Jawa Timur,Banyuwangi,-8.065833,114.260278,,
Gunung Sipiso-piso,gunung,Aceh,Aceh Tenggara,2.925833,98.534722,,https://upload.wikimedia.org/wikipedia/commons/thumb/6/60/Bukit_Sipiso_piso_tampak_keseluruhan_hingga_puncak.jpg/960px-Bukit_Sipiso_piso_tampak_keseluruhan_hingga_puncak.jpg?utm_source=id.wikipedia.org&utm_campaign=api&utm_content=thumbnail|https://commons.wikimedia.org/wiki/Special:FilePath/Bukit%20Sipiso%20piso%20tampak%20keseluruhan%20hingga%20puncak.jpg?width=800
Gunung Sagara,gunung,Jawa Tengah,Cilacap,-7.157222,108.861667,,
Gunung Tohkier,gunung,Maluku,Maluku Tengah,-0.6175,132.256944,,
Gunung Kanamu,gunung,Kalimantan Barat,Kapuas Hulu,-0.603,113.1922,,
Gunung Bisma,gunung,Jawa Tengah,Wonosobo,-7.238525,109.890884,,https://upload.wikimedia.org/wikipedia/commons/thumb/9/97/Gunung_Bisma.jpg/960px-Gunung_Bisma.jpg?utm_source=id.wikipedia.org&utm_campaign=api&utm_content=thumbnail|https://commons.wikimedia.org/wiki/Special:FilePath/Gunung%20Bisma.jpg?width=800
Gunung Asing,gunung,Kalimantan Barat,Sintang,-0.720469,112.35782,,
Bukit Batukau,gunung,Bali,Buleleng,-8.334698,115.08777,,
Gunung Rasan,gunung,Sumatera Barat,Pesisir Selatan,-1.183333,100.75,,
Gunung Poniki,gunung,Sulawesi Utara,Kota Kotamobagu,0.451379,123.800043,,
Gunung Ophir,gunung,Sumatera Utara,Kota Padangsidimpuan,0.079167,99.983333,,https://commons.wikimedia.org/wiki/Special:FilePath/1228%20of%20%27G%C3%A9ographie%20g%C3%A9n%C3%A9rale%3B%20physique%2C%20politique%20et%20%C3%A9conomique.%20...%20Avec%20...%20cartes%20...%20gravures%2C%20etc%27%20%2811112135594%29.jpg?width=800
Gunung Palasari,gunung,Jawa Barat,Kota Bandung,-6.848487,107.722228,,https://upload.wikimedia.org/wikipedia/commons/thumb/a/ab/Mount_Manglayang%2C_Mount_Palasari%2C_Al_Jabbar_Mosque%2C_and_Gedebage_Motorway_Junction.jpg/960px-Mount_Manglayang%2C_Mount_Palasari%2C_Al_Jabbar_Mosque%2C_and_Gedebage_Motorway_Junction.jpg?utm_source=id.wikipedia.org&utm_campaign=api&utm_content=thumbnail
Gunung Taliut,gunung,Kalimantan Tengah,Kota Palangka Raya,-3.40349,115.643384,,https://upload.wikimedia.org/wikipedia/commons/thumb/9/96/Gunung_Taliut.jpg/960px-Gunung_Taliut.jpg?utm_source=id.wikipedia.org&utm_campaign=api&utm_content=thumbnail|https://commons.wikimedia.org/wiki/Special:FilePath/Gunung%20Taliut.jpg?width=800
Gunung Titi,gunung,Kalimantan Tengah,Kota Palangka Raya,-2.504145,115.526073,,https://upload.wikimedia.org/wikipedia/commons/thumb/f/f8/Puncak_Titi_001.jpg/960px-Puncak_Titi_001.jpg?utm_source=id.wikipedia.org&utm_campaign=api&utm_content=thumbnail
Gunung Birah,gunung,Kalimantan Tengah,Kota Palangka Raya,-4.040664,114.673719,,https://upload.wikimedia.org/wikipedia/commons/thumb/8/8a/Gunung_Birah%2C_Tanah_Laut.jpg/960px-Gunung_Birah%2C_Tanah_Laut.jpg?utm_source=id.wikipedia.org&utm_campaign=api&utm_content=thumbnail|https://commons.wikimedia.org/wiki/Special:FilePath/Gunung%20Birah%2C%20Tanah%20Laut.jpg?width=800
Gunung Peyek,gunung,DKI Jakarta,Jakarta Selatan,-6.429949,106.700123,,https://upload.wikimedia.org/wikipedia/commons/thumb/4/4b/Gunung_Peyek_Parung-01.jpg/960px-Gunung_Peyek_Parung-01.jpg?utm_source=id.wikipedia.org&utm_campaign=api&utm_content=thumbnail
Candi Pendem,budaya,Jawa Tengah,Kota Magelang,-7.52569,110.35196,,https://upload.wikimedia.org/wikipedia/commons/thumb/c/c5/Pendem_Temple%2C_2014-06-21.jpg/960px-Pendem_Temple%2C_2014-06-21.jpg?utm_source=id.wikipedia.org&utm_campaign=api&utm_content=thumbnail|https://commons.wikimedia.org/wiki/Special:FilePath/Pendem%20Temple%2C%202014-06-21.jpg?width=800
Vihara Dhammasoka Banjarmasin,budaya,Kalimantan Tengah,Kota Palangka Raya,-3.316391,114.594328,,https://upload.wikimedia.org/wikipedia/commons/thumb/0/00/Vihara_Dhammasoka.jpg/960px-Vihara_Dhammasoka.jpg?utm_source=id.wikipedia.org&utm_campaign=api&utm_content=thumbnail|https://commons.wikimedia.org/wiki/Special:FilePath/Vihara%20Dhammasoka.jpg?width=800
Candi Gedong Songo,budaya,Jawa Tengah,Kota Semarang,-7.208472,110.341889,,https://upload.wikimedia.org/wikipedia/commons/a/af/Gedong_songo.jpg?utm_source=id.wikipedia.org&utm_campaign=api&utm_content=thumbnail_unscaled|https://commons.wikimedia.org/wiki/Special:FilePath/Gedong%20songo.jpg?width=800
Candi Sukuh,budaya,Jawa Tengah,Kota Surakarta,-7.6274,111.13118,,https://upload.wikimedia.org/wikipedia/commons/thumb/4/4d/Candi_sukuh.jpg/960px-Candi_sukuh.jpg?utm_source=id.wikipedia.org&utm_campaign=api&utm_content=thumbnail|https://commons.wikimedia.org/wiki/Special:FilePath/Candi%20Sukuh%202007.JPG?width=800
Petirtaan Belahan,budaya,Jawa Timur,Pasuruan,-7.607426,112.6516,,https://upload.wikimedia.org/wikipedia/commons/thumb/7/71/041_Fountain_Figures%2C_Candi_Belahan_%2825543837107%29.jpg/960px-041_Fountain_Figures%2C_Candi_Belahan_%2825543837107%29.jpg?utm_source=id.wikipedia.org&utm_campaign=api&utm_content=thumbnail|https://commons.wikimedia.org/wiki/Special:FilePath/041%20Fountain%20Figures%2C%20Candi%20Belahan%20%2825543837107%29.jpg?width=800
Candi Bima,budaya,Jawa Tengah,Wonosobo,-7.213889,109.910556,,https://upload.wikimedia.org/wikipedia/commons/thumb/6/69/Candi_Bima_di_Dieng.jpg/960px-Candi_Bima_di_Dieng.jpg?utm_source=id.wikipedia.org&utm_campaign=api&utm_content=thumbnail|https://commons.wikimedia.org/wiki/Special:FilePath/Candi%20Bima%20Dieng%20Plateau.jpg?width=800
Candi Arjuna,budaya,Jawa Tengah,Wonosobo,-7.205089,109.90684,,https://upload.wikimedia.org/wikipedia/commons/thumb/5/58/Candi_Arjuna_side_view.jpg/960px-Candi_Arjuna_side_view.jpg?utm_source=id.wikipedia.org&utm_campaign=api&utm_content=thumbnail|https://commons.wikimedia.org/wiki/Special:FilePath/Candi%20Arjuna%20front%20view.jpg?width=800
Candi Jago,budaya,Jawa Timur,Kota Malang,-8.00579,112.76405,,https://upload.wikimedia.org/wikipedia/commons/thumb/a/a5/Candi_Jago%2C_001_General_View_from_West_%2840385409172%29.jpg/960px-Candi_Jago%2C_001_General_View_from_West_%2840385409172%29.jpg?utm_source=id.wikipedia.org&utm_campaign=api&utm_content=thumbnail|https://commons.wikimedia.org/wiki/Special:FilePath/Candi%20Jago%2C%20001%20General%20View%20from%20West%20%2840385409172%29.jpg?width=800
Candi Tanjung Medan,budaya,Sumatera Utara,Kota Padangsidimpuan,0.291527,100.101395,,https://commons.wikimedia.org/wiki/Special:FilePath/Candi%20Tanjung%20Medan%2012.jpg?width=800
Candi Puntadewa,budaya,Jawa Tengah,Wonosobo,-7.20538,109.906918,,https://upload.wikimedia.org/wikipedia/commons/thumb/f/f0/Bantu_Penanda_Candi_Puntadewa.jpg/960px-Bantu_Penanda_Candi_Puntadewa.jpg?utm_source=id.wikipedia.org&utm_campaign=api&utm_content=thumbnail|https://commons.wikimedia.org/wiki/Special:FilePath/Candi%20Puntadeva%2C%20Java%201155.jpg?width=800
Masjid Istiqlal,religi,DKI Jakarta,Jakarta Pusat,-6.169722,106.830833,,https://upload.wikimedia.org/wikipedia/id/thumb/2/25/Masjid_Istiqlal_-_Panoramio.jpg/960px-Masjid_Istiqlal_-_Panoramio.jpg?utm_source=id.wikipedia.org&utm_campaign=api&utm_content=thumbnail|https://commons.wikimedia.org/wiki/Special:FilePath/View%20to%20the%20northeast%20from%20Monas.jpg?width=800
Masjid Raya Baiturrahman,religi,Aceh,Kota Banda Aceh,5.553611,95.317194,,https://upload.wikimedia.org/wikipedia/commons/thumb/4/47/Meuseujid_Raya_Baiturrahman_.jpg/960px-Meuseujid_Raya_Baiturrahman_.jpg?utm_source=id.wikipedia.org&utm_campaign=api&utm_content=thumbnail|https://commons.wikimedia.org/wiki/Special:FilePath/Meuseujid%20Raya%20Bayturrahman.JPG?width=800
Masjid Agung Demak,religi,Jawa Tengah,Kota Semarang,-6.89473,110.63739,,https://upload.wikimedia.org/wikipedia/commons/c/c7/Masjid_demak.jpg?utm_source=id.wikipedia.org&utm_campaign=api&utm_content=thumbnail_unscaled|https://commons.wikimedia.org/wiki/Special:FilePath/Masjid%20demak.jpg?width=800
Masjid Babul Hasanah,religi,Kepulauan Riau,Natuna,-1.138447,109.9525,,
Masjid Imanuddin,religi,Kalimantan Timur,Berau,2.159422,117.491568,,
Masjid Sultan Ternate,religi,Sulawesi Utara,Kota Bitung,0.798466,127.385331,,https://upload.wikimedia.org/wikipedia/commons/thumb/7/75/Masjid_Sultan_Ternate.jpg/960px-Masjid_Sultan_Ternate.jpg?utm_source=id.wikipedia.org&utm_campaign=api&utm_content=thumbnail|https://commons.wikimedia.org/wiki/Special:FilePath/Masjid-ternate.jpg?width=800
Masjid Tua Patimburak,religi,Maluku,Kota Tual,-2.72288,132.42749,,https://upload.wikimedia.org/wikipedia/commons/6/6e/Masjid_Tua_Patimburak.jpg?utm_source=id.wikipedia.org&utm_campaign=api&utm_content=thumbnail_unscaled
Masjid Tuo Koto Nan Ampek,religi,Sumatera Barat,Tanah Datar,-0.233117,100.622558,,https://upload.wikimedia.org/wikipedia/commons/thumb/3/3a/Masjid_Tuo_Koto_Nan_Ampek_2020_01.jpg/960px-Masjid_Tuo_Koto_Nan_Ampek_2020_01.jpg?utm_source=id.wikipedia.org&utm_campaign=api&utm_content=thumbnail|https://commons.wikimedia.org/wiki/Special:FilePath/Masjid%20Tuo%20Koto%20Nan%20Ampek%202021%20landscape.jpg?width=800
"Masjid Wustho, Mangkunegaran",religi,Jawa Tengah,Kota Surakarta,-7.565304,110.821331,,https://upload.wikimedia.org/wikipedia/commons/thumb/8/84/Masjid_Wustho_MN_tampak_tenggara_%28DSC_0828%29.JPG/960px-Masjid_Wustho_MN_tampak_tenggara_%28DSC_0828%29.JPG?utm_source=id.wikipedia.org&utm_campaign=api&utm_content=thumbnail|https://commons.wikimedia.org/wiki/Special:FilePath/Masjid%20Wustho%20MN%20sisi%20tenggara%20dengan%20minaret%20%28DSC%200822%29.JPG?width=800
Masjid Tua Wapauwe,religi,Maluku,Maluku Tengah,-3.585226,128.084243,,https://upload.wikimedia.org/wikipedia/id/c/c4/Masjid_Tua_Wapauwe.jpg?utm_source=id.wikipedia.org&utm_campaign=api&utm_content=thumbnail_unscaled|https://commons.wikimedia.org/wiki/Special:FilePath/Masjid%20Tua%20Wapauwe%20Kaitetu.jpg?width=800
Surau Baitul Jalil,religi,Sumatera Barat,Kota Bukittinggi,-0.30193,100.370774,,https://upload.wikimedia.org/wikipedia/commons/thumb/0/0e/Surau_Baitul_Jalil_oleh_Denas.jpg/960px-Surau_Baitul_Jalil_oleh_Denas.jpg?utm_source=id.wikipedia.org&utm_campaign=api&utm_content=thumbnail|https://commons.wikimedia.org/wiki/Special:FilePath/Surau%20Baitul%20Jalil%20oleh%20Denas.jpg?width=800
"Taman Wisata Iman Sitinjo, Dairi",religi,Aceh,Aceh Tenggara,2.72888,98.38309,,
Masjid Raya Darussalam,religi,Kalimantan Timur,Kota Samarinda,-0.503197,117.147816,,https://upload.wikimedia.org/wikipedia/id/d/d6/Masjidrayadarussalamsmd.JPG?utm_source=id.wikipedia.org&utm_campaign=api&utm_content=thumbnail_unscaled
Masjid Raya Bayur,religi,Sumatera Barat,Agam,-0.274873,100.221439,,https://upload.wikimedia.org/wikipedia/commons/thumb/c/ce/Masjid_Raya_Bayur_2020_01.jpg/960px-Masjid_Raya_Bayur_2020_01.jpg?utm_source=id.wikipedia.org&utm_campaign=api&utm_content=thumbnail|https://commons.wikimedia.org/wiki/Special:FilePath/Bayur%20Mosque.jpg?width=800
Masjid Raya Koto Baru,religi,Sumatera Barat,Pesisir Selatan,-1.481221,101.059652,,https://upload.wikimedia.org/wikipedia/commons/thumb/6/6c/Solok_IMG20230211152108.jpg/960px-Solok_IMG20230211152108.jpg?utm_source=id.wikipedia.org&utm_campaign=api&utm_content=thumbnail|https://commons.wikimedia.org/wiki/Special:FilePath/Solok%20IMG20230211152108.jpg?width=800
Masjid Raya Lima Kaum,religi,Sumatera Barat,Tanah Datar,-0.465606,100.568022,,https://upload.wikimedia.org/wikipedia/commons/thumb/1/1d/Masjid_Raya_Lima_Kaum_2020_01.jpg/960px-Masjid_Raya_Lima_Kaum_2020_01.jpg?utm_source=id.wikipedia.org&utm_campaign=api&utm_content=thumbnail|https://commons.wikimedia.org/wiki/Special:FilePath/Masjid%20Raya%20Lima%20Kaum.jpg?width=800
Masjid Raya Makassar,religi,Sulawesi Selatan,Kota Makassar,-5.130556,119.419722,,https://upload.wikimedia.org/wikipedia/commons/5/51/Masjid_Raya_Makassar.JPG?utm_source=id.wikipedia.org&utm_campaign=api&utm_content=thumbnail_unscaled|https://commons.wikimedia.org/wiki/Special:FilePath/Masjid%20Raya%20Makassar.JPG?width=800
Masjid Raya Medan,religi,Sumatera Utara,Kota Medan,3.575111,98.687321,,https://upload.wikimedia.org/wikipedia/commons/thumb/2/2d/Great_mosque_in_Medan_cropped.jpg/960px-Great_mosque_in_Medan_cropped.jpg?utm_source=id.wikipedia.org&utm_campaign=api&utm_content=thumbnail|https://commons.wikimedia.org/wiki/Special:FilePath/Great%20mosque%20in%20Medan.JPG?width=800
Masjid Sa’adah,religi,Sumatera Barat,Tanah Datar,-0.442399,100.557931,,https://commons.wikimedia.org/wiki/Special:FilePath/Masjid%20Saadah%202020%2002.jpg?width=800
Masjid Raya Syekh Burhanuddin,religi,Sumatera Barat,Padang Pariaman,-0.690146,100.20203,,https://upload.wikimedia.org/wikipedia/id/1/15/Masjid_Raya_Syekh_Burhanuddin_di_Padangpariaman%2C_Sumbar._Foto_Irwin_Fedriansyah.jpg?utm_source=id.wikipedia.org&utm_campaign=api&utm_content=thumbnail_unscaled|https://commons.wikimedia.org/wiki/Special:FilePath/Masjid%20Raya%20Syekh%20Burhanuddin%202020%2001.jpg?width=800
Masjid Raya Sumatera Barat,religi,Sumatera Barat,Kota Padang,-0.924234,100.362492,,https://commons.wikimedia.org/wiki/Special:FilePath/Pendar%20cahaya%20ruang%20salat%20Masjid%20Raya%20Sumbar.jpg?width=800
Masjid Soko Tunggal,religi,Jawa Tengah,Boyolali,-7.810414,110.360557,,https://upload.wikimedia.org/wikipedia/commons/thumb/f/fb/Jogja_-_Masjid_Kraton_Soko_Tunggal_Yogyakarta_%282025%29_-_img_03.jpg/960px-Jogja_-_Masjid_Kraton_Soko_Tunggal_Yogyakarta_%282025%29_-_img_03.jpg?utm_source=id.wikipedia.org&utm_campaign=api&utm_content=thumbnail|https://commons.wikimedia.org/wiki/Special:FilePath/Jogja%20-%20Masjid%20Kraton%20Soko%20Tunggal%20Yogyakarta%20%282025%29%20-%20img%2003.jpg?width=800
Masjid Shiratal Mustaqiem,religi,Kalimantan Timur,Kota Samarinda,-0.515556,117.152222,,https://upload.wikimedia.org/wikipedia/commons/thumb/d/d2/Masjid_Shiratal_Mustaqiem_%282%29.jpg/960px-Masjid_Shiratal_Mustaqiem_%282%29.jpg?utm_source=id.wikipedia.org&utm_campaign=api&utm_content=thumbnail|https://commons.wikimedia.org/wiki/Special:FilePath/Masjid%20Shiratal%20Mustaqiem%20%282%29.jpg?width=800
Masjid Syekh Sampu,religi,Sumatera Barat,Pesisir Selatan,-1.514826,101.281323,,
Masjid Baiturrahim Ulee Lheue,religi,Aceh,Kota Banda Aceh,5.555789,95.284188,,https://upload.wikimedia.org/wikipedia/commons/thumb/6/62/Masjid_Baiturrahim_Ulee_Lheue.jpg/960px-Masjid_Baiturrahim_Ulee_Lheue.jpg?utm_source=id.wikipedia.org&utm_campaign=api&utm_content=thumbnail|https://commons.wikimedia.org/wiki/Special:FilePath/Meuseujid%20Bayturrahim%20Ul%C3%A8%C3%AB%20Lheu%C3%AB.JPG?width=800
Masjid Raya Baiturrahman Semarang,religi,Jawa Tengah,Kota Semarang,-6.98875,110.422009,,
Masjid Cheng Ho Palembang,religi,Jambi,Kota Jambi,-3.024451,104.777883,,https://upload.wikimedia.org/wikipedia/commons/thumb/9/94/Palembang_Al_Islam_Muhammad_Cheng_Ho_Mosque_Main_Gate_-_Palembang%2C_SS_%2815_Dec._2021%29.jpg/960px-Palembang_Al_Islam_Muhammad_Cheng_Ho_Mosque_Main_Gate_-_Palembang%2C_SS_%2815_Dec._2021%29.jpg?utm_source=id.wikipedia.org&utm_campaign=api&utm_content=thumbnail|https://commons.wikimedia.org/wiki/Special:FilePath/Palembang%20Al%20Islam%20Muhammad%20Cheng%20Ho%20Mosque%20-%20Palembang%2C%20SS%20%2815%20Dec.%202021%29.jpg?width=800
Masjid Bayan Beleq,religi,Nusa Tenggara Barat,Lombok Utara,-8.26662,116.42716,,https://upload.wikimedia.org/wikipedia/commons/thumb/3/3b/Bayan_Beleq_Mosque%2C_Lombok%2C_Indonesia.jpg/960px-Bayan_Beleq_Mosque%2C_Lombok%2C_Indonesia.jpg?utm_source=id.wikipedia.org&utm_campaign=api&utm_content=thumbnail|https://commons.wikimedia.org/wiki/Special:FilePath/Bayan%20Beleq%20Mosque%2C%20Lombok%2C%20Indonesia.jpg?width=800
Masjid Dian Al-Mahri,religi,DKI Jakarta,Jakarta Selatan,-6.384098,106.772003,,https://upload.wikimedia.org/wikipedia/commons/thumb/2/2c/Menara_Masjid_Dian_Al_Mahri.jpg/960px-Menara_Masjid_Dian_Al_Mahri.jpg?utm_source=id.wikipedia.org&utm_campaign=api&utm_content=thumbnail|https://commons.wikimedia.org/wiki/Special:FilePath/Menara%20Masjid%20Dian%20Al%20Mahri.jpg?width=800
Masjid Djami Keraton Landak,religi,Kalimantan Barat,Landak,-0.37535,102.54816,,https://upload.wikimedia.org/wikipedia/id/9/95/Masjid_Djami_Keraton_Landak.PNG?utm_source=id.wikipedia.org&utm_campaign=api&utm_content=thumbnail_unscaled|https://commons.wikimedia.org/wiki/Special:FilePath/Masjid%20Djami%20Keraton%20Landak%203.jpg?width=800
Masjid Istighfar,religi,Sumatera Barat,Kota Padang,-0.951278,100.376127,,https://upload.wikimedia.org/wikipedia/commons/thumb/8/89/Masjid_Istighfar_2020_01.jpg/960px-Masjid_Istighfar_2020_01.jpg?utm_source=id.wikipedia.org&utm_campaign=api&utm_content=thumbnail|https://commons.wikimedia.org/wiki/Special:FilePath/Masjid%20Istighfar%202020%2001.jpg?width=800
Masjid Islamic Center Samarinda,religi,Kalimantan Timur,Kota Samarinda,-0.502528,117.119944,,https://upload.wikimedia.org/wikipedia/commons/thumb/4/48/Islamic_Centre_Samarinda_by_bloesafir_-_panoramio.jpg/960px-Islamic_Centre_Samarinda_by_bloesafir_-_panoramio.jpg?utm_source=id.wikipedia.org&utm_campaign=api&utm_content=thumbnail|https://commons.wikimedia.org/wiki/Special:FilePath/Islamic%20Centre%20Samarinda%20by%20bloesafir%20-%20panoramio.jpg?width=800
Masjid Jamik Air Tiris,religi,Sumatera Barat,Tanah Datar,0.373173,101.093938,,https://commons.wikimedia.org/wiki/Special:FilePath/Masjid%20Jamik%20Air%20Tiris%20Minang.jpg?width=800
Masjid Jami Keraton Sambas,religi,Kepulauan Riau,Natuna,1.325678,109.225658,,https://upload.wikimedia.org/wikipedia/commons/thumb/1/1d/Masjid_Jami%27_Sultan_Muhammad_Shafiuddin_II_Sambas.jpg/960px-Masjid_Jami%27_Sultan_Muhammad_Shafiuddin_II_Sambas.jpg?utm_source=id.wikipedia.org&utm_campaign=api&utm_content=thumbnail|https://commons.wikimedia.org/wiki/Special:FilePath/Masjid%20Jami%27%20Sultan%20Muhammad%20Shafiuddin%20II%20Sambas.jpg?width=800
Masjid Jamik Parabek,religi,Sumatera Barat,Agam,-0.335772,100.372239,,https://upload.wikimedia.org/wikipedia/commons/thumb/1/15/Masjid_Jamik_Parabek_oleh_Denas.jpg/960px-Masjid_Jamik_Parabek_oleh_Denas.jpg?utm_source=id.wikipedia.org&utm_campaign=api&utm_content=thumbnail|https://commons.wikimedia.org/wiki/Special:FilePath/Masjid%20Jamik%20Parabek%20oleh%20Denas.jpg?width=800
Masjid Jami Sungai Banar,religi,Kalimantan Tengah,Kota Palangka Raya,-2.439747,115.241363,,https://upload.wikimedia.org/wikipedia/commons/thumb/0/0a/Masjid_Jami_Sungai_Banar.jpg/960px-Masjid_Jami_Sungai_Banar.jpg?utm_source=id.wikipedia.org&utm_campaign=api&utm_content=thumbnail|https://commons.wikimedia.org/wiki/Special:FilePath/Masjid%20Jami%20Sungai%20Banar.jpg?width=800
Masjid Jami Tuhfaturroghibin,religi,Kalimantan Tengah,Kota Palangka Raya,-3.268618,114.570143,,https://upload.wikimedia.org/wikipedia/commons/thumb/3/37/Masjid_Jami_Tuhfaturroghibin.jpg/960px-Masjid_Jami_Tuhfaturroghibin.jpg?utm_source=id.wikipedia.org&utm_campaign=api&utm_content=thumbnail|https://commons.wikimedia.org/wiki/Special:FilePath/Masjid%20Jami%20Tuhfaturroghibin.jpg?width=800
Masjid Jamik Sungai Jambu,religi,Sumatera Barat,Tanah Datar,-0.439308,100.514802,,https://upload.wikimedia.org/wikipedia/commons/thumb/5/5b/Masjid_Jamik_Sungai_Jambu_2020_01.jpg/960px-Masjid_Jamik_Sungai_Jambu_2020_01.jpg?utm_source=id.wikipedia.org&utm_campaign=api&utm_content=thumbnail|https://commons.wikimedia.org/wiki/Special:FilePath/Masjid%20Jamik%20Sungai%20Jambu%202020%2001.jpg?width=800
Masjid Jamik Sultan Nata,religi,Kalimantan Barat,Sintang,0.082496,111.489674,,https://upload.wikimedia.org/wikipedia/commons/thumb/7/72/Masjid_JamiK_Sultan_Nata_Sintang_1.jpg/960px-Masjid_JamiK_Sultan_Nata_Sintang_1.jpg?utm_source=id.wikipedia.org&utm_campaign=api&utm_content=thumbnail|https://commons.wikimedia.org/wiki/Special:FilePath/Masjid%20JamiK%20Sultan%20Nata%20Sintang%201.jpg?width=800
Masjid Kasimuddin,religi,Kalimantan Timur,Berau,2.83017,117.35747,,https://upload.wikimedia.org/wikipedia/commons/e/e5/Masjid_raya_kasimuddin_.jpg?utm_source=id.wikipedia.org&utm_campaign=api&utm_content=thumbnail_unscaled
Masjid Jamik Taluak Bukittinggi,religi,Sumatera Barat,Agam,-0.3278,100.38818,,https://upload.wikimedia.org/wikipedia/commons/thumb/f/f3/Masjid-Taluak-Sumatra-Barat.jpg/960px-Masjid-Taluak-Sumatra-Barat.jpg?utm_source=id.wikipedia.org&utm_campaign=api&utm_content=thumbnail|https://commons.wikimedia.org/wiki/Special:FilePath/Masjid-Taluak-Sumatra-Barat.jpg?width=800
Masjid Muhammadan,religi,Sumatera Barat,Kota Padang,-0.961486,100.364176,,https://upload.wikimedia.org/wikipedia/commons/thumb/4/46/Masjid_Muhammadan_2020_01b.jpg/960px-Masjid_Muhammadan_2020_01b.jpg?utm_source=id.wikipedia.org&utm_campaign=api&utm_content=thumbnail|https://commons.wikimedia.org/wiki/Special:FilePath/Masjid%20Muhammadan%20Agustus%202020.jpg?width=800
Masjid Muhammadiyah Kelayan,religi,Kalimantan Tengah,Kota Palangka Raya,-3.32966,114.596076,,https://upload.wikimedia.org/wikipedia/commons/thumb/e/eb/Masjid_Muhammadiyah_Kelayan.jpg/960px-Masjid_Muhammadiyah_Kelayan.jpg?utm_source=id.wikipedia.org&utm_campaign=api&utm_content=thumbnail|https://commons.wikimedia.org/wiki/Special:FilePath/Masjid%20Muhammadiyah%20Kelayan.jpg?width=800
Masjid Nurul Huda,religi,Sumatera Barat,Kota Sawahlunto,-0.668504,100.762293,,https://commons.wikimedia.org/wiki/Special:FilePath/Masjid%20Nurul%20Huda%20di%20Pasar%20Baru%20Durian%2C%20Barangin%2C%20Sawahlunto.jpg?width=800
Masjid Nurul Yaqin Aie Bangih,religi,Sumatera Barat,Pasaman Barat,0.198906,99.380509,,https://commons.wikimedia.org/wiki/Special:FilePath/Masjid%20Nurul%20Yaqin.jpg?width=800
Masjid Pincuran Gadang,religi,Sumatera Barat,Agam,-0.27974,100.29151,,https://upload.wikimedia.org/wikipedia/commons/thumb/2/2e/Masjid_Pincuran_Gadang_2020_01.jpg/960px-Masjid_Pincuran_Gadang_2020_01.jpg?utm_source=id.wikipedia.org&utm_campaign=api&utm_content=thumbnail|https://commons.wikimedia.org/wiki/Special:FilePath/Masjid%20Pincuran%20Gadang%202020%2001.jpg?width=800
Masjid Raya Al-Karim,religi,Sumatera Barat,Agam,-0.246072,100.167412,,https://upload.wikimedia.org/wikipedia/commons/thumb/f/ff/Masjid_Raya_Al-Karim_Koto_Kaciak_2020.jpg/960px-Masjid_Raya_Al-Karim_Koto_Kaciak_2020.jpg?utm_source=id.wikipedia.org&utm_campaign=api&utm_content=thumbnail|https://commons.wikimedia.org/wiki/Special:FilePath/Masjid%20Raya%20Al-Karim%20Koto%20Kaciak%202020.jpg?width=800
Masjid Agung At-Taqwa Amuntai,religi,Kalimantan Tengah,Kota Palangka Raya,-2.420451,115.254713,,https://upload.wikimedia.org/wikipedia/commons/thumb/4/4e/Masjid_Raya_Amuntai.jpg/960px-Masjid_Raya_Amuntai.jpg?utm_source=id.wikipedia.org&utm_campaign=api&utm_content=thumbnail
Masjid Raya Andalas,religi,Sumatera Barat,Kota Padang,-0.94047,100.382,,https://upload.wikimedia.org/wikipedia/commons/thumb/e/e1/Masjid_Raya_Andalas_2019.jpg/960px-Masjid_Raya_Andalas_2019.jpg?utm_source=id.wikipedia.org&utm_campaign=api&utm_content=thumbnail|https://commons.wikimedia.org/wiki/Special:FilePath/Masjid%20Raya%20Andalas.JPG?width=800
Masjid Keramat Pelajau,religi,Kalimantan Tengah,Kota Palangka Raya,-2.579444,115.355583,,https://upload.wikimedia.org/wikipedia/commons/thumb/b/b9/Masjid_Keramat_Palajau_001.jpg/960px-Masjid_Keramat_Palajau_001.jpg?utm_source=id.wikipedia.org&utm_campaign=api&utm_content=thumbnail|https://commons.wikimedia.org/wiki/Special:FilePath/Masjid%20Keramat%20Palajau%20001.jpg?width=800
Mesjid Agung Garut,religi,Jawa Barat,Garut,-7.216139,107.900889,,https://upload.wikimedia.org/wikipedia/commons/thumb/b/b0/Mesjid_Agung_Garut.jpg/960px-Mesjid_Agung_Garut.jpg?utm_source=id.wikipedia.org&utm_campaign=api&utm_content=thumbnail|https://commons.wikimedia.org/wiki/Special:FilePath/Makam%20Keluarga%20Hoofd%20Panghoeloe%20R.H.M%20Moesa%20Garut%202.jpg?width=800
Masjid Taqwa Muhammadiyah,religi,Sumatera Barat,Kota Padang,-0.951829,100.360005,,https://upload.wikimedia.org/wikipedia/commons/thumb/7/77/Masjid_Muhammadiyah_Padang_2019_%282%29.jpg/960px-Masjid_Muhammadiyah_Padang_2019_%282%29.jpg?utm_source=id.wikipedia.org&utm_campaign=api&utm_content=thumbnail|https://commons.wikimedia.org/wiki/Special:FilePath/Masjid%20Muhammadiyah%20Padang%202019%20%282%29.jpg?width=800
Masjid Raya Teluk Bayur,religi,Sumatera Barat,Kota Padang,-0.995672,100.369707,,https://upload.wikimedia.org/wikipedia/commons/thumb/b/ba/Masjid_Raya_Taluak_Bayua.jpg/960px-Masjid_Raya_Taluak_Bayua.jpg?utm_source=id.wikipedia.org&utm_campaign=api&utm_content=thumbnail|https://commons.wikimedia.org/wiki/Special:FilePath/Masjid%20Raya%20Taluak%20Bayua.jpg?width=800
Masjid Al-Qana Taman,religi,Jawa Timur,Madiun,-7.640111,111.523528,,https://upload.wikimedia.org/wikipedia/id/9/91/Masjid_Kuno_Taman_Madiun.JPG?utm_source=id.wikipedia.org&utm_campaign=api&utm_content=thumbnail_unscaled
Masjid Agung Al-Buruuj,religi,Maluku,Buru,-3.25775,127.099028,,
Masjid Agung Al-Karomah,religi,Kalimantan Tengah,Kota Palangka Raya,-3.404917,114.848406,,https://upload.wikimedia.org/wikipedia/commons/thumb/9/95/Masjid_Agung_Al-Karomah_001.jpg/960px-Masjid_Agung_Al-Karomah_001.jpg?utm_source=id.wikipedia.org&utm_campaign=api&utm_content=thumbnail|https://commons.wikimedia.org/wiki/Special:FilePath/Masjid%20Agung%20Al-Karomah.jpg?width=800
Masjid Agung Baitul Makmur Jepara,religi,Jawa Tengah,Jepara,-6.591139,110.667028,,https://upload.wikimedia.org/wikipedia/commons/thumb/9/93/Masjid_Agung_Baitul_Makmur_Jepara%2C_7_Juni_2021.jpg/960px-Masjid_Agung_Baitul_Makmur_Jepara%2C_7_Juni_2021.jpg?utm_source=id.wikipedia.org&utm_campaign=api&utm_content=thumbnail
Masjid Agung Awwal Fathul Mubien,religi,Sulawesi Utara,Kota Manado,1.506528,124.845722,,
Masjid Agung Baitul Makmur Meulaboh,religi,Aceh,Aceh Tengah,4.158785,96.124813,,https://upload.wikimedia.org/wikipedia/commons/0/02/Masjid_Agung_Meulaboh.jpg?utm_source=id.wikipedia.org&utm_campaign=api&utm_content=thumbnail_unscaled|https://commons.wikimedia.org/wiki/Special:FilePath/Masjid%20Agung%20Meulaboh.jpg?width=800
Masjid Agung Darussalam Sumbawa Barat,religi,Nusa Tenggara Barat,Lombok Timur,-8.753441,116.851444,,https://upload.wikimedia.org/wikipedia/commons/thumb/2/28/Masjid_Sumbawa_Barat.jpg/960px-Masjid_Sumbawa_Barat.jpg?utm_source=id.wikipedia.org&utm_campaign=api&utm_content=thumbnail
Masjid Agung Manonjaya,religi,Jawa Barat,Garut,-7.35111,108.30694,,https://upload.wikimedia.org/wikipedia/commons/6/6a/COLLECTIE_TROPENMUSEUM_Moskee_in_Manondjaja_TMnr_10016652.jpg?utm_source=id.wikipedia.org&utm_campaign=api&utm_content=thumbnail_unscaled|https://commons.wikimedia.org/wiki/Special:FilePath/Masjid%20Agung%20Manonjaya%20bagian%20samping.jpg?width=800
Masjid Ajaib,religi,Jawa Timur,Malang,-7.73,110.247778,,
Masjid Al-Osmani,religi,Sumatera Utara,Kota Medan,3.732239,98.676205,,https://upload.wikimedia.org/wikipedia/commons/5/51/COLLECTIE_TROPENMUSEUM_Moskee_in_Laboehandeli_TMnr_10016536.jpg?utm_source=id.wikipedia.org&utm_campaign=api&utm_content=thumbnail_unscaled|https://commons.wikimedia.org/wiki/Special:FilePath/Al-Osmani%20Mosque%2C%20Medan%2C%20Indonesia.jpg?width=800
Masjid At-Tin,religi,DKI Jakarta,Jakarta Timur,-6.297732,106.884141,,https://upload.wikimedia.org/wikipedia/commons/8/85/At-Tin_Mosque.jpg?utm_source=id.wikipedia.org&utm_campaign=api&utm_content=thumbnail_unscaled
SMA Tri Ratna,religi,DKI Jakarta,Jakarta Pusat,-6.1912,106.8428,,https://commons.wikimedia.org/wiki/Special:FilePath/COLLECTIE%20TROPENMUSEUM%20Moskee%20in%20Batavia%20TMnr%2010014927.jpg?width=800
Masjid Kauman Semarang,religi,Jawa Tengah,Kota Semarang,-6.97248,110.42261,,https://upload.wikimedia.org/wikipedia/commons/thumb/7/74/Masjid_Kauman_Semarang.png/960px-Masjid_Kauman_Semarang.png?utm_source=id.wikipedia.org&utm_campaign=api&utm_content=thumbnail|https://commons.wikimedia.org/wiki/Special:FilePath/Masjid%20Kauman%20Semarang.png?width=800
Masjid Rao-Rao,religi,Sumatera Barat,Tanah Datar,-0.37369,100.55508,,https://upload.wikimedia.org/wikipedia/commons/thumb/6/6a/Masjid_Rao_Rao_Sep_2022.jpg/960px-Masjid_Rao_Rao_Sep_2022.jpg?utm_source=id.wikipedia.org&utm_campaign=api&utm_content=thumbnail|https://commons.wikimedia.org/wiki/Special:FilePath/Masjid%20Rao%20Rao%2C%20Tanah%20Datar%2C%20Sumatra%20Barat.jpg?width=800
Masjid Bingkudu,religi,Sumatera Barat,Agam,-0.31159,100.47388,,https://upload.wikimedia.org/wikipedia/commons/thumb/0/03/Masjid_Bingkudu_Simas_Kemenag_1.jpg/960px-Masjid_Bingkudu_Simas_Kemenag_1.jpg?utm_source=id.wikipedia.org&utm_campaign=api&utm_content=thumbnail|https://commons.wikimedia.org/wiki/Special:FilePath/Masjid%20Bingkudu%202020%2001.jpg?width=800
Masjid Jami Banjarmasin,religi,Kalimantan Tengah,Kota Palangka Raya,-3.306667,114.595,,https://upload.wikimedia.org/wikipedia/commons/thumb/3/3e/Masjid_Jami_Banjarmasin_%2815-08-2024%29.jpg/960px-Masjid_Jami_Banjarmasin_%2815-08-2024%29.jpg?utm_source=id.wikipedia.org&utm_campaign=api&utm_content=thumbnail|https://commons.wikimedia.org/wiki/Special:FilePath/Masjid%20Jami%20Sungai%20Jingah%20Banjarmasin%20001.jpg?width=800
Masjid Agung Al-Azhar,religi,DKI Jakarta,Jakarta Selatan,-6.23472,106.79917,,https://upload.wikimedia.org/wikipedia/commons/thumb/a/ad/Masjid_Agung_Al-Azhar_2021.jpg/960px-Masjid_Agung_Al-Azhar_2021.jpg?utm_source=id.wikipedia.org&utm_campaign=api&utm_content=thumbnail|https://commons.wikimedia.org/wiki/Special:FilePath/Masjid%20Agung%20Al-Azhar%202021.jpg?width=800
Masjid Raya Sabilal Muhtadin,religi,Kalimantan Tengah,Kota Palangka Raya,-3.31901,114.59125,,https://upload.wikimedia.org/wikipedia/commons/thumb/4/44/Masjid_Raya_Sabilal_Muhtadi_depan.jpg/960px-Masjid_Raya_Sabilal_Muhtadi_depan.jpg?utm_source=id.wikipedia.org&utm_campaign=api&utm_content=thumbnail|https://commons.wikimedia.org/wiki/Special:FilePath/Masjid%20Raya%20Sabilal%20Muhtadi%20depan.jpg?width=800
Masjid Agung Jawa Tengah,religi,Jawa Tengah,Kota Semarang,-6.983889,110.445833,,https://upload.wikimedia.org/wikipedia/id/thumb/b/b4/Great_Mosque_of_Central_Java%2C_aerial_view.jpg/960px-Great_Mosque_of_Central_Java%2C_aerial_view.jpg?utm_source=id.wikipedia.org&utm_campaign=api&utm_content=thumbnail|https://commons.wikimedia.org/wiki/Special:FilePath/Masjid%20Agung%20Jawa%20Tengah%20Indonesia.jpg?width=800
Masjid Raya Sultan Riau,religi,Kepulauan Riau,Kota Tanjungpinang,0.929444,104.420389,,https://upload.wikimedia.org/wikipedia/id/thumb/4/40/Masjid_sultan_Riau_Penyengat.JPG/960px-Masjid_sultan_Riau_Penyengat.JPG?utm_source=id.wikipedia.org&utm_campaign=api&utm_content=thumbnail|https://commons.wikimedia.org/wiki/Special:FilePath/Masjid%20sultan%20Riau%20Penyengat.JPG?width=800
Masjid Agung Sang Cipta Rasa,religi,Jawa Barat,Kota Cirebon,-6.725556,108.57,,https://upload.wikimedia.org/wikipedia/commons/thumb/d/df/The_Great_Mosque_of_Cirebon.jpg/960px-The_Great_Mosque_of_Cirebon.jpg?utm_source=id.wikipedia.org&utm_campaign=api&utm_content=thumbnail|https://commons.wikimedia.org/wiki/Special:FilePath/Masjid%20Agung%20Sang%20Cipta%20Rasa%2001.jpg?width=800
Masjid Agung Syuhada Pelaihari,religi,Kalimantan Tengah,Kota Palangka Raya,-3.799289,114.764368,,https://upload.wikimedia.org/wikipedia/commons/thumb/d/d3/Masjid_Agung_Pelaihari.jpg/960px-Masjid_Agung_Pelaihari.jpg?utm_source=id.wikipedia.org&utm_campaign=api&utm_content=thumbnail|https://commons.wikimedia.org/wiki/Special:FilePath/Masjid%20Agung%20Pelaihari.jpg?width=800
Masjid Agung Banten,religi,Banten,Kota Serang,-6.03621,106.15483,,https://upload.wikimedia.org/wikipedia/commons/thumb/6/69/Masjid_agung_banten_lama.jpg/960px-Masjid_agung_banten_lama.jpg?utm_source=id.wikipedia.org&utm_campaign=api&utm_content=thumbnail|https://commons.wikimedia.org/wiki/Special:FilePath/Masjid%20agung%20banten%20lama.jpg?width=800
Masjid Al-Markaz Al-Islami,religi,Sulawesi Selatan,Kota Makassar,-5.129989,119.426323,,https://upload.wikimedia.org/wikipedia/commons/thumb/d/d0/Masjid_Al-Markaz_Al-Islami_Makassar.jpg/960px-Masjid_Al-Markaz_Al-Islami_Makassar.jpg?utm_source=id.wikipedia.org&utm_campaign=api&utm_content=thumbnail|https://commons.wikimedia.org/wiki/Special:FilePath/Masjid%20Al-Markaz%20Al-Islami%20Makassar.jpg?width=800
Masjid At-Taqwa,religi,Jawa Barat,Kota Cirebon,-6.71006,108.558703,,https://commons.wikimedia.org/wiki/Special:FilePath/Taqwa.1.jpg?width=800
Masjid Agung Nurul Islam,religi,Sumatera Barat,Solok,-0.68605,100.77775,,https://upload.wikimedia.org/wikipedia/commons/thumb/9/94/Masjid_Agung_Nurul_Islam_Sawahlunto_2021.jpg/960px-Masjid_Agung_Nurul_Islam_Sawahlunto_2021.jpg?utm_source=id.wikipedia.org&utm_campaign=api&utm_content=thumbnail|https://commons.wikimedia.org/wiki/Special:FilePath/Masjidagung-nurulislam.jpg?width=800
Masjid Agung Kraton Surakarta,religi,Jawa Tengah,Kota Surakarta,-7.574477,110.826611,,https://upload.wikimedia.org/wikipedia/id/thumb/f/fe/Masjid_agung_karaton_sala_depan.jpg/960px-Masjid_agung_karaton_sala_depan.jpg?utm_source=id.wikipedia.org&utm_campaign=api&utm_content=thumbnail|https://commons.wikimedia.org/wiki/Special:FilePath/Great%20Mosque%20of%20Solo.jpg?width=800
Masjid Jamik Sumenep,religi,Jawa Timur,Sumenep,-7.007985,113.858763,,https://upload.wikimedia.org/wikipedia/commons/a/a1/COLLECTIE_TROPENMUSEUM_Moskee_Madoera_TMnr_60022649.jpg?utm_source=id.wikipedia.org&utm_campaign=api&utm_content=thumbnail_unscaled|https://commons.wikimedia.org/wiki/Special:FilePath/COLLECTIE%20TROPENMUSEUM%20Moskee%20Madoera%20TMnr%2060022649.jpg?width=800
Masjid Sultan Suriansyah,religi,Kalimantan Tengah,Kota Palangka Raya,-3.2943,114.576,,https://upload.wikimedia.org/wikipedia/commons/thumb/5/5b/Masjidbersejarahsultansuriansyah.jpg/960px-Masjidbersejarahsultansuriansyah.jpg?utm_source=id.wikipedia.org&utm_campaign=api&utm_content=thumbnail|https://commons.wikimedia.org/wiki/Special:FilePath/Samping%20Masjid%20Suriansyah.jpg?width=800
Masjid Raya Ganting,religi,Sumatera Barat,Kota Padang,-0.9545,100.36945,,https://upload.wikimedia.org/wikipedia/commons/thumb/b/bd/Masjid_Raya_Ganting_2020_01.jpg/960px-Masjid_Raya_Ganting_2020_01.jpg?utm_source=id.wikipedia.org&utm_campaign=api&utm_content=thumbnail|https://commons.wikimedia.org/wiki/Special:FilePath/Makam%20Syekh%20Bayang%2020220413%20173107.jpg?width=800
Masjid Al-Ittihad Jatibarang,religi,Jawa Tengah,Banjarnegara,-6.964444,109.054444,,
Masjid Menara Kudus,religi,Jawa Tengah,Kudus,-6.80389,110.832,,https://upload.wikimedia.org/wikipedia/commons/thumb/8/85/Masjid_Menara_Kudus.jpg/960px-Masjid_Menara_Kudus.jpg?utm_source=id.wikipedia.org&utm_campaign=api&utm_content=thumbnail|https://commons.wikimedia.org/wiki/Special:FilePath/Masjid%20Menara%20Kudus%20Tampak%20Depan.jpg?width=800
Masjid Cut Mutiah,religi,DKI Jakarta,Jakarta Pusat,-6.187285,106.833358,,https://upload.wikimedia.org/wikipedia/commons/thumb/b/b4/Cut_Mutia_Masjid_Jakarta.jpg/960px-Cut_Mutia_Masjid_Jakarta.jpg?utm_source=id.wikipedia.org&utm_campaign=api&utm_content=thumbnail|https://commons.wikimedia.org/wiki/Special:FilePath/Cut-Mutiah1.jpg?width=800
Masjid Baiturrahman Sungayang,religi,Sumatera Barat,Tanah Datar,-0.402378,100.601585,,
Masjid Agung Nurul Iman,religi,Sumatera Barat,Kota Padang,-0.954788,100.36231,,https://upload.wikimedia.org/wikipedia/commons/thumb/1/18/Masjid_Agung_Nurul_Iman_2020.jpg/960px-Masjid_Agung_Nurul_Iman_2020.jpg?utm_source=id.wikipedia.org&utm_campaign=api&utm_content=thumbnail|https://commons.wikimedia.org/wiki/Special:FilePath/Masjid%20Agung%20Nurul%20Iman%202020.jpg?width=800
Masjid Ampel,religi,Jawa Timur,Kota Surabaya,-7.23031,112.743,,https://upload.wikimedia.org/wikipedia/commons/thumb/b/b5/Ampel_Mosque_in_2008.jpg/960px-Ampel_Mosque_in_2008.jpg?utm_source=id.wikipedia.org&utm_campaign=api&utm_content=thumbnail|https://commons.wikimedia.org/wiki/Special:FilePath/COLLECTIE%20TROPENMUSEUM%20Poort%20bij%20de%20Ampel%20Moskee%20in%20de%20Arabische%20wijk%20van%20Soerabaja%20TMnr%2060037907.jpg?width=800
Masjid Azizi,religi,Aceh,Aceh Tenggara,3.89145,98.42392,,https://upload.wikimedia.org/wikipedia/commons/thumb/9/9b/Azizi_Mosque%2C_Tanjung_Pura%2C_Langkat.jpg/960px-Azizi_Mosque%2C_Tanjung_Pura%2C_Langkat.jpg?utm_source=id.wikipedia.org&utm_campaign=api&utm_content=thumbnail|https://commons.wikimedia.org/wiki/Special:FilePath/Azizi%20Mosque%20side.jpg?width=800
Masjid Jami Pontianak,religi,Kepulauan Riau,Natuna,-0.026738,109.347678,,https://upload.wikimedia.org/wikipedia/commons/thumb/a/a9/Masjid_Jami_Pontianak_%282026%29_01.jpg/960px-Masjid_Jami_Pontianak_%282026%29_01.jpg?utm_source=id.wikipedia.org&utm_campaign=api&utm_content=thumbnail|https://commons.wikimedia.org/wiki/Special:FilePath/Masjid%20Kesultanan%20Syarif%20Abdurrahman.jpg?width=800
Masjid Cheng Ho Surabaya,religi,Jawa Timur,Kota Surabaya,-7.251944,112.746667,,https://upload.wikimedia.org/wikipedia/commons/1/1d/Cheng_ho.jpg?utm_source=id.wikipedia.org&utm_campaign=api&utm_content=thumbnail_unscaled|https://commons.wikimedia.org/wiki/Special:FilePath/Cheng%20ho.jpg?width=800
Masjid Tuo Kayu Jao,religi,Sumatera Barat,Solok,-1.00418,100.62884,,https://upload.wikimedia.org/wikipedia/commons/thumb/f/f2/Masjid_Tuo_Kayu_Jao_2025_%28Tampak_dari_sisi_kanan%29.jpg/960px-Masjid_Tuo_Kayu_Jao_2025_%28Tampak_dari_sisi_kanan%29.jpg?utm_source=id.wikipedia.org&utm_campaign=api&utm_content=thumbnail|https://commons.wikimedia.org/wiki/Special:FilePath/Masjid%20Tuo%20Kayu%20Jao%20%285%29.jpg?width=800
Masjid Jami Syekh Abdul Hamid Abulung,religi,Kalimantan Tengah,Kota Palangka Raya,-3.4116,114.8452,,https://upload.wikimedia.org/wikipedia/commons/thumb/a/a1/Masjid_Jami_Syekh_Abdul_Hamid_Abulung.jpg/960px-Masjid_Jami_Syekh_Abdul_Hamid_Abulung.jpg?utm_source=id.wikipedia.org&utm_campaign=api&utm_content=thumbnail|https://commons.wikimedia.org/wiki/Special:FilePath/Masjid%20Datu%20Abulung%20001.jpg?width=800
Masjid Raya KH Hasyim Asy'ari,religi,DKI Jakarta,Jakarta Barat,-6.159111,106.716152,,https://upload.wikimedia.org/wikipedia/id/thumb/c/c3/Masjid_Raya_KH_Hasyim_Asy%27ari_Jakarta.jpeg/960px-Masjid_Raya_KH_Hasyim_Asy%27ari_Jakarta.jpeg?utm_source=id.wikipedia.org&utm_campaign=api&utm_content=thumbnail
Masjid Raya Kubang Putih,religi,Sumatera Barat,Agam,-0.33332,100.4011,,https://upload.wikimedia.org/wikipedia/commons/thumb/5/56/Masjid_Kubang_Agam.jpg/960px-Masjid_Kubang_Agam.jpg?utm_source=id.wikipedia.org&utm_campaign=api&utm_content=thumbnail|https://commons.wikimedia.org/wiki/Special:FilePath/Masjid%20Kubang%20Agam.jpg?width=800
Masjid Babussalam,religi,Sumatera Barat,Kota Sawahlunto,-0.674922,100.767032,,https://upload.wikimedia.org/wikipedia/commons/thumb/b/be/Masjid_Babussalam.jpg/960px-Masjid_Babussalam.jpg?utm_source=id.wikipedia.org&utm_campaign=api&utm_content=thumbnail|https://commons.wikimedia.org/wiki/Special:FilePath/Masjid%20Babussalam.jpg?width=800
Jakarta Islamic Centre,religi,DKI Jakarta,Jakarta Pusat,-6.122601,106.917278,,https://upload.wikimedia.org/wikipedia/commons/e/e9/Gerbang_Jakarta_Islamic_Centre.jpg?utm_source=id.wikipedia.org&utm_campaign=api&utm_content=thumbnail_unscaled|https://commons.wikimedia.org/wiki/Special:FilePath/Gerbang%20Jakarta%20Islamic%20Centre.jpg?width=800
Masjid Pathok Negara Nurul Huda,religi,Jawa Tengah,Kota Magelang,-7.823572,110.350397,,https://commons.wikimedia.org/wiki/Special:FilePath/Pathoknegara%20Dongkelan%20Pj%20DSC%206667.jpg?width=800
Masjid Pathok Nagara Sulthani Plasakuning,religi,Jawa Tengah,Boyolali,-7.735855,110.407419,,https://upload.wikimedia.org/wikipedia/commons/thumb/6/6f/Pathoknegara_Plasakuning_Pj_DSC_1687.jpg/960px-Pathoknegara_Plasakuning_Pj_DSC_1687.jpg?utm_source=id.wikipedia.org&utm_campaign=api&utm_content=thumbnail|https://commons.wikimedia.org/wiki/Special:FilePath/Pathoknegara%20Plasakuning%20Pj%20DSC%201683.jpg?width=800
Masjid 60 Kurang Aso,religi,Sumatera Barat,Pesisir Selatan,-1.462014,101.031091,,https://upload.wikimedia.org/wikipedia/commons/thumb/7/72/Masjid_60_Kurang_Aso_01.jpg/960px-Masjid_60_Kurang_Aso_01.jpg?utm_source=id.wikipedia.org&utm_campaign=api&utm_content=thumbnail|https://commons.wikimedia.org/wiki/Special:FilePath/Masjid%2060%20Kurang%20Aso%2001.jpg?width=800
Masjid Raya Pincuran Tujuah,religi,Sumatera Barat,Padang Pariaman,-0.628325,100.25456,,https://upload.wikimedia.org/wikipedia/commons/thumb/0/08/Masjid_Pakandangan_2020_01.jpg/960px-Masjid_Pakandangan_2020_01.jpg?utm_source=id.wikipedia.org&utm_campaign=api&utm_content=thumbnail|https://commons.wikimedia.org/wiki/Special:FilePath/Masjid%20Pakandangan%202020%2001.jpg?width=800
Masjid Agung Al-Falah,religi,Jambi,Kota Jambi,-1.594194,103.6085,,https://upload.wikimedia.org/wikipedia/commons/thumb/2/28/Masjid_Agung_Al-Falah_Jambi.jpg/960px-Masjid_Agung_Al-Falah_Jambi.jpg?utm_source=id.wikipedia.org&utm_campaign=api&utm_content=thumbnail|https://commons.wikimedia.org/wiki/Special:FilePath/Tiang%20Teras%20Masjid%20Agung%20Al-Falah.jpg?width=800
Masjid Al-Akbar,religi,Jawa Timur,Kota Surabaya,-7.336543,112.715243,,https://upload.wikimedia.org/wikipedia/id/thumb/9/95/Masjid_Nasional_Al-Akbar_Surabaya_2016.jpg/960px-Masjid_Nasional_Al-Akbar_Surabaya_2016.jpg?utm_source=id.wikipedia.org&utm_campaign=api&utm_content=thumbnail|https://commons.wikimedia.org/wiki/Special:FilePath/Menara%20Masjid%20Al-Akbar%20Surabaya.jpg?width=800
Masjid Al Ihsaniyah,religi,Jambi,Kota Jambi,-1.585247,103.602402,,https://commons.wikimedia.org/wiki/Special:FilePath/COLLECTIE%20TROPENMUSEUM%20Moskee%20Djambi%20TMnr%2010016663.jpg?width=800
Masjid Raya Bandung,religi,Jawa Barat,Kota Bandung,-6.921734,107.606259,,https://upload.wikimedia.org/wikipedia/commons/thumb/9/9d/Masjid_Raya_Bandung_dan_Alun-alun_Bandung_%28potrait%29.jpg/960px-Masjid_Raya_Bandung_dan_Alun-alun_Bandung_%28potrait%29.jpg?utm_source=id.wikipedia.org&utm_campaign=api&utm_content=thumbnail|https://commons.wikimedia.org/wiki/Special:FilePath/Makam%20Mien%20Soewarmi%20Warnaen%20di%20Makam%20Pendiri%20Kota%20Bandung%20Dalem%20Kaum.jpg?width=800
Masjid Luar Batang,religi,DKI Jakarta,Jakarta Utara,-6.1238,106.80646,,https://upload.wikimedia.org/wikipedia/commons/9/98/COLLECTIE_TROPENMUSEUM_Moskee_Luar_Batang_%28Batavia%29_TMnr_60046455.jpg?utm_source=id.wikipedia.org&utm_campaign=api&utm_content=thumbnail_unscaled|https://commons.wikimedia.org/wiki/Special:FilePath/COLLECTIE%20TROPENMUSEUM%20Moskee%20Luar%20Batang%20%28Batavia%29%20TMnr%2060046455.jpg?width=800
Masjid Gedhe Kauman,religi,Jawa Tengah,Boyolali,-7.803946,110.362555,,https://upload.wikimedia.org/wikipedia/commons/thumb/2/2a/Grote_moskee_bij_de_kraton_te_Jogjakarta%2C_Midden-Java%2C_KITLV_29493.tiff/lossy-page1-960px-Grote_moskee_bij_de_kraton_te_Jogjakarta%2C_Midden-Java%2C_KITLV_29493.tiff.jpg?utm_source=id.wikipedia.org&utm_campaign=api&utm_content=thumbnail|https://commons.wikimedia.org/wiki/Special:FilePath/Jogja%20-%20Mesjid%20Gedhe%20Kauman%20Karaton%20Ngayogyakarta%20Hadiningrat%20%282025%29%20-%20img%2001.jpg?width=800
Masjid Tua Palopo,religi,Sulawesi Tengah,Poso,-2.994113,120.195301,,https://upload.wikimedia.org/wikipedia/commons/thumb/7/71/Masjid_Tua_Palopo.JPG/960px-Masjid_Tua_Palopo.JPG?utm_source=id.wikipedia.org&utm_campaign=api&utm_content=thumbnail|https://commons.wikimedia.org/wiki/Special:FilePath/Masjid%20Tua%20Palopo.JPG?width=800
Masjid Kasunyatan,religi,Banten,Kota Serang,-6.050932,106.157169,,https://upload.wikimedia.org/wikipedia/commons/thumb/8/85/Masjid_Kasunyatan-1.jpg/960px-Masjid_Kasunyatan-1.jpg?utm_source=id.wikipedia.org&utm_campaign=api&utm_content=thumbnail|https://commons.wikimedia.org/wiki/Special:FilePath/Masjid%20Kasunyatan-1.jpg?width=800
Masjid Agung Palembang,religi,Jambi,Kota Jambi,-2.98748,104.75997,,https://upload.wikimedia.org/wikipedia/commons/thumb/2/29/Great_Mosque_of_Palembang_20230808_174444.jpg/960px-Great_Mosque_of_Palembang_20230808_174444.jpg?utm_source=id.wikipedia.org&utm_campaign=api&utm_content=thumbnail|https://commons.wikimedia.org/wiki/Special:FilePath/Masjid%20Agung%20Palembang.jpg?width=800
Masjid Mutaqaddimin,religi,Sumatera Barat,Tanah Datar,-0.234678,100.687486,,
Masjid Raya Nanggalo,religi,Sumatera Barat,Kota Padang,-0.9033,100.371294,,
Masjid Nurul Amin Pagaruyung,religi,Sumatera Barat,Tanah Datar,-0.47392,100.62276,,https://upload.wikimedia.org/wikipedia/commons/thumb/5/5a/Masjid_Nurul_Amin_Pagaruyung_Februari_2020_1.jpg/960px-Masjid_Nurul_Amin_Pagaruyung_Februari_2020_1.jpg?utm_source=id.wikipedia.org&utm_campaign=api&utm_content=thumbnail|https://commons.wikimedia.org/wiki/Special:FilePath/Masjid%20Nurul%20Amin%20Pagaruyung%20Februari%202020%201.jpg?width=800
Masjid Agung Al-Manan,religi,Riau,Kota Dumai,1.581062,101.386063,,https://upload.wikimedia.org/wikipedia/commons/thumb/a/a2/Dumai_Mosque.jpg/960px-Dumai_Mosque.jpg?utm_source=id.wikipedia.org&utm_campaign=api&utm_content=thumbnail|https://commons.wikimedia.org/wiki/Special:FilePath/Dumai%20Mosque.jpg?width=800
Masjid Raya Akbar At-Taqwa,religi,Sumatera Selatan,Musi Rawas,-3.8,102.258889,,https://upload.wikimedia.org/wikipedia/commons/thumb/e/e3/Masjid_Agung.jpg/960px-Masjid_Agung.jpg?utm_source=id.wikipedia.org&utm_campaign=api&utm_content=thumbnail|https://commons.wikimedia.org/wiki/Special:FilePath/Masjid%20Agung.jpg?width=800
Masjid Nurul Hilal Dato Tiro,religi,Sulawesi Selatan,Bulukumba,-5.469276,120.423954,,
Masjid Angke,religi,DKI Jakarta,Jakarta Barat,-6.14337,106.796,,https://upload.wikimedia.org/wikipedia/commons/4/4c/COLLECTIE_TROPENMUSEUM_Moskee_te_Angke_bij_Batavia_TMnr_60048715.jpg?utm_source=id.wikipedia.org&utm_campaign=api&utm_content=thumbnail_unscaled|https://commons.wikimedia.org/wiki/Special:FilePath/COLLECTIE%20TROPENMUSEUM%20Moskee%20te%20Angke%20bij%20Batavia%20TMnr%2060048715.jpg?width=800
Masjid Agung Batam,religi,Kepulauan Riau,Kota Batam,1.12624,104.053396,,https://upload.wikimedia.org/wikipedia/commons/thumb/4/48/Masjid_Agung%2C_Batam.jpg/960px-Masjid_Agung%2C_Batam.jpg?utm_source=id.wikipedia.org&utm_campaign=api&utm_content=thumbnail|https://commons.wikimedia.org/wiki/Special:FilePath/Masjid%20Agung%2C%20Batam.jpg?width=800
Masjid Agung Kauman Pekalongan,religi,Jawa Tengah,Banjarnegara,-6.890284,109.675358,,https://upload.wikimedia.org/wikipedia/commons/thumb/d/d8/Masjid_Agung_Al-Jami%27.jpg/960px-Masjid_Agung_Al-Jami%27.jpg?utm_source=id.wikipedia.org&utm_campaign=api&utm_content=thumbnail
Masjid Islamic Center Baitul Mukhlisin,religi,Sumatera Selatan,Ogan Komering Ulu,-5.017039,104.115459,,
Masjid Merah Panjunan,religi,Jawa Barat,Kota Cirebon,-6.717479,108.566065,,https://upload.wikimedia.org/wikipedia/commons/9/90/Masjid_Panjunan_di_Cirebon%2C_Amerta_-_Berkala_Arkeologi_1%2C_hal._7.jpg?utm_source=id.wikipedia.org&utm_campaign=api&utm_content=thumbnail_unscaled|https://commons.wikimedia.org/wiki/Special:FilePath/Masjid%20Merah%20Panjunan%2002.jpg?width=800
Masjid Sekayu,religi,Jawa Tengah,Kota Semarang,-6.98165,110.41593,,https://commons.wikimedia.org/wiki/Special:FilePath/Pemugaran%20ke%205%20Masjid%20Sekayu.png?width=800
Masjid Agung Al-Muhsinin,religi,Sumatera Barat,Solok,-0.796065,100.663197,,https://upload.wikimedia.org/wikipedia/commons/thumb/8/8c/Masjid_Agung_Solok.jpg/960px-Masjid_Agung_Solok.jpg?utm_source=id.wikipedia.org&utm_campaign=api&utm_content=thumbnail|https://commons.wikimedia.org/wiki/Special:FilePath/Masjid%20Agung%20di%20Solok.jpg?width=800
Masjid Agung Al-Barkah Bekasi,religi,DKI Jakarta,Jakarta Timur,-6.24077,106.999535,,https://upload.wikimedia.org/wikipedia/commons/thumb/1/1b/Masjid_Al-Barkah_kota_Bekasi_-_panoramio.jpg/960px-Masjid_Al-Barkah_kota_Bekasi_-_panoramio.jpg?utm_source=id.wikipedia.org&utm_campaign=api&utm_content=thumbnail
Masjid Agung Baitunnur Pati,religi,Jawa Tengah,Jepara,-6.753691,111.039414,,https://upload.wikimedia.org/wikipedia/commons/thumb/7/70/Masjid_Agung_Baitunnur_Pati.jpg/960px-Masjid_Agung_Baitunnur_Pati.jpg?utm_source=id.wikipedia.org&utm_campaign=api&utm_content=thumbnail|https://commons.wikimedia.org/wiki/Special:FilePath/Masjid%20Agung%20Baitunnur%20Pati.jpg?width=800
Masjid Bubrah,religi,Jawa Tengah,Jepara,-6.807055,110.83357,,https://upload.wikimedia.org/wikipedia/commons/thumb/f/f5/Ru%C3%AFne_van_de_Longgar_Boebar_moskee_te_Demangan_bij_Klaten%2C_KITLV_166557.tiff/lossy-page1-960px-Ru%C3%AFne_van_de_Longgar_Boebar_moskee_te_Demangan_bij_Klaten%2C_KITLV_166557.tiff.jpg?utm_source=id.wikipedia.org&utm_campaign=api&utm_content=thumbnail
Masjid Nurul Iman Koto Gadang,religi,Sumatera Barat,Agam,-0.318243,100.357367,,https://upload.wikimedia.org/wikipedia/commons/thumb/8/85/Moskee_Fort_de_Kock.jpg/960px-Moskee_Fort_de_Kock.jpg?utm_source=id.wikipedia.org&utm_campaign=api&utm_content=thumbnail|https://commons.wikimedia.org/wiki/Special:FilePath/Masjid%20Nurul%20Iman%20Koto%20Gadang%202020%2002.jpg?width=800
Masjid Raya Baitul Makmur Tanjung Uban,religi,Kepulauan Riau,Kota Batam,1.070556,104.228194,,
Masjid Baitul Kamal,religi,DKI Jakarta,Jakarta Selatan,-6.393242,106.82161,,
Masjid Raya Singkawang,religi,Kepulauan Riau,Natuna,0.910705,108.986251,,https://upload.wikimedia.org/wikipedia/commons/thumb/b/bb/Singkawang_mosque_101221-10546.jpg/960px-Singkawang_mosque_101221-10546.jpg?utm_source=id.wikipedia.org&utm_campaign=api&utm_content=thumbnail|https://commons.wikimedia.org/wiki/Special:FilePath/Masjid%20Raya%20Kota%20Singkawang.jpg?width=800
Masjid Babussalam Bawan,religi,Sumatera Barat,Agam,-0.20108,100.017493,,
Masjid Gedhe Mataram,religi,Jawa Tengah,Boyolali,-7.829365,110.39818,,https://upload.wikimedia.org/wikipedia/commons/thumb/0/07/Masjid_Mataram_Kotagede.jpg/960px-Masjid_Mataram_Kotagede.jpg?utm_source=id.wikipedia.org&utm_campaign=api&utm_content=thumbnail
Masjid Raya Kasang,religi,Sumatera Barat,Padang Pariaman,-0.787715,100.341118,,
Masjid Kiai Gede,religi,Kalimantan Barat,Ketapang,-2.48591,111.44434,,https://upload.wikimedia.org/wikipedia/commons/2/24/Masjid_Kiai_Gede_Kotawaringin_Lama_3.jpg?utm_source=id.wikipedia.org&utm_campaign=api&utm_content=thumbnail_unscaled|https://commons.wikimedia.org/wiki/Special:FilePath/Masjid%20Kyai%20Gede%20001.jpg?width=800
Masjid Jami Kalipasir,religi,Banten,Kota Tangerang Selatan,-6.179222,106.628861,,https://commons.wikimedia.org/wiki/Special:FilePath/Masjid%20Jami%20Kalipasir.jpg?width=800
Masjid Agung Riyadusshalihin,religi,Kalimantan Tengah,Kota Palangka Raya,-2.581894,115.382637,,https://upload.wikimedia.org/wikipedia/commons/thumb/2/2e/Masjid_Agung_Riadhusshalihin_001.jpg/960px-Masjid_Agung_Riadhusshalihin_001.jpg?utm_source=id.wikipedia.org&utm_campaign=api&utm_content=thumbnail|https://commons.wikimedia.org/wiki/Special:FilePath/Masjid%20Agung%20Riadhusshalihin%20001.jpg?width=800
Masjid Tua Indrapuri,religi,Aceh,Aceh Besar,5.4154,95.4466,,https://upload.wikimedia.org/wikipedia/commons/thumb/8/84/Meuseujid_Tuha_Indra_Puri_%28cropped%29.jpg/960px-Meuseujid_Tuha_Indra_Puri_%28cropped%29.jpg?utm_source=id.wikipedia.org&utm_campaign=api&utm_content=thumbnail|https://commons.wikimedia.org/wiki/Special:FilePath/Meuseujid%20Indra%20Puri.JPG?width=800
Masjid Saka Tunggal,religi,Jawa Tengah,Cilacap,-7.47387,109.056,,https://upload.wikimedia.org/wikipedia/commons/thumb/1/11/Saka_Tunggal_Mosque_%28exterior%2C_HDR%29%2C_Banyumas_Regency%2C_2015-03-22.jpg/960px-Saka_Tunggal_Mosque_%28exterior%2C_HDR%29%2C_Banyumas_Regency%2C_2015-03-22.jpg?utm_source=id.wikipedia.org&utm_campaign=api&utm_content=thumbnail|https://commons.wikimedia.org/wiki/Special:FilePath/Saka%20Tunggal%20Mosque%20%28exterior%2C%20HDR%29%2C%20Banyumas%20Regency%2C%202015-03-22.jpg?width=800
Masjid Agung Malang,religi,Jawa Timur,Kota Malang,-7.982385,112.629646,,https://upload.wikimedia.org/wikipedia/commons/thumb/9/9e/Front_Of_Great_Mosque_Jami_%27Malang.jpg/960px-Front_Of_Great_Mosque_Jami_%27Malang.jpg?utm_source=id.wikipedia.org&utm_campaign=api&utm_content=thumbnail|https://commons.wikimedia.org/wiki/Special:FilePath/Front%20Of%20Great%20Mosque%20Jami%20%27Malang.jpg?width=800
Masjid Syuhada,religi,Jawa Tengah,Boyolali,-7.786269,110.369236,,
Masjid Raya Balai Gadang Mungo,religi,Sumatera Barat,Lima Puluh Kota,-0.233489,100.699214,,https://upload.wikimedia.org/wikipedia/commons/thumb/0/09/Masjid_Raya_Balai_Gadang_Mungo_2020_01.jpg/960px-Masjid_Raya_Balai_Gadang_Mungo_2020_01.jpg?utm_source=id.wikipedia.org&utm_campaign=api&utm_content=thumbnail|https://commons.wikimedia.org/wiki/Special:FilePath/Masjid%20Raya%20Balai%20Gadang%20Mungo%202020%2001.jpg?width=800
Surau Lubuk Bauk,religi,Sumatera Barat,Tanah Datar,-0.477174,100.456558,,https://upload.wikimedia.org/wikipedia/commons/thumb/d/d9/Surau_Nagari_Batipuh.jpg/960px-Surau_Nagari_Batipuh.jpg?utm_source=id.wikipedia.org&utm_campaign=api&utm_content=thumbnail|https://commons.wikimedia.org/wiki/Special:FilePath/Surau%20Lubuk%20Bauk%202020%2004.jpg?width=800
Masjid Agung Pondok Tinggi,religi,Sumatera Barat,Pesisir Selatan,-2.06607,101.39376,,https://upload.wikimedia.org/wikipedia/commons/thumb/f/ff/Pondok_Tinggi_Great_Mosque.jpg/960px-Pondok_Tinggi_Great_Mosque.jpg?utm_source=id.wikipedia.org&utm_campaign=api&utm_content=thumbnail|https://commons.wikimedia.org/wiki/Special:FilePath/Pondok%20Tinggi%20Great%20Mosque.jpg?width=800
Masjid Kauman Pleret,religi,DI Yogyakarta,Bantul,-7.864882,110.40549,,https://upload.wikimedia.org/wikipedia/commons/thumb/c/cd/Situs_Masjid_Kauman_Pleret.jpg/960px-Situs_Masjid_Kauman_Pleret.jpg?utm_source=id.wikipedia.org&utm_campaign=api&utm_content=thumbnail|https://commons.wikimedia.org/wiki/Special:FilePath/Situs%20Masjid%20Kauman%20Pleret.jpg?width=800
Masjid Amirul Mukminin,religi,Sulawesi Selatan,Kota Makassar,-5.146795,119.408085,,https://upload.wikimedia.org/wikipedia/commons/thumb/b/bc/Masjid_Terapung_Amirrul_Mukminin_Makassar.jpg/960px-Masjid_Terapung_Amirrul_Mukminin_Makassar.jpg?utm_source=id.wikipedia.org&utm_campaign=api&utm_content=thumbnail
Masjid Asasi,religi,Sumatera Barat,Tanah Datar,-0.4682,100.42667,,https://upload.wikimedia.org/wikipedia/commons/thumb/2/29/Mesjid_Asasi_Padangpanjang.jpg/960px-Mesjid_Asasi_Padangpanjang.jpg?utm_source=id.wikipedia.org&utm_campaign=api&utm_content=thumbnail|https://commons.wikimedia.org/wiki/Special:FilePath/Masjid%20Asasi%20crop.jpg?width=800
Masjid Nurul Amilin,religi,Kalimantan Tengah,Kota Palangka Raya,-3.343953,114.592397,,https://commons.wikimedia.org/wiki/Special:FilePath/Masjid%20Jami%20Nurul%20Amilin%20Haur%20Kuning%20Banjarmasin.jpg?width=800
Surau Gadang Bintungan Tinggi,religi,Sumatera Barat,Padang Pariaman,-0.659936,100.204464,,https://upload.wikimedia.org/wikipedia/commons/d/db/Surau_Bintungan_Tinggi.png?utm_source=id.wikipedia.org&utm_campaign=api&utm_content=thumbnail_unscaled|https://commons.wikimedia.org/wiki/Special:FilePath/Surau%20Bintungan%20Tinggi.png?width=800
Masjid Lautze,religi,DKI Jakarta,Jakarta Pusat,-6.158944,106.829917,,https://upload.wikimedia.org/wikipedia/commons/thumb/8/84/Lautze_Mosque.jpg/960px-Lautze_Mosque.jpg?utm_source=id.wikipedia.org&utm_campaign=api&utm_content=thumbnail|https://commons.wikimedia.org/wiki/Special:FilePath/Lautze%20Mosque.jpg?width=800
"Masjid Ishlah, Pariangan",religi,Sumatera Barat,Tanah Datar,-0.458411,100.490194,,https://upload.wikimedia.org/wikipedia/commons/thumb/6/63/Masjid_Ishlah_Pariangan_2025_%28Tampak_dari_atas%29.jpg/960px-Masjid_Ishlah_Pariangan_2025_%28Tampak_dari_atas%29.jpg?utm_source=id.wikipedia.org&utm_campaign=api&utm_content=thumbnail|https://commons.wikimedia.org/wiki/Special:FilePath/Masjid%20Ishlah%202020%2001.jpg?width=800
Masjid Zu'ama Jembatan Besi,religi,Sumatera Barat,Kota Bukittinggi,-0.462195,100.399233,,https://commons.wikimedia.org/wiki/Special:FilePath/Masjid%20Zu%27ama%20Jembatan%20Besi.jpg?width=800
Masjid Perak,religi,Jawa Tengah,Boyolali,-7.82701,110.39757,,
Masjid Margoyuwono,religi,Jawa Tengah,Boyolali,-7.81145,110.36478,,
Masjid Baitul A’la Lil Mujahidin,religi,Aceh,Kota Banda Aceh,5.281511,95.97752,,https://upload.wikimedia.org/wikipedia/commons/thumb/3/3c/Masjid_Baitul_A%27la_Lil_Mujahidin.jpg/960px-Masjid_Baitul_A%27la_Lil_Mujahidin.jpg?utm_source=id.wikipedia.org&utm_campaign=api&utm_content=thumbnail
Masjid Terapung Al-Aminah,religi,Lampung,Pesawaran,-5.556379,105.25478,,https://upload.wikimedia.org/wikipedia/commons/thumb/f/fb/Masjid_Terapung_Al-Aminah.JPG/960px-Masjid_Terapung_Al-Aminah.JPG?utm_source=id.wikipedia.org&utm_campaign=api&utm_content=thumbnail|https://commons.wikimedia.org/wiki/Special:FilePath/Masjid%20Terapung%20Al-Aminah.JPG?width=800
"Masjid Al-Furqon, UPI",religi,Jawa Barat,Bandung,-6.863131,107.593505,,
Masjid Agung Palabuhanratu,religi,Jawa Barat,Sukabumi,-6.988352,106.550644,,
Masjid Agung Majalaya,religi,Jawa Barat,Bandung,-7.049444,107.760556,,
Masjid Kuno Gunung Pujut,religi,Nusa Tenggara Barat,Kota Mataram,-8.80983,116.2994,,
Masjid Cheng Ho Banyuwangi,religi,Jawa Timur,Banyuwangi,-8.238333,114.345556,,
Masjid Jami Kampung Baru Inpak,religi,DKI Jakarta,Jakarta Utara,-6.136573,106.802767,,https://upload.wikimedia.org/wikipedia/commons/thumb/b/bf/Masjid_Bandengan_Atau_Masjid_Kampung_Baru_-_panoramio.jpg/960px-Masjid_Bandengan_Atau_Masjid_Kampung_Baru_-_panoramio.jpg?utm_source=id.wikipedia.org&utm_campaign=api&utm_content=thumbnail|https://commons.wikimedia.org/wiki/Special:FilePath/Masjid%20Bandengan%20Atau%20Masjid%20Kampung%20Baru%20-%20panoramio.jpg?width=800
"Masjid Al-Anshor, Pekojan, Jakarta",religi,DKI Jakarta,Jakarta Utara,-6.139028,106.806889,,https://upload.wikimedia.org/wikipedia/commons/thumb/c/cc/Masjid_Al-Anshor_Pekojan_-_panoramio.jpg/960px-Masjid_Al-Anshor_Pekojan_-_panoramio.jpg?utm_source=id.wikipedia.org&utm_campaign=api&utm_content=thumbnail
Masjid An-Nawier,religi,DKI Jakarta,Jakarta Utara,-6.141518,106.804522,,https://upload.wikimedia.org/wikipedia/commons/thumb/d/d7/Masjid_Jami_Annawier_Pekojan.jpg/960px-Masjid_Jami_Annawier_Pekojan.jpg?utm_source=id.wikipedia.org&utm_campaign=api&utm_content=thumbnail|https://commons.wikimedia.org/wiki/Special:FilePath/Masjid%20Jami%20Annawier%20Pekojan.jpg?width=800
Masjid Al-Mansur,religi,DKI Jakarta,Jakarta Utara,-6.14625,106.806333,,
Masjid Jamik Mandiangin,religi,Sumatera Barat,Kota Bukittinggi,-0.290789,100.374727,,https://upload.wikimedia.org/wikipedia/commons/thumb/8/8e/Masjid_Jamik_Mandiangin_2020_01.jpg/960px-Masjid_Jamik_Mandiangin_2020_01.jpg?utm_source=id.wikipedia.org&utm_campaign=api&utm_content=thumbnail|https://commons.wikimedia.org/wiki/Special:FilePath/Masjid%20Jamik%20Mandiangin%202020%2001.jpg?width=800
Masjid Raya Padusunan,religi,Sumatera Barat,Kota Pariaman,-0.600376,100.131825,,https://upload.wikimedia.org/wikipedia/commons/thumb/f/fa/Masjid_Raya_Padusunan_2020_02.jpg/960px-Masjid_Raya_Padusunan_2020_02.jpg?utm_source=id.wikipedia.org&utm_campaign=api&utm_content=thumbnail|https://commons.wikimedia.org/wiki/Special:FilePath/Masjid%20Raya%20Padusunan%202020%2001.jpg?width=800
Masjid Raya Kuraitaji,religi,Sumatera Barat,Kota Pariaman,-0.635371,100.168622,,https://commons.wikimedia.org/wiki/Special:FilePath/Masjid%20Raya%20Kuraitaji%202020%2001.jpg?width=800
Masjid Raya Pariaman,religi,Sumatera Barat,Kota Pariaman,-0.628617,100.119647,,https://upload.wikimedia.org/wikipedia/commons/thumb/c/c9/Masjid_Raya_Pariaman_oleh_Denas.jpg/960px-Masjid_Raya_Pariaman_oleh_Denas.jpg?utm_source=id.wikipedia.org&utm_campaign=api&utm_content=thumbnail|https://commons.wikimedia.org/wiki/Special:FilePath/Masjid%20Raya%20Pariaman%20oleh%20Denas.jpg?width=800
Masjid Raya Ampek Lingkung,religi,Sumatera Barat,Padang Pariaman,-0.669882,100.294699,,https://commons.wikimedia.org/wiki/Special:FilePath/Masjid%20Raya%20Ampek%20Lingkuang%2001.jpg?width=800
Surau Taram,religi,Sumatera Barat,Lima Puluh Kota,-0.21079,100.696955,,https://upload.wikimedia.org/wikipedia/commons/thumb/e/e9/Surau_Taram_2020_01.jpg/960px-Surau_Taram_2020_01.jpg?utm_source=id.wikipedia.org&utm_campaign=api&utm_content=thumbnail|https://commons.wikimedia.org/wiki/Special:FilePath/Surau%20Taram%202020%2003.jpg?width=800
Masjid Raya Kubang,religi,Sumatera Barat,Lima Puluh Kota,-0.134969,100.520499,,https://upload.wikimedia.org/wikipedia/commons/thumb/6/6d/Masjid_Raya_Kubang_2020_01.jpg/960px-Masjid_Raya_Kubang_2020_01.jpg?utm_source=id.wikipedia.org&utm_campaign=api&utm_content=thumbnail|https://commons.wikimedia.org/wiki/Special:FilePath/Masjid%20Raya%20Kubang%202020%2001.jpg?width=800
Masjid Al-Imam Koto Baru,religi,Sumatera Barat,Pesisir Selatan,-1.671,100.757259,,https://upload.wikimedia.org/wikipedia/commons/thumb/c/c9/Masjid_Al_Imam_Koto_Baru_Maret_2021_01.jpg/960px-Masjid_Al_Imam_Koto_Baru_Maret_2021_01.jpg?utm_source=id.wikipedia.org&utm_campaign=api&utm_content=thumbnail|https://commons.wikimedia.org/wiki/Special:FilePath/Masjid%20Al%20Imam%20Koto%20Baru%20Maret%202021%2001.jpg?width=800
Surau Lubuak Landua,religi,Sumatera Barat,Pasaman,0.106029,99.886739,,https://commons.wikimedia.org/wiki/Special:FilePath/Majsid%20Lubuak%20Landua%202021.jpg?width=800
Surau Tarok,religi,Sumatera Barat,Kota Padang,-0.908851,100.419696,,https://upload.wikimedia.org/wikipedia/commons/thumb/3/35/Surau_Tarok_September_2021_01.jpg/960px-Surau_Tarok_September_2021_01.jpg?utm_source=id.wikipedia.org&utm_campaign=api&utm_content=thumbnail|https://commons.wikimedia.org/wiki/Special:FilePath/Surau%20Tarok%20September%202021%2001.jpg?width=800
Surau Menara,religi,Sumatera Barat,Pesisir Selatan,-1.482624,101.058579,,https://upload.wikimedia.org/wikipedia/commons/1/1d/COLLECTIE_TROPENMUSEUM_Minangkabau_rijstschuur_bij_een_moskee_en_surau_TMnr_60042501.jpg?utm_source=id.wikipedia.org&utm_campaign=api&utm_content=thumbnail_unscaled|https://commons.wikimedia.org/wiki/Special:FilePath/Surau%20Menara%2001.jpg?width=800
Masjid Jamik Birugo,religi,Sumatera Barat,Kota Bukittinggi,-0.318591,100.37629,,https://upload.wikimedia.org/wikipedia/commons/thumb/e/e8/Masjid_Jamik_Birugo_Des_2022.jpg/960px-Masjid_Jamik_Birugo_Des_2022.jpg?utm_source=id.wikipedia.org&utm_campaign=api&utm_content=thumbnail|https://commons.wikimedia.org/wiki/Special:FilePath/Masjid%20Jamik%20Birugo%202020%2001.jpg?width=800
"Masjid Asy-Syuhada, Bali",religi,Bali,Badung,-8.725636,115.235102,,
Masjid Ummul Qura,religi,Sumatera Barat,Agam,-0.324677,100.224795,,https://upload.wikimedia.org/wikipedia/commons/thumb/3/3f/Masjid_Ummilqura_%28Ummilqura_Mosque%29.jpg/960px-Masjid_Ummilqura_%28Ummilqura_Mosque%29.jpg?utm_source=id.wikipedia.org&utm_campaign=api&utm_content=thumbnail|https://commons.wikimedia.org/wiki/Special:FilePath/Masjid%20Ummul%20Qura%202020%2001.jpg?width=800
Masjid Pajimatan Imogiri,religi,Jawa Tengah,Boyolali,-7.922494,110.394715,,https://upload.wikimedia.org/wikipedia/commons/thumb/0/05/Masjid_Pajimatan_Imogiri.jpg/960px-Masjid_Pajimatan_Imogiri.jpg?utm_source=id.wikipedia.org&utm_campaign=api&utm_content=thumbnail|https://commons.wikimedia.org/wiki/Special:FilePath/Masjid%20Pajimatan%20Imogiri.jpg?width=800
Masjid Pathok Negara Taqwa Wonokromo,religi,Jawa Tengah,Boyolali,-7.875306,110.394433,,https://upload.wikimedia.org/wikipedia/commons/thumb/6/67/Masjid_Pathok_Negara_Taqwa_Wonokromo.jpg/960px-Masjid_Pathok_Negara_Taqwa_Wonokromo.jpg?utm_source=id.wikipedia.org&utm_campaign=api&utm_content=thumbnail|https://commons.wikimedia.org/wiki/Special:FilePath/Masjid%20Pathok%20Negara%20Taqwa%20Wonokromo.jpg?width=800
Masjid Tua Siguntur,religi,Sumatera Barat,Dharmasraya,-0.954805,101.566637,,https://upload.wikimedia.org/wikipedia/commons/thumb/8/88/Makam_Raja-Raja_Siguntur.jpg/960px-Makam_Raja-Raja_Siguntur.jpg?utm_source=id.wikipedia.org&utm_campaign=api&utm_content=thumbnail|https://commons.wikimedia.org/wiki/Special:FilePath/Makam%20Raja-Raja%20Siguntur.jpg?width=800
Masjid Tuanku Pamansiangan,religi,Sumatera Barat,Tanah Datar,-0.4247,100.391621,,https://upload.wikimedia.org/wikipedia/commons/thumb/e/e3/Cagar_budaya_Masjid_Tuanku_Pamansiangan.jpg/960px-Cagar_budaya_Masjid_Tuanku_Pamansiangan.jpg?utm_source=id.wikipedia.org&utm_campaign=api&utm_content=thumbnail|https://commons.wikimedia.org/wiki/Special:FilePath/Masjid%20Tuanku%20Pamansiangan%202020%2001.jpg?width=800
Surau Latiah,religi,Sumatera Barat,Solok,-0.804801,100.658578,,https://upload.wikimedia.org/wikipedia/commons/thumb/0/0a/Cagar_budaya_Surau_Latiah.jpg/960px-Cagar_budaya_Surau_Latiah.jpg?utm_source=id.wikipedia.org&utm_campaign=api&utm_content=thumbnail|https://commons.wikimedia.org/wiki/Special:FilePath/Surau%20Latiah%20Cagar%20Budaya.jpg?width=800
Masjid al-Alam Marunda,religi,DKI Jakarta,Jakarta Pusat,-6.0942,106.95971,,https://commons.wikimedia.org/wiki/Special:FilePath/Masjid%20Al-Alam%20Marunda.jpg?width=800
Masjid Pulo Kambing,religi,Aceh,Aceh Tenggara,3.10014,97.36447,,
Masjid Jami Kebon Jeruk,religi,DKI Jakarta,Jakarta Pusat,-6.15554,106.81848,,
Masjid Assalafiyah,religi,DKI Jakarta,Jakarta Selatan,-6.27023,106.83107,,
Masjid Al-Riyadh Kwitang,religi,DKI Jakarta,Jakarta Pusat,-6.184137,106.837024,,
Mesjid Ki Merogan,religi,Jambi,Kota Jambi,-3.01498,104.750067,,
Masjid Ramlie Musofa,religi,DKI Jakarta,Jakarta Pusat,-6.146161,106.871217,,https://upload.wikimedia.org/wikipedia/id/thumb/9/9a/Tampak_Luar_Masjid_Ramlie_Musofa_%282025%29.jpg/960px-Tampak_Luar_Masjid_Ramlie_Musofa_%282025%29.jpg?utm_source=id.wikipedia.org&utm_campaign=api&utm_content=thumbnail|https://commons.wikimedia.org/wiki/Special:FilePath/Ramlie%20Musofa%20Mosque.jpg?width=800
Masjid Al Imtizaj,religi,Jawa Barat,Kota Bandung,-6.919444,107.607861,,https://upload.wikimedia.org/wikipedia/commons/thumb/f/f9/Masjid_Al-Imtizaj_2.jpg/960px-Masjid_Al-Imtizaj_2.jpg?utm_source=id.wikipedia.org&utm_campaign=api&utm_content=thumbnail|https://commons.wikimedia.org/wiki/Special:FilePath/Masjid%20Al-Imtizaj%202.jpg?width=800
Masjid Lautze 2,religi,Jawa Barat,Kota Bandung,-6.918028,107.61225,,
Masjid Al-Jabbar,religi,Jawa Barat,Bandung,-6.9481,107.7036,,https://upload.wikimedia.org/wikipedia/id/thumb/8/8c/Al_Jabbar_Mosque.jpg/960px-Al_Jabbar_Mosque.jpg?utm_source=id.wikipedia.org&utm_campaign=api&utm_content=thumbnail
Masjid Ampang Gadang,religi,Sumatera Barat,Lima Puluh Kota,-0.114538,100.530921,,https://upload.wikimedia.org/wikipedia/commons/thumb/a/aa/Masjid_Ampang_Gadang_2020_01.jpg/960px-Masjid_Ampang_Gadang_2020_01.jpg?utm_source=id.wikipedia.org&utm_campaign=api&utm_content=thumbnail|https://commons.wikimedia.org/wiki/Special:FilePath/Masjid%20Ampang%20Gadang%202020%2001.jpg?width=800
Masjid Al-Furqan (Solok),religi,Sumatera Barat,Solok,-0.791577,100.656905,,https://commons.wikimedia.org/wiki/Special:FilePath/Masjid%20Al-Furqon%20Solok%20%282%29.jpg?width=800
Masjid Raya Darussalam Palangka Raya,religi,Kalimantan Barat,Kapuas Hulu,-2.230956,113.890124,,https://upload.wikimedia.org/wikipedia/commons/thumb/9/94/Masjid_Raya_Darussalam_Palangka_Raya_003.jpg/960px-Masjid_Raya_Darussalam_Palangka_Raya_003.jpg?utm_source=id.wikipedia.org&utm_campaign=api&utm_content=thumbnail|https://commons.wikimedia.org/wiki/Special:FilePath/Masjid%20Raya%20Darussalam%20Palangka%20Raya%20003.jpg?width=800
Masjid Agung Al-Istiqlal Murung Raya,religi,Kalimantan Tengah,Kota Palangka Raya,-0.651197,114.578922,,
Masjid Baiturrahman Nanga Bunut,religi,Kalimantan Barat,Kapuas Hulu,0.776483,112.499121,,https://upload.wikimedia.org/wikipedia/commons/thumb/e/e0/Masjid_Baiturrahman_Nanga_Bunut_03.jpg/960px-Masjid_Baiturrahman_Nanga_Bunut_03.jpg?utm_source=id.wikipedia.org&utm_campaign=api&utm_content=thumbnail|https://commons.wikimedia.org/wiki/Special:FilePath/Masjid%20Baiturrahman%20Nanga%20Bunut%2002.jpg?width=800
Masjid Jamik Bengkulu,religi,Sumatera Selatan,Musi Rawas,-3.79234,102.26224,,https://upload.wikimedia.org/wikipedia/commons/9/94/Masjid_Jamik_Bengkulu.jpg?utm_source=id.wikipedia.org&utm_campaign=api&utm_content=thumbnail_unscaled|https://commons.wikimedia.org/wiki/Special:FilePath/Masjid%20Jamik%20Bengkulu.jpg?width=800
Masjid Tanjung Pauh Ilir,religi,Sumatera Barat,Pesisir Selatan,-2.117545,101.43479,,https://upload.wikimedia.org/wikipedia/commons/thumb/a/af/Masjid_Kuno_Pauh_Hilir_%285%29.jpg/960px-Masjid_Kuno_Pauh_Hilir_%285%29.jpg?utm_source=id.wikipedia.org&utm_campaign=api&utm_content=thumbnail|https://commons.wikimedia.org/wiki/Special:FilePath/Masjid%20Kuno%20Pauh%20Hilir%20%285%29.jpg?width=800
Masjid Raya Al-Falah Sragen,religi,Jawa Tengah,Kota Surakarta,-7.428669,111.017314,,
Masjid Istiqamah Sawahlunto,religi,Sumatera Barat,Kota Sawahlunto,-0.687528,100.778502,,https://commons.wikimedia.org/wiki/Special:FilePath/Masjid%20Istiqamah.jpg?width=800
Masjid Raya Silungkang,religi,Sumatera Barat,Kota Sawahlunto,-0.723407,100.763963,,
Masjid Al-Alam,religi,Sulawesi Tenggara,Kota Kendari,-3.9781,122.54454,,
Masjid Besar Pakualaman,religi,Jawa Tengah,Boyolali,-7.80105,110.37533,,
Masjid Caringin,religi,Lampung,Lampung Selatan,-6.356528,105.826,,https://upload.wikimedia.org/wikipedia/commons/thumb/4/45/Masjid_as-Salafie_20221231-133926_lbn.jpg/960px-Masjid_as-Salafie_20221231-133926_lbn.jpg?utm_source=id.wikipedia.org&utm_campaign=api&utm_content=thumbnail|https://commons.wikimedia.org/wiki/Special:FilePath/Masjid%20as-Salafie%2020221231-133729%20lbn.jpg?width=800
Masjid Banyusumurup,religi,DI Yogyakarta,Bantul,-7.92964,110.395819,,https://upload.wikimedia.org/wikipedia/commons/thumb/0/0d/Masjid_Banyusumurup_2026.jpg/960px-Masjid_Banyusumurup_2026.jpg?utm_source=id.wikipedia.org&utm_campaign=api&utm_content=thumbnail
"Masjid Nurul Yaqin, Matua Mudik",religi,Sumatera Barat,Agam,-0.288969,100.273465,,https://upload.wikimedia.org/wikipedia/commons/e/ed/Masjid_di_Tangah_Sawah_Maninjau.jpg?utm_source=id.wikipedia.org&utm_campaign=api&utm_content=thumbnail_unscaled|https://commons.wikimedia.org/wiki/Special:FilePath/Masjid%20di%20Tangah%20Sawah%20Maninjau.jpg?width=800
Masjid Al-Hakim,religi,Sumatera Barat,Kota Padang,-0.960518,100.353282,,https://commons.wikimedia.org/wiki/Special:FilePath/Masjid%20Al%20Hakim%20oleh%20Denas.jpg?width=800
Masjid Raya Air Pampan,religi,Sumatera Barat,Kota Pariaman,-0.626505,100.127024,,https://upload.wikimedia.org/wikipedia/commons/thumb/7/7c/Masjid_Raya_Air_Pampan_oleh_Denas.jpg/960px-Masjid_Raya_Air_Pampan_oleh_Denas.jpg?utm_source=id.wikipedia.org&utm_campaign=api&utm_content=thumbnail|https://commons.wikimedia.org/wiki/Special:FilePath/Masjid%20Raya%20Air%20Pampan%20Jan%202021.jpg?width=800
Surau Syekh Daud Rasyidi,religi,Sumatera Barat,Agam,-0.333267,100.327055,,https://upload.wikimedia.org/wikipedia/commons/thumb/7/7a/Surau_Syekh_Daud_Rasyidi_2021.jpg/960px-Surau_Syekh_Daud_Rasyidi_2021.jpg?utm_source=id.wikipedia.org&utm_campaign=api&utm_content=thumbnail|https://commons.wikimedia.org/wiki/Special:FilePath/Surau%20Syekh%20Daud%20Rasyidi%202021.jpg?width=800
Masjid Pathok Negara Ad-Darajat Babadan,religi,Jawa Tengah,Boyolali,-7.798652,110.399417,,https://upload.wikimedia.org/wikipedia/commons/thumb/4/45/Pathoknegara_Babadan_Addarojat_%28East%29_Pj_DSC_1712.jpg/960px-Pathoknegara_Babadan_Addarojat_%28East%29_Pj_DSC_1712.jpg?utm_source=id.wikipedia.org&utm_campaign=api&utm_content=thumbnail
Masjid Tua Bungku,religi,Sulawesi Tengah,Poso,-2.54398,121.97084,,https://upload.wikimedia.org/wikipedia/commons/thumb/4/4e/Masjid_tua_bungku.jpg/960px-Masjid_tua_bungku.jpg?utm_source=id.wikipedia.org&utm_campaign=api&utm_content=thumbnail
Kawasan Laweyan,religi,Jawa Tengah,Kota Surakarta,-7.57033,110.79494,,
Masjid Cipaganti,religi,Jawa Barat,Kota Bandung,-6.894324,107.602377,,https://upload.wikimedia.org/wikipedia/commons/thumb/8/88/Masjid_Besar_Cipaganti_7.jpg/960px-Masjid_Besar_Cipaganti_7.jpg?utm_source=id.wikipedia.org&utm_campaign=api&utm_content=thumbnail|https://commons.wikimedia.org/wiki/Special:FilePath/Masjid%20Besar%20Cipaganti%207.jpg?width=800
Masjid Jami Teluk Tiram,religi,Kalimantan Tengah,Kota Palangka Raya,-3.331934,114.580002,,https://upload.wikimedia.org/wikipedia/commons/thumb/5/5c/Masjid_Jami_Teluk_Tiram_Banjarmasin.jpg/960px-Masjid_Jami_Teluk_Tiram_Banjarmasin.jpg?utm_source=id.wikipedia.org&utm_campaign=api&utm_content=thumbnail|https://commons.wikimedia.org/wiki/Special:FilePath/Masjid%20Jami%20Teluk%20Tiram%20Banjarmasin.jpg?width=800
Masjid Raya Kajai,religi,Sumatera Barat,Pasaman Barat,0.166278,99.930504,,https://upload.wikimedia.org/wikipedia/commons/thumb/c/cc/Masjid_Raya_Kajai_Foto_Fuadi_Zikri.jpg/960px-Masjid_Raya_Kajai_Foto_Fuadi_Zikri.jpg?utm_source=id.wikipedia.org&utm_campaign=api&utm_content=thumbnail|https://commons.wikimedia.org/wiki/Special:FilePath/Masjid%20Raya%20Kajai%20Foto%20Fuadi%20Zikri.jpg?width=800
Masjid Agung Sudirman,religi,Bali,Kota Denpasar,-8.667028,115.219611,,https://upload.wikimedia.org/wikipedia/commons/thumb/7/78/Masjid_Agung_Sudirman%2C_Denpasar.jpg/960px-Masjid_Agung_Sudirman%2C_Denpasar.jpg?utm_source=id.wikipedia.org&utm_campaign=api&utm_content=thumbnail|https://commons.wikimedia.org/wiki/Special:FilePath/Masjid%20Agung%20Sudirman%2C%20Denpasar.jpg?width=800
Masjid At-Thohir,religi,DKI Jakarta,Jakarta Selatan,-6.427333,106.894889,,
"Masjid Al-Makmur, Tanah Abang",religi,DKI Jakarta,Jakarta Pusat,-6.189121,106.814976,,
Masjid Ash Shulaha,religi,Kalimantan Tengah,Kota Palangka Raya,-2.587795,115.384099,,https://upload.wikimedia.org/wikipedia/commons/thumb/9/93/Masjid_Shulaha_001.jpg/960px-Masjid_Shulaha_001.jpg?utm_source=id.wikipedia.org&utm_campaign=api&utm_content=thumbnail|https://commons.wikimedia.org/wiki/Special:FilePath/Masjid%20Shulaha%20001.jpg?width=800
Masjid Ziyadatul Abrar,religi,Kalimantan Tengah,Kota Palangka Raya,-3.616749,115.902029,,https://upload.wikimedia.org/wikipedia/commons/thumb/c/cd/Masjid_Apung_Pagatan.jpg/960px-Masjid_Apung_Pagatan.jpg?utm_source=id.wikipedia.org&utm_campaign=api&utm_content=thumbnail|https://commons.wikimedia.org/wiki/Special:FilePath/Masjid%20Ziyadatul%20Abrar.jpg?width=800
Masjid Agung Dharmasraya,religi,Sumatera Barat,Dharmasraya,-1.051466,101.629522,,
Masjid Jami' Al Baitul Amien,religi,Jawa Timur,Situbondo,-8.168333,113.700556,,https://upload.wikimedia.org/wikipedia/id/thumb/a/a1/Masjid_Jami%27_Jember_dari_atas.jpg/960px-Masjid_Jami%27_Jember_dari_atas.jpg?utm_source=id.wikipedia.org&utm_campaign=api&utm_content=thumbnail
Masjid Hasanuddin Madjedie,religi,Kalimantan Tengah,Kota Palangka Raya,-3.288911,114.588763,,https://upload.wikimedia.org/wikipedia/commons/thumb/8/85/Masjid_Hasanuddin_Madjedie_Banjarmasin.jpg/960px-Masjid_Hasanuddin_Madjedie_Banjarmasin.jpg?utm_source=id.wikipedia.org&utm_campaign=api&utm_content=thumbnail|https://commons.wikimedia.org/wiki/Special:FilePath/Masjid%20Hasanuddin%20Madjedie%20Banjarmasin.jpg?width=800
Masjid Agung Nur Ala Nur,religi,Sumatera Utara,Kota Padangsidimpuan,0.806318,99.571803,,https://upload.wikimedia.org/wikipedia/commons/thumb/0/0f/Bagian_dari_depan_mesjid_Nur_Ala_Nur_003.jpg/960px-Bagian_dari_depan_mesjid_Nur_Ala_Nur_003.jpg?utm_source=id.wikipedia.org&utm_campaign=api&utm_content=thumbnail|https://commons.wikimedia.org/wiki/Special:FilePath/Bagian%20dari%20depan%20mesjid%20Nur%20Ala%20Nur%20003.jpg?width=800
Masjid Besar Raja Haji Abdul Ghani,religi,Maluku,Buru,0.872117,103.496739,,https://commons.wikimedia.org/wiki/Special:FilePath/Masjid%20Raya%20Abdul%20Ghani%20%2815%29.jpg?width=800
Masjid Salman ITB,religi,Jawa Barat,Kota Bandung,-6.893713,107.611195,,https://upload.wikimedia.org/wikipedia/id/thumb/4/4f/Masjid_Salman_ITB.jpg/960px-Masjid_Salman_ITB.jpg?utm_source=id.wikipedia.org&utm_campaign=api&utm_content=thumbnail|https://commons.wikimedia.org/wiki/Special:FilePath/Salmanmosque.jpg?width=800
Masjid Agung Ats-Tsauroh Serang,religi,Banten,Kota Serang,-6.1168,106.157,,https://upload.wikimedia.org/wikipedia/commons/thumb/c/c0/Great_Mosque_of_Serang.jpg/960px-Great_Mosque_of_Serang.jpg?utm_source=id.wikipedia.org&utm_campaign=api&utm_content=thumbnail|https://commons.wikimedia.org/wiki/Special:FilePath/Great%20Mosque%20of%20Serang.jpg?width=800
Masjid Apung Palu,religi,Sulawesi Tengah,Kota Palu,-0.884028,119.853861,,
Masjid Raya Al Az'hom,religi,Banten,Kota Tangerang Selatan,-6.169843,106.639013,,https://commons.wikimedia.org/wiki/Special:FilePath/Azhom%202.jpg?width=800
Surau Bulian,religi,Sumatera Barat,Pesisir Selatan,-1.413099,101.358632,,https://upload.wikimedia.org/wikipedia/commons/thumb/2/20/Surau_Bulian_PDRI.jpg/960px-Surau_Bulian_PDRI.jpg?utm_source=id.wikipedia.org&utm_campaign=api&utm_content=thumbnail|https://commons.wikimedia.org/wiki/Special:FilePath/Surau%20Bulian%2001.jpg?width=800
Masjid Lama Gang Bengkok,religi,Sumatera Utara,Kota Medan,3.586647,98.677992,,https://upload.wikimedia.org/wikipedia/commons/thumb/f/f6/Masjid_Lama_Gang_Bengkok_Medan_2021.jpg/960px-Masjid_Lama_Gang_Bengkok_Medan_2021.jpg?utm_source=id.wikipedia.org&utm_campaign=api&utm_content=thumbnail|https://commons.wikimedia.org/wiki/Special:FilePath/Masjid%20Lama%20Gang%20Bengkok%20Medan%202021.jpg?width=800
Masjid Carita,religi,Lampung,Lampung Selatan,-6.315699,105.840887,,https://upload.wikimedia.org/wikipedia/commons/thumb/f/fc/Masjid_al_Khusaeni_1_221231-132328_crt.jpg/960px-Masjid_al_Khusaeni_1_221231-132328_crt.jpg?utm_source=id.wikipedia.org&utm_campaign=api&utm_content=thumbnail|https://commons.wikimedia.org/wiki/Special:FilePath/Masjid%20al%20Khusaeni%201%20221231-132328%20crt.jpg?width=800
Masjid 99 Kubah,religi,Sulawesi Selatan,Kota Makassar,-5.143781,119.404041,,https://upload.wikimedia.org/wikipedia/commons/thumb/9/99/Makassar_2022_Bennylin_73.jpg/960px-Makassar_2022_Bennylin_73.jpg?utm_source=id.wikipedia.org&utm_campaign=api&utm_content=thumbnail|https://commons.wikimedia.org/wiki/Special:FilePath/Makassar%202022%20Bennylin%2073.jpg?width=800
Masjid Agung Ar Raudhah,religi,Kalimantan Barat,Kapuas Hulu,-2.769167,114.265556,,https://upload.wikimedia.org/wikipedia/commons/thumb/c/c5/Masjid_Agung_Ar_Raudhah_Pulang_Pisau.jpg/960px-Masjid_Agung_Ar_Raudhah_Pulang_Pisau.jpg?utm_source=id.wikipedia.org&utm_campaign=api&utm_content=thumbnail|https://commons.wikimedia.org/wiki/Special:FilePath/Masjid%20Agung%20Ar%20Raudhah%20Pulang%20Pisau.jpg?width=800
Masjid Nurul Musthofa,religi,Banten,Kota Tangerang Selatan,-6.452858,106.826663,,
"Masjid Raya Sheikh Zayed, Surakarta",religi,Jawa Tengah,Kota Surakarta,-7.554764,110.826681,,
Masjid Agung Baiturrahman Buntok,religi,Kalimantan Tengah,Kota Palangka Raya,-1.718504,114.844255,,https://commons.wikimedia.org/wiki/Special:FilePath/Masjid%20Agung%20Baiturrahman%20Buntok%20001.jpg?width=800
Masjid Al-Kautsar,religi,DKI Jakarta,Jakarta Selatan,-6.386204,106.846815,,
Masjid Al-Falah Mempawah,religi,Kepulauan Riau,Natuna,0.366069,108.952045,,https://commons.wikimedia.org/wiki/Special:FilePath/Masjid%20Agung%20Al-Falah%20Mempawah.jpg?width=800
Masjid Hidayatullah Jakarta,religi,DKI Jakarta,Jakarta Selatan,-6.217646,106.817501,,https://commons.wikimedia.org/wiki/Special:FilePath/Ka-lia%CC%8Dt%20Chheng-chin-s%C4%AB%20Masjid%20Hidayatullah%20Karet.jpg?width=800
Masjid Nurul Mu'minin,religi,Kalimantan Timur,Kota Samarinda,-0.500139,117.140806,,https://upload.wikimedia.org/wikipedia/id/thumb/d/d1/Masjid_Nurul_Mu%27minin_Samarinda.JPG/960px-Masjid_Nurul_Mu%27minin_Samarinda.JPG?utm_source=id.wikipedia.org&utm_campaign=api&utm_content=thumbnail
Masjid Al-Jihad Banjarmasin,religi,Kalimantan Tengah,Kota Palangka Raya,-3.322862,114.585638,,https://upload.wikimedia.org/wikipedia/commons/thumb/e/e9/Masjid_Al-Jihad_Banjarmasin.jpg/960px-Masjid_Al-Jihad_Banjarmasin.jpg?utm_source=id.wikipedia.org&utm_campaign=api&utm_content=thumbnail|https://commons.wikimedia.org/wiki/Special:FilePath/Masjid%20Al-Jihad%20Banjarmasin.jpg?width=800
Masjid Agung Miftahul Ihsan,religi,Kalimantan Tengah,Kota Palangka Raya,-3.327917,114.597872,,https://upload.wikimedia.org/wikipedia/commons/thumb/b/bb/Masjid_Agung_Miftahul_Ihsan_Banjarmasin.jpg/960px-Masjid_Agung_Miftahul_Ihsan_Banjarmasin.jpg?utm_source=id.wikipedia.org&utm_campaign=api&utm_content=thumbnail|https://commons.wikimedia.org/wiki/Special:FilePath/Masjid%20Agung%20Miftahul%20Ihsan%20Banjarmasin.jpg?width=800
Masjid Noor,religi,Kalimantan Tengah,Kota Palangka Raya,-3.325164,114.593545,,https://commons.wikimedia.org/wiki/Special:FilePath/Masjid%20Noor%20Kota%20Banjarmasin.jpg?width=800
Masjid Mungsolkanas,religi,Jawa Barat,Kota Bandung,-6.891591,107.605043,,https://upload.wikimedia.org/wikipedia/commons/thumb/3/3f/Masjid_Mungsolkanas.jpg/960px-Masjid_Mungsolkanas.jpg?utm_source=id.wikipedia.org&utm_campaign=api&utm_content=thumbnail|https://commons.wikimedia.org/wiki/Special:FilePath/Masjid%20Mungsolkanas.jpg?width=800
Masjid Kelenteng Salatiga,religi,Jawa Tengah,Boyolali,-7.333769,110.486693,,https://upload.wikimedia.org/wikipedia/commons/thumb/f/fc/Masjid_Kelenteng_Salatiga.jpg/960px-Masjid_Kelenteng_Salatiga.jpg?utm_source=id.wikipedia.org&utm_campaign=api&utm_content=thumbnail|https://commons.wikimedia.org/wiki/Special:FilePath/Masjid%20Kelenteng%20Salatiga.jpg?width=800
Masjid Jami' At-Taqwa Sekadau,religi,Kalimantan Barat,Sekadau,0.016664,110.899557,,https://commons.wikimedia.org/wiki/Special:FilePath/Masjid%20Jami%27%20At-Taqwa%20Sekadau%2002.jpg?width=800
Masjid Al Mukarramah Nanga Silat,religi,Kalimantan Barat,Kapuas Hulu,0.342297,111.792301,,https://commons.wikimedia.org/wiki/Special:FilePath/Masjid%20Al%20Mukarramah%20Nanga%20Silat%2001.jpg?width=800
Masjid Al-A'la,religi,Kalimantan Tengah,Kota Palangka Raya,-2.544975,115.355173,,https://upload.wikimedia.org/wikipedia/commons/thumb/8/83/Masjid_Al-A%27la_Desa_Jatuh.jpg/960px-Masjid_Al-A%27la_Desa_Jatuh.jpg?utm_source=id.wikipedia.org&utm_campaign=api&utm_content=thumbnail|https://commons.wikimedia.org/wiki/Special:FilePath/Masjid%20Al-A%27la%20Desa%20Jatuh.jpg?width=800
Masjid As-Shalihin,religi,Kalimantan Tengah,Kota Palangka Raya,-2.611012,115.390097,,
Masjid Raya Nurul Falah,religi,Kalimantan Tengah,Kota Palangka Raya,-2.925443,115.168665,,https://upload.wikimedia.org/wikipedia/commons/thumb/7/7a/Masjid_Raya_Nurul_Falah_001.jpg/960px-Masjid_Raya_Nurul_Falah_001.jpg?utm_source=id.wikipedia.org&utm_campaign=api&utm_content=thumbnail|https://commons.wikimedia.org/wiki/Special:FilePath/Masjid%20Raya%20Nurul%20Falah%20001.jpg?width=800
Masjid Bani Al-Ahdal,religi,Kalimantan Tengah,Kota Palangka Raya,-3.437913,114.856596,,https://upload.wikimedia.org/wikipedia/commons/thumb/4/4d/Masjid_Bani_Al-Ahdal_di_perbatasan_Martapura_-_Banjarbaru%2C_Kalimantan_Selatan.jpg/960px-Masjid_Bani_Al-Ahdal_di_perbatasan_Martapura_-_Banjarbaru%2C_Kalimantan_Selatan.jpg?utm_source=id.wikipedia.org&utm_campaign=api&utm_content=thumbnail|https://commons.wikimedia.org/wiki/Special:FilePath/Masjid%20Bani%20Al-Ahdal%20di%20perbatasan%20Martapura%20-%20Banjarbaru%2C%20Kalimantan%20Selatan.jpg?width=800
Masjid Pathok Nagara Mlangi,religi,Jawa Tengah,Kota Magelang,-7.761498,110.33087,,https://upload.wikimedia.org/wikipedia/commons/thumb/2/24/Masjid_Pathok_Nagara_Mlangi_%282025%29.jpg/960px-Masjid_Pathok_Nagara_Mlangi_%282025%29.jpg?utm_source=id.wikipedia.org&utm_campaign=api&utm_content=thumbnail|https://commons.wikimedia.org/wiki/Special:FilePath/Masjid%20Pathok%20Nagara%20Mlangi%20%282025%29.jpg?width=800
Masjid Sulthoni Wotgaleh,religi,Jawa Tengah,Boyolali,-7.80341,110.42764,,https://upload.wikimedia.org/wikipedia/commons/thumb/a/af/Masjid_Pathok_Nagara_Sulthani_Wotgalih.jpg/960px-Masjid_Pathok_Nagara_Sulthani_Wotgalih.jpg?utm_source=id.wikipedia.org&utm_campaign=api&utm_content=thumbnail|https://commons.wikimedia.org/wiki/Special:FilePath/Masjid%20Pathok%20Nagara%20Wotgalih.jpg?width=800
Masjid Al-Muqodam,religi,Kalimantan Tengah,Kota Palangka Raya,-3.322382,114.709994,,https://upload.wikimedia.org/wikipedia/commons/thumb/3/39/Masjid_Jami_Al-Muqodam_002.jpg/960px-Masjid_Jami_Al-Muqodam_002.jpg?utm_source=id.wikipedia.org&utm_campaign=api&utm_content=thumbnail|https://commons.wikimedia.org/wiki/Special:FilePath/Masjid%20Jami%20Al-Muqodam%20002.jpg?width=800
Masjid Riyadh Solo,religi,Jawa Tengah,Kota Surakarta,-7.582603,110.829818,,https://upload.wikimedia.org/wikipedia/commons/thumb/8/8d/Masjid_Riyadh_Solo.jpg/960px-Masjid_Riyadh_Solo.jpg?utm_source=id.wikipedia.org&utm_campaign=api&utm_content=thumbnail|https://commons.wikimedia.org/wiki/Special:FilePath/Masjid%20Riyadh%20Solo.jpg?width=800
Masjid Tuhfaturraghibin Dalam Pagar Ulu,religi,Kalimantan Tengah,Kota Palangka Raya,-3.374831,114.833766,,https://upload.wikimedia.org/wikipedia/commons/thumb/2/2d/Masjid_Tuhfaturraghibin_001.jpg/960px-Masjid_Tuhfaturraghibin_001.jpg?utm_source=id.wikipedia.org&utm_campaign=api&utm_content=thumbnail|https://commons.wikimedia.org/wiki/Special:FilePath/Masjid%20Tuhfaturraghibin%20001.jpg?width=800
Masjid Agung Al-Munawarah,religi,Kalimantan Tengah,Kota Palangka Raya,-3.461308,114.824532,,https://commons.wikimedia.org/wiki/Special:FilePath/Masjid%20Agung%20Al-Munawwarah%20001.jpg?width=800
Masjid Jami Sirajul Huda,religi,Kalimantan Tengah,Kota Palangka Raya,-2.305384,115.513142,,
Masjid Jami Hidayatul Muhajirin,religi,Kalimantan Tengah,Kota Palangka Raya,-3.445977,114.831254,,https://upload.wikimedia.org/wikipedia/commons/thumb/8/89/Masjid_Jami_Hidayatul_Muhajirin_001.jpg/960px-Masjid_Jami_Hidayatul_Muhajirin_001.jpg?utm_source=id.wikipedia.org&utm_campaign=api&utm_content=thumbnail|https://commons.wikimedia.org/wiki/Special:FilePath/Masjid%20Jami%20Hidayatul%20Muhajirin%20001.jpg?width=800
Masjid Raya Nurul Islam,religi,Kalimantan Barat,Kapuas Hulu,-2.209536,113.935821,,https://commons.wikimedia.org/wiki/Special:FilePath/Masjid%20Raya%20Nurul%20Islam%20Palangka%20Raya%20002.jpg?width=800
Masjid Kota Al-Madinatul Mubarokah,religi,Kalimantan Barat,Sintang,-2.539665,112.964181,,https://commons.wikimedia.org/wiki/Special:FilePath/Masjid%20Kota%20Al-Madinatul%20Mubarokah%20Sampit%20002.jpg?width=800
Masjid Al-Wahab,religi,Kalimantan Timur,Kota Bontang,0.134334,117.502822,,
Masjid Jami Al-Ikhlas Mandomai,religi,Kalimantan Barat,Kapuas Hulu,-2.816797,114.357625,,https://upload.wikimedia.org/wikipedia/commons/thumb/c/c8/Masjid_Jami_Al-Ikhlas_Mandomai_001.jpg/960px-Masjid_Jami_Al-Ikhlas_Mandomai_001.jpg?utm_source=id.wikipedia.org&utm_campaign=api&utm_content=thumbnail|https://commons.wikimedia.org/wiki/Special:FilePath/Masjid%20Jami%20Al-Ikhlas%20Mandomai%20001.jpg?width=800
Masjid Pusaka Nurul Iman,religi,Kalimantan Tengah,Kota Palangka Raya,-2.18842,115.363871,,
Masjid Agung Deli Serdang,religi,Sumatera Utara,Deli Serdang,3.551445,98.869484,,
Masjid Agung Syahrun Nur,religi,Sumatera Utara,Tapanuli Selatan,1.519729,99.303319,,
Masjid As-Su'ada Waringin,religi,Kalimantan Tengah,Kota Palangka Raya,-2.369374,115.244885,,
Masjid Agung Al Mukarram Amanah,religi,Kalimantan Barat,Kapuas Hulu,-3.005934,114.388338,,https://upload.wikimedia.org/wikipedia/commons/thumb/6/64/Masjid_Agung_Al_Mukarram_Amanah_001.jpg/960px-Masjid_Agung_Al_Mukarram_Amanah_001.jpg?utm_source=id.wikipedia.org&utm_campaign=api&utm_content=thumbnail|https://commons.wikimedia.org/wiki/Special:FilePath/Masjid%20Agung%20Al%20Mukarram%20Amanah%20001.jpg?width=800
Masjid Agung Kubah Kecubung Darurrahman,religi,Kalimantan Barat,Kapuas Hulu,-2.247869,113.918663,,https://upload.wikimedia.org/wikipedia/commons/thumb/f/fc/Masjid_Agung_Kubah_Kecubung_Darurrahman_003.jpg/960px-Masjid_Agung_Kubah_Kecubung_Darurrahman_003.jpg?utm_source=id.wikipedia.org&utm_campaign=api&utm_content=thumbnail|https://commons.wikimedia.org/wiki/Special:FilePath/Masjid%20Agung%20Kubah%20Kecubung%20Darurrahman%20003.jpg?width=800
Masjid Agung Sumedang,religi,Jawa Barat,Sumedang,-6.859659,107.919774,,https://upload.wikimedia.org/wikipedia/commons/thumb/4/44/Masjid_Agung_Sumedang.jpg/960px-Masjid_Agung_Sumedang.jpg?utm_source=id.wikipedia.org&utm_campaign=api&utm_content=thumbnail|https://commons.wikimedia.org/wiki/Special:FilePath/Masjid%20Agung%20Sumedang.jpg?width=800
Masjid Al-Atiiq,religi,DKI Jakarta,Jakarta Timur,-6.226071,106.863652,,https://upload.wikimedia.org/wikipedia/commons/thumb/c/c0/Masjid_Jami_Al-Atiq_-_panoramio.jpg/960px-Masjid_Jami_Al-Atiq_-_panoramio.jpg?utm_source=id.wikipedia.org&utm_campaign=api&utm_content=thumbnail|https://commons.wikimedia.org/wiki/Special:FilePath/Masjid%20Jami%20Al-Atiq%20-%20panoramio.jpg?width=800
Masjid Agung Ash-Shirathal Mustaqim Tanjung,religi,Kalimantan Tengah,Kota Palangka Raya,-2.164762,115.38409,,
Masjid Jami Nurul Huda,religi,Kalimantan Barat,Ketapang,-2.676632,111.627718,,https://commons.wikimedia.org/wiki/Special:FilePath/Masjid%20Jami%20Nurul%20Huda%20Pangkalan%20Bun%20002.jpg?width=800
Masjid H. Bakri,religi,Jawa Barat,Garut,-7.331234,108.219021,,https://commons.wikimedia.org/wiki/Special:FilePath/Masjid%20H.%20Bakri%20-%2012.jpg?width=800
"Masjid Nur Asmaa Ulhusna, Alam Sutera",religi,DKI Jakarta,Jakarta Selatan,-6.238812,106.660989,,
Masjid Muhammad Cheng Ho Balikpapan,religi,Kalimantan Timur,Kota Balikpapan,-1.187806,116.997301,,https://upload.wikimedia.org/wikipedia/commons/thumb/f/f3/Masjid_Muhammad_Cheng_Ho_Balikpapan_%2801%29.jpg/960px-Masjid_Muhammad_Cheng_Ho_Balikpapan_%2801%29.jpg?utm_source=id.wikipedia.org&utm_campaign=api&utm_content=thumbnail|https://commons.wikimedia.org/wiki/Special:FilePath/Masjid%20Muhammad%20Cheng%20Ho%20Balikpapan%20%2801%29.jpg?width=800
Masjid Agung Baitul Makmur Curup,religi,Bengkulu,Rejang Lebong,-3.478851,102.525868,,https://upload.wikimedia.org/wikipedia/commons/thumb/9/98/Masjid_Agung_Curup.jpg/960px-Masjid_Agung_Curup.jpg?utm_source=id.wikipedia.org&utm_campaign=api&utm_content=thumbnail|https://commons.wikimedia.org/wiki/Special:FilePath/Masjid%20Agung%20Curup.jpg?width=800
Istana Siak Sri Inderapura,budaya,Riau,Siak,0.79481,102.048985,,https://upload.wikimedia.org/wikipedia/commons/thumb/8/89/Istana_Kerajaan_Siak_%282%29.jpg/960px-Istana_Kerajaan_Siak_%282%29.jpg?utm_source=id.wikipedia.org&utm_campaign=api&utm_content=thumbnail|https://commons.wikimedia.org/wiki/Special:FilePath/Istana%20Kerajaan%20Siak%20%282%29.jpg?width=800
Keraton Kasepuhan Cirebon,budaya,Jawa Barat,Kota Cirebon,-6.726291,108.570917,,https://commons.wikimedia.org/wiki/Special:FilePath/Symbol%20Keraton%20Kasepuhan.jpg?width=800
Keraton Kacirebonan,budaya,Jawa Barat,Kota Cirebon,-6.7252,108.56536,,https://upload.wikimedia.org/wikipedia/commons/thumb/d/d6/Keraton-kacirebonan.jpg/960px-Keraton-kacirebonan.jpg?utm_source=id.wikipedia.org&utm_campaign=api&utm_content=thumbnail|https://commons.wikimedia.org/wiki/Special:FilePath/Keraton-kacirebonan.jpg?width=800
Istana Klungkung,budaya,Bali,Bangli,-8.53564,115.40298,,https://upload.wikimedia.org/wikipedia/commons/thumb/b/b7/Pemedal_Agung_Puri_Agung_Klungkung_%281925%29.jpg/960px-Pemedal_Agung_Puri_Agung_Klungkung_%281925%29.jpg?utm_source=id.wikipedia.org&utm_campaign=api&utm_content=thumbnail|https://commons.wikimedia.org/wiki/Special:FilePath/Klungkung-Palace-1.jpg?width=800
Istana Bogor,budaya,Banten,Kota Tangerang Selatan,-6.597996,106.79735,,https://upload.wikimedia.org/wikipedia/commons/thumb/3/3a/Naruhito_and_Masako_visit_Bogor_Palace_55.jpg/960px-Naruhito_and_Masako_visit_Bogor_Palace_55.jpg?utm_source=id.wikipedia.org&utm_campaign=api&utm_content=thumbnail|https://commons.wikimedia.org/wiki/Special:FilePath/Istana%20Bogor.jpg?width=800
Istana Bung Hatta,budaya,Sumatera Barat,Kota Bukittinggi,-0.30623,100.36886,,https://upload.wikimedia.org/wikipedia/commons/thumb/0/01/Residentshuis_te_Fort_de_Kock%2C_KITLV_6828.tiff/lossy-page1-960px-Residentshuis_te_Fort_de_Kock%2C_KITLV_6828.tiff.jpg?utm_source=id.wikipedia.org&utm_campaign=api&utm_content=thumbnail
Istana Maimun,budaya,Sumatera Utara,Kota Medan,3.5752,98.68381,,https://upload.wikimedia.org/wikipedia/commons/thumb/6/6c/Maimun_Palace_Medan_Indonesia.jpg/960px-Maimun_Palace_Medan_Indonesia.jpg?utm_source=id.wikipedia.org&utm_campaign=api&utm_content=thumbnail|https://commons.wikimedia.org/wiki/Special:FilePath/Maimun%20Palace%20Medan%20Indonesia.jpg?width=800
Taman Narmada,budaya,Nusa Tenggara Barat,Kota Mataram,-8.59544,116.20452,,https://upload.wikimedia.org/wikipedia/commons/thumb/f/fd/Narmada_Water_Palace_1.JPG/960px-Narmada_Water_Palace_1.JPG?utm_source=id.wikipedia.org&utm_campaign=api&utm_content=thumbnail|https://commons.wikimedia.org/wiki/Special:FilePath/Narmada%20Water%20Palace.jpg?width=800
Istana Ubud,budaya,Bali,Gianyar,-8.5068,115.2626,,https://upload.wikimedia.org/wikipedia/commons/thumb/8/85/Entrance_Gate%2C_Ubud_Palace%2C_Bali_1639.jpg/960px-Entrance_Gate%2C_Ubud_Palace%2C_Bali_1639.jpg?utm_source=id.wikipedia.org&utm_campaign=api&utm_content=thumbnail|https://commons.wikimedia.org/wiki/Special:FilePath/Entrance%20Gate%2C%20Ubud%20Palace%2C%20Bali%201639.jpg?width=800
Istana Amantubillah,budaya,Kepulauan Riau,Natuna,0.371096,108.95895,,https://commons.wikimedia.org/wiki/Special:FilePath/Istana%20Amantubillah%203.jpg?width=800
Istana Wakil Presiden,budaya,Kalimantan Timur,Kota Balikpapan,-0.978129,116.705005,,
Istana Alwatzikoebillah,budaya,Kepulauan Riau,Natuna,1.361723,109.31304,,https://upload.wikimedia.org/wikipedia/commons/thumb/5/54/Istana_Alwatzikoebillah_Sambas.jpg/960px-Istana_Alwatzikoebillah_Sambas.jpg?utm_source=id.wikipedia.org&utm_campaign=api&utm_content=thumbnail|https://commons.wikimedia.org/wiki/Special:FilePath/Istana%20Alwatzikoebillah%20Sambas.jpg?width=800
Istana Cipanas,budaya,Jawa Barat,Cianjur,-6.733569,107.041077,,https://upload.wikimedia.org/wikipedia/commons/thumb/d/d2/Palace_Cipanas.JPG/960px-Palace_Cipanas.JPG?utm_source=id.wikipedia.org&utm_campaign=api&utm_content=thumbnail|https://commons.wikimedia.org/wiki/Special:FilePath/Palace%20Cipanas.JPG?width=800
Istana Pagaruyung,budaya,Sumatera Barat,Tanah Datar,-0.471389,100.621389,,https://upload.wikimedia.org/wikipedia/commons/thumb/1/18/Istano_Rajo_Basa_Pagaruyung.jpg/960px-Istano_Rajo_Basa_Pagaruyung.jpg?utm_source=id.wikipedia.org&utm_campaign=api&utm_content=thumbnail|https://commons.wikimedia.org/wiki/Special:FilePath/Istana%20Pagaruyung%20%28Pagaruyung%20Palace%29.jpg?width=800
Keraton Kaibon,budaya,Banten,Kota Serang,-6.042821,106.159968,,https://upload.wikimedia.org/wikipedia/commons/thumb/2/25/Keraton_Kaibon-4.jpg/960px-Keraton_Kaibon-4.jpg?utm_source=id.wikipedia.org&utm_campaign=api&utm_content=thumbnail|https://commons.wikimedia.org/wiki/Special:FilePath/Keraton%20Kaibon-4.jpg?width=800
Keraton Surosowan,budaya,Banten,Kota Serang,-6.035316,106.157835,,https://upload.wikimedia.org/wikipedia/commons/thumb/7/75/Keraton_Surosowan_%283%29.jpg/960px-Keraton_Surosowan_%283%29.jpg?utm_source=id.wikipedia.org&utm_campaign=api&utm_content=thumbnail|https://commons.wikimedia.org/wiki/Special:FilePath/Keraton%20Surosowan%20%283%29.jpg?width=800
Keraton Kasunanan Surakarta,budaya,Jawa Tengah,Kota Surakarta,-7.57749,110.82797,,https://commons.wikimedia.org/wiki/Special:FilePath/Kraton%20Solo.jpg?width=800
Taman Mayura,budaya,Nusa Tenggara Barat,Kota Mataram,-8.58668,116.13317,,https://upload.wikimedia.org/wikipedia/commons/thumb/b/b9/Mayura_Water_Palace_%286215204739%29.jpg/960px-Mayura_Water_Palace_%286215204739%29.jpg?utm_source=id.wikipedia.org&utm_campaign=api&utm_content=thumbnail|https://commons.wikimedia.org/wiki/Special:FilePath/COLLECTIE%20TROPENMUSEUM%20Tempelcomplex%20Majoera%20TMnr%2060012462.jpg?width=800
Keraton Kadariah,budaya,Kepulauan Riau,Natuna,-0.026472,109.350026,,https://upload.wikimedia.org/wikipedia/commons/thumb/b/bb/Keraton_Kadariah_01.jpg/960px-Keraton_Kadariah_01.jpg?utm_source=id.wikipedia.org&utm_campaign=api&utm_content=thumbnail|https://commons.wikimedia.org/wiki/Special:FilePath/Keraton%20Kadariah%2001.jpg?width=800
Istana Al Mukarramah,budaya,Kalimantan Barat,Sintang,0.082153,111.49023,,https://commons.wikimedia.org/wiki/Special:FilePath/Istana%20Al%20Mukarramah%20Kesultanan%20Sintang%2005.jpg?width=800
Istana Kerajaan Gunung Sahilan,budaya,Riau,Kampar,-5.71822,105.68547,,https://upload.wikimedia.org/wikipedia/commons/thumb/d/da/Istana_Kerajaan_Gunung_Sahilan_%283%29.jpg/960px-Istana_Kerajaan_Gunung_Sahilan_%283%29.jpg?utm_source=id.wikipedia.org&utm_campaign=api&utm_content=thumbnail
Istano Rajo Baloen,budaya,Sumatera Barat,Pesisir Selatan,-1.407515,100.996581,,https://commons.wikimedia.org/wiki/Special:FilePath/Istano%20Rajo%20Baloen%2001.jpg?width=800
Museum Istana (Siak) Asserayah El Hasyimiah,budaya,Riau,Kota Pekanbaru,0.796143,102.050274,,https://upload.wikimedia.org/wikipedia/commons/thumb/d/d0/Museum_siak_01.jpg/960px-Museum_siak_01.jpg?utm_source=id.wikipedia.org&utm_campaign=api&utm_content=thumbnail
Istana Surya Negara Sanggau,budaya,Kalimantan Barat,Sintang,0.122092,110.602955,,https://commons.wikimedia.org/wiki/Special:FilePath/Istana%20Surya%20Negara%20Sanggau%2002.jpg?width=800
Astana Al-Nursari,budaya,Kalimantan Barat,Ketapang,-2.48577,111.4432,,https://commons.wikimedia.org/wiki/Special:FilePath/Astana%20Al-Nursari.jpg?width=800
Istana Sangkak Karojan,budaya,Sumatera Barat,Sijunjung,-0.708955,101.24276,,https://commons.wikimedia.org/wiki/Special:FilePath/Istana%20Sangkak%20Karojan%2001.jpg?width=800
Istana Belitang,budaya,Kalimantan Barat,Sintang,0.131252,111.24956,,https://upload.wikimedia.org/wikipedia/commons/thumb/a/a9/Istana_Belitang_Sekadau_04.jpg/960px-Istana_Belitang_Sekadau_04.jpg?utm_source=id.wikipedia.org&utm_campaign=api&utm_content=thumbnail|https://commons.wikimedia.org/wiki/Special:FilePath/Istana%20Belitang%20Sekadau%2001.jpg?width=800
Istana Kerajaan Silat,budaya,Kalimantan Barat,Sintang,0.339158,111.788049,,https://upload.wikimedia.org/wikipedia/commons/thumb/0/0f/Tiang_Bendera_Istana_Kerajaan_Silat_05.jpg/960px-Tiang_Bendera_Istana_Kerajaan_Silat_05.jpg?utm_source=id.wikipedia.org&utm_campaign=api&utm_content=thumbnail|https://commons.wikimedia.org/wiki/Special:FilePath/Tiang%20Bendera%20Istana%20Kerajaan%20Silat%2002.jpg?width=800
Istana Karimata,budaya,Kalimantan Barat,Ketapang,-1.638606,108.953077,,https://upload.wikimedia.org/wikipedia/commons/thumb/c/c1/Istana_Karimata_01.jpg/960px-Istana_Karimata_01.jpg?utm_source=id.wikipedia.org&utm_campaign=api&utm_content=thumbnail|https://commons.wikimedia.org/wiki/Special:FilePath/Istana%20Karimata%2001.jpg?width=800
Istana Wakil Presiden (Jakarta),budaya,DKI Jakarta,Jakarta Pusat,-6.181574,106.829651,,https://upload.wikimedia.org/wikipedia/commons/thumb/d/dc/Istana_Wakil_Presiden_Republik_Indonesia.jpg/960px-Istana_Wakil_Presiden_Republik_Indonesia.jpg?utm_source=id.wikipedia.org&utm_campaign=api&utm_content=thumbnail
Puncak Ratu,taman,Jawa Timur,Pamekasan,-7.027065,113.490283,,https://upload.wikimedia.org/wikipedia/commons/thumb/7/76/Puncak_Ratu_09_20251122.jpg/960px-Puncak_Ratu_09_20251122.jpg?utm_source=id.wikipedia.org&utm_campaign=api&utm_content=thumbnail|https://commons.wikimedia.org/wiki/Special:FilePath/Puncak%20Ratu%2009%2020251122.jpg?width=800
Taman Nasional Bogani Nani Wartabone,taman,Gorontalo,Gorontalo,0.560556,123.68,,https://commons.wikimedia.org/wiki/Special:FilePath/Babirusa%20Mainunggu.jpg?width=800
Taman Nasional Tesso Nilo,taman,Sumatera Barat,Tanah Datar,-0.166667,101.75,,https://upload.wikimedia.org/wikipedia/commons/thumb/0/0a/Tesso_Nilo_2009.jpg/960px-Tesso_Nilo_2009.jpg?utm_source=id.wikipedia.org&utm_campaign=api&utm_content=thumbnail|https://commons.wikimedia.org/wiki/Special:FilePath/Tesso%20Nilo%202009.jpg?width=800
Taman Nasional Gunung Merbabu,taman,Jawa Tengah,Kota Magelang,-7.5,110.4,,https://upload.wikimedia.org/wikipedia/id/8/84/Merbabu_060831_selo.jpg?utm_source=id.wikipedia.org&utm_campaign=api&utm_content=thumbnail_unscaled|https://commons.wikimedia.org/wiki/Special:FilePath/Pemandangan%20Merbabu%20dari%20Kota%20Salatiga%20%281%29.jpg?width=800
Monumen Nasional,budaya,DKI Jakarta,Jakarta Pusat,-6.175389,106.827139,,https://upload.wikimedia.org/wikipedia/id/thumb/b/b1/Merdeka_Square_Monas_02.jpg/960px-Merdeka_Square_Monas_02.jpg?utm_source=id.wikipedia.org&utm_campaign=api&utm_content=thumbnail|https://commons.wikimedia.org/wiki/Special:FilePath/Monumen%20Nasional%2C%20Jakarta%2C%20Indonesia.jpg?width=800
Museum Sasmitaloka Jenderal Besar DR. A.H. Nasution,budaya,DKI Jakarta,Jakarta Pusat,-6.19297,106.83268,,https://upload.wikimedia.org/wikipedia/commons/thumb/4/4f/MuseumJendralAHNasution.jpg/960px-MuseumJendralAHNasution.jpg?utm_source=id.wikipedia.org&utm_campaign=api&utm_content=thumbnail|https://commons.wikimedia.org/wiki/Special:FilePath/MuseumJendralAHNasution.jpg?width=800
Museum Kereta Api Ambarawa,budaya,Jawa Tengah,Kota Magelang,-7.26542,110.40126,,https://upload.wikimedia.org/wikipedia/commons/thumb/8/8a/%22%2Barya%2B%22_stasiun_ambarawa_museum_2023_2.jpg/960px-%22%2Barya%2B%22_stasiun_ambarawa_museum_2023_2.jpg?utm_source=id.wikipedia.org&utm_campaign=api&utm_content=thumbnail|https://commons.wikimedia.org/wiki/Special:FilePath/Stasiun%20Ambarawa%202.jpg?width=800
Museum Nasional Indonesia,budaya,DKI Jakarta,Jakarta Pusat,-6.176111,106.821667,,https://commons.wikimedia.org/wiki/Special:FilePath/Front%20facade%20-%20National%20Museum%20Indonesia%2C%20Jakarta%20%282025%29%20-%20img%2007.jpg?width=800
Museum Indonesia,budaya,DKI Jakarta,Jakarta Timur,-6.301057,106.891444,,https://upload.wikimedia.org/wikipedia/commons/thumb/7/74/Indonesia_Museum_Balinese_Split_Gate.jpg/960px-Indonesia_Museum_Balinese_Split_Gate.jpg?utm_source=id.wikipedia.org&utm_campaign=api&utm_content=thumbnail|https://commons.wikimedia.org/wiki/Special:FilePath/Indonesia%20Museum%20Balinese%20Split%20Gate.jpg?width=800
Pusat Dokumentasi dan Informasi Kebudayaan Minangkabau,budaya,Sumatera Barat,Kota Bukittinggi,-0.470234,100.378817,,https://upload.wikimedia.org/wikipedia/commons/thumb/7/7a/PDIKM_saat_dipotret_digitalisasi.jpg/960px-PDIKM_saat_dipotret_digitalisasi.jpg?utm_source=id.wikipedia.org&utm_campaign=api&utm_content=thumbnail|https://commons.wikimedia.org/wiki/Special:FilePath/Rumah%20Gadang%20Minangkabau%20PDIKM%2C%20Padang%20Panjang.jpg?width=800
Museum Seni Neka,budaya,Bali,Gianyar,-8.488988,115.253642,,https://upload.wikimedia.org/wikipedia/commons/thumb/b/b5/Museum_Seni_Neka.jpg/960px-Museum_Seni_Neka.jpg?utm_source=id.wikipedia.org&utm_campaign=api&utm_content=thumbnail|https://commons.wikimedia.org/wiki/Special:FilePath/Foliage%20at%20the%20Neka%20Art%20Museum.jpg?width=800
Situs Purbakala Cipari,budaya,Jawa Barat,Kuningan,-6.962058,108.469231,,https://upload.wikimedia.org/wikipedia/commons/thumb/1/1f/Museum_Situs_Cipari_01.jpg/960px-Museum_Situs_Cipari_01.jpg?utm_source=id.wikipedia.org&utm_campaign=api&utm_content=thumbnail|https://commons.wikimedia.org/wiki/Special:FilePath/Museum%20Situs%20Cipari%2001.jpg?width=800
Museum Lambung Mangkurat,budaya,Kalimantan Tengah,Kota Palangka Raya,-3.442118,114.838157,,https://upload.wikimedia.org/wikipedia/commons/thumb/3/3b/Museum_Lambung_Mangkurat%2C_Banjarbaru.jpg/960px-Museum_Lambung_Mangkurat%2C_Banjarbaru.jpg?utm_source=id.wikipedia.org&utm_campaign=api&utm_content=thumbnail|https://commons.wikimedia.org/wiki/Special:FilePath/Museum%20lambung%20mangkurat%202023-12-08%206107.jpg?width=800
"Museum ""Waja Sampai Kaputing""",budaya,Kalimantan Tengah,Kota Palangka Raya,-3.30362,114.60907,,https://commons.wikimedia.org/wiki/Special:FilePath/Museum%20Waja%20Sampai%20Kaputing.jpg?width=800
Museum Mandala Wangsit Siliwangi,budaya,Jawa Barat,Kota Bandung,-6.91714,107.61128,,https://upload.wikimedia.org/wikipedia/commons/d/d0/Museum_Mandala_Wangsit_Siliwangi.JPG?utm_source=id.wikipedia.org&utm_campaign=api&utm_content=thumbnail_unscaled|https://commons.wikimedia.org/wiki/Special:FilePath/Museum%20Mandala%20Wangsit%20Siliwangi.JPG?width=800
Museum Rumah Kelahiran Buya Hamka,budaya,Sumatera Barat,Agam,-0.355778,100.218278,,https://upload.wikimedia.org/wikipedia/commons/2/2d/Museum_Rumah_Kelahiran_Buya_Hamka.jpg?utm_source=id.wikipedia.org&utm_campaign=api&utm_content=thumbnail_unscaled|https://commons.wikimedia.org/wiki/Special:FilePath/Museum%20Rumah%20Kelahiran%20Buya%20Hamka.jpg?width=800
Museum Balanga,budaya,Kalimantan Barat,Kapuas Hulu,-2.19499,113.90219,,https://upload.wikimedia.org/wikipedia/commons/7/76/Museum_Balanga.jpeg?utm_source=id.wikipedia.org&utm_campaign=api&utm_content=thumbnail_unscaled|https://commons.wikimedia.org/wiki/Special:FilePath/Museum%20Balanga%20Palangka%20Raya.jpg?width=800
Benteng Pendem Cilacap,budaya,Jawa Tengah,Cilacap,-7.74921,109.017,,https://upload.wikimedia.org/wikipedia/commons/thumb/c/c0/Benteng_Pendem_Cilacap_entrance.jpg/960px-Benteng_Pendem_Cilacap_entrance.jpg?utm_source=id.wikipedia.org&utm_campaign=api&utm_content=thumbnail|https://commons.wikimedia.org/wiki/Special:FilePath/Barracks%2C%20Benteng%20Pendem%2C%20Cilacap%202015-03-21.jpg?width=800
Keraton Sumedang Larang,budaya,Jawa Barat,Sumedang,-6.860974,107.920822,,https://upload.wikimedia.org/wikipedia/commons/1/19/Makuta_Binokasih.jpg?utm_source=id.wikipedia.org&utm_campaign=api&utm_content=thumbnail_unscaled|https://commons.wikimedia.org/wiki/Special:FilePath/Makuta%20Binokasih.jpg?width=800
Museum Taman Prasasti,budaya,DKI Jakarta,Jakarta Pusat,-6.172192,106.818974,,https://upload.wikimedia.org/wikipedia/commons/thumb/8/8d/Tombstones_taman_prasasti.jpg/960px-Tombstones_taman_prasasti.jpg?utm_source=id.wikipedia.org&utm_campaign=api&utm_content=thumbnail|https://commons.wikimedia.org/wiki/Special:FilePath/Tamanprasasti.jpg?width=800
Museum Sonobudoyo,budaya,Jawa Tengah,Boyolali,-7.8023,110.36394,,https://upload.wikimedia.org/wikipedia/commons/thumb/c/c4/Museum_Sonobudoyo_2025.jpg/960px-Museum_Sonobudoyo_2025.jpg?utm_source=id.wikipedia.org&utm_campaign=api&utm_content=thumbnail|https://commons.wikimedia.org/wiki/Special:FilePath/Museum%20Sonobudoyo%20Yogyakarta%20Unit%201.jpg?width=800
Museum Sasmita Loka,budaya,DKI Jakarta,Jakarta Pusat,-6.204586,106.836567,,https://commons.wikimedia.org/wiki/Special:FilePath/MuseumSasmitaLoka1.jpg?width=800
Museum Rekor Dunia Indonesia,budaya,Jawa Tengah,Kota Semarang,-7.069167,110.411111,,https://upload.wikimedia.org/wikipedia/commons/d/da/Museum_muri_01.png?utm_source=id.wikipedia.org&utm_campaign=api&utm_content=thumbnail_unscaled
Museum Bank Indonesia,budaya,DKI Jakarta,Jakarta Utara,-6.13733,106.813,,https://upload.wikimedia.org/wikipedia/commons/thumb/e/e1/Bank_Indonesia_Museum_-_Jakarta_%282025%29_-_img_01.jpg/960px-Bank_Indonesia_Museum_-_Jakarta_%282025%29_-_img_01.jpg?utm_source=id.wikipedia.org&utm_campaign=api&utm_content=thumbnail|https://commons.wikimedia.org/wiki/Special:FilePath/Bank%20Indonesia%20Museum%20-%20Jakarta%20%282025%29%20-%20img%2002.jpg?width=800
Museum Tekstil,budaya,DKI Jakarta,Jakarta Pusat,-6.18859,106.80962,,https://upload.wikimedia.org/wikipedia/commons/4/46/Musetextil.jpg?utm_source=id.wikipedia.org&utm_campaign=api&utm_content=thumbnail_unscaled|https://commons.wikimedia.org/wiki/Special:FilePath/Musetextil.jpg?width=800
Museum Wayang,budaya,DKI Jakarta,Jakarta Utara,-6.134873,106.812443,,https://upload.wikimedia.org/wikipedia/commons/thumb/5/55/Museum_Wayang%2C_Jakarta_%282025%29_-_img_01.jpg/960px-Museum_Wayang%2C_Jakarta_%282025%29_-_img_01.jpg?utm_source=id.wikipedia.org&utm_campaign=api&utm_content=thumbnail|https://commons.wikimedia.org/wiki/Special:FilePath/Museum%20Wayang%2C%20Jakarta%20%282025%29%20-%20img%2001.jpg?width=800
Museum Ullen Sentalu,budaya,Jawa Tengah,Boyolali,-7.597973,110.423174,,https://upload.wikimedia.org/wikipedia/commons/thumb/6/6e/Papan_penanda_di_area_Museum_Ullen_Sentalu%2C_Kaliurang.jpg/960px-Papan_penanda_di_area_Museum_Ullen_Sentalu%2C_Kaliurang.jpg?utm_source=id.wikipedia.org&utm_campaign=api&utm_content=thumbnail|https://commons.wikimedia.org/wiki/Special:FilePath/Museum%20Ullen%20Sentalu%20Spot%20Foto.jpg?width=800
Gedong Kirtya,budaya,Bali,Buleleng,-8.124837,115.096198,,https://upload.wikimedia.org/wikipedia/commons/a/ad/Gedong_Kirtya.jpg?utm_source=id.wikipedia.org&utm_campaign=api&utm_content=thumbnail_unscaled|https://commons.wikimedia.org/wiki/Special:FilePath/Gedong%20Kirtya%20museum%20exhibition%2016.jpg?width=800
Museum Sri Baduga,budaya,Jawa Barat,Kota Bandung,-6.93781,107.604,,https://upload.wikimedia.org/wikipedia/commons/thumb/d/d2/Sri_Baduga_Museum.JPG/960px-Sri_Baduga_Museum.JPG?utm_source=id.wikipedia.org&utm_campaign=api&utm_content=thumbnail|https://commons.wikimedia.org/wiki/Special:FilePath/Sri%20Baduga%20Museum.JPG?width=800
Museum Gunungapi Merapi,budaya,Jawa Tengah,Boyolali,-7.615927,110.424333,,https://upload.wikimedia.org/wikipedia/commons/thumb/f/f0/Museum_Gunungapi_Merapi.jpg/960px-Museum_Gunungapi_Merapi.jpg?utm_source=id.wikipedia.org&utm_campaign=api&utm_content=thumbnail|https://commons.wikimedia.org/wiki/Special:FilePath/Museum%20Gunungapi%20Merapi.jpg?width=800
Museum Bank Mandiri,budaya,DKI Jakarta,Jakarta Utara,-6.13799,106.81333,,https://upload.wikimedia.org/wikipedia/commons/thumb/7/79/Museum_Mandiri.jpg/960px-Museum_Mandiri.jpg?utm_source=id.wikipedia.org&utm_campaign=api&utm_content=thumbnail|https://commons.wikimedia.org/wiki/Special:FilePath/Museum%20Mandiri.jpg?width=800
Museum Seni Lukis Kontemporer Nyoman Gunarsa,budaya,DI Yogyakarta,Sleman,-7.774973,110.395671,,
Museum Bahari,budaya,DKI Jakarta,Jakarta Utara,-6.126983,106.8083,,https://upload.wikimedia.org/wikipedia/commons/thumb/d/d6/Museum_Bahari_Pintu_Masuk.jpg/960px-Museum_Bahari_Pintu_Masuk.jpg?utm_source=id.wikipedia.org&utm_campaign=api&utm_content=thumbnail|https://commons.wikimedia.org/wiki/Special:FilePath/Museum%20Bahari%20Pintu%20Masuk.jpg?width=800
Museum Tsunami Aceh,budaya,Aceh,Kota Banda Aceh,5.547722,95.315083,,https://upload.wikimedia.org/wikipedia/commons/thumb/e/ee/Aceh_Tsunami_Museum_site_visit%3B_February_2020_%2853%29.jpg/960px-Aceh_Tsunami_Museum_site_visit%3B_February_2020_%2853%29.jpg?utm_source=id.wikipedia.org&utm_campaign=api&utm_content=thumbnail|https://commons.wikimedia.org/wiki/Special:FilePath/Aceh%20Tsunami%20Museum%20site%20visit%3B%20February%202020%20%2825%29.jpg?width=800
Benteng Marlborough,budaya,Sumatera Selatan,Musi Rawas,-3.78748,102.25099,,https://upload.wikimedia.org/wikipedia/commons/thumb/5/59/Front_gate_of_Fort_Marlborough%2C_Bengkulu_2015-04-19_02.jpg/960px-Front_gate_of_Fort_Marlborough%2C_Bengkulu_2015-04-19_02.jpg?utm_source=id.wikipedia.org&utm_campaign=api&utm_content=thumbnail|https://commons.wikimedia.org/wiki/Special:FilePath/Bengkulu%20City%20and%20Fort%20Marlborough.jpg?width=800
Taman Kupu-kupu Gita Persada,budaya,Lampung,Kota Bandar Lampung,-5.420003,105.188624,,
Museum Karmawibhangga,budaya,Jawa Tengah,Kota Magelang,-7.604191,110.204643,,https://upload.wikimedia.org/wikipedia/commons/thumb/c/c7/Karmawibhangga_Museum_Pendopo_of_Borobudur.jpg/960px-Karmawibhangga_Museum_Pendopo_of_Borobudur.jpg?utm_source=id.wikipedia.org&utm_campaign=api&utm_content=thumbnail|https://commons.wikimedia.org/wiki/Special:FilePath/Karmawibhangga%20Museum%20Pendopo%20of%20Borobudur.jpg?width=800
Museum Affandi,budaya,Jawa Tengah,Boyolali,-7.7827,110.3963,,https://upload.wikimedia.org/wikipedia/commons/thumb/7/73/Barang_koleksi_berupa_mobil_dan_sepeda_onthel_yang_terpajang_di_dalam_Galeri_I_Museum_Affandi.jpg/960px-Barang_koleksi_berupa_mobil_dan_sepeda_onthel_yang_terpajang_di_dalam_Galeri_I_Museum_Affandi.jpg?utm_source=id.wikipedia.org&utm_campaign=api&utm_content=thumbnail|https://commons.wikimedia.org/wiki/Special:FilePath/Barang%20koleksi%20berupa%20mobil%20dan%20sepeda%20onthel%20yang%20terpajang%20di%20dalam%20Galeri%20I%20Museum%20Affandi.jpg?width=800
Museum Kebudayaan dan Kemajuan Asmat,budaya,Papua Selatan,Asmat,-5.540529,138.134153,,https://upload.wikimedia.org/wikipedia/commons/thumb/6/6d/Male_Crocodile_%2848290419611%29.jpg/960px-Male_Crocodile_%2848290419611%29.jpg?utm_source=id.wikipedia.org&utm_campaign=api&utm_content=thumbnail|https://commons.wikimedia.org/wiki/Special:FilePath/Museum%20Asmat%20%2848280683281%29.jpg?width=800
Monumen Bajra Sandhi,budaya,Bali,Kota Denpasar,-8.671667,115.233889,,https://upload.wikimedia.org/wikipedia/commons/thumb/6/6b/Monumen_Bajra_Sandhi_-_panoramio.jpg/960px-Monumen_Bajra_Sandhi_-_panoramio.jpg?utm_source=id.wikipedia.org&utm_campaign=api&utm_content=thumbnail|https://commons.wikimedia.org/wiki/Special:FilePath/Monumen-Bajra-Sandhi.jpg?width=800
Museum Blanco Renaissance,budaya,Bali,Gianyar,-8.5058,115.2543,,https://upload.wikimedia.org/wikipedia/commons/thumb/4/4d/Antonio_Blanco_le_mus%C3%A9e.JPG/960px-Antonio_Blanco_le_mus%C3%A9e.JPG?utm_source=id.wikipedia.org&utm_campaign=api&utm_content=thumbnail|https://commons.wikimedia.org/wiki/Special:FilePath/Antonio%20Blanco%20le%20mus%C3%A9e.JPG?width=800
Keraton Sumenep,budaya,Jawa Timur,Sumenep,-7.007915,113.862812,,https://upload.wikimedia.org/wikipedia/commons/0/07/Labhang_Mesem.jpg?utm_source=id.wikipedia.org&utm_campaign=api&utm_content=thumbnail_unscaled|https://commons.wikimedia.org/wiki/Special:FilePath/Labhang%20Mesem.jpg?width=800
Museum Le Mayeur,budaya,Bali,Kota Denpasar,-8.67501,115.263727,,https://upload.wikimedia.org/wikipedia/commons/f/fc/Museum_Le_Mayeur_03.jpg?utm_source=id.wikipedia.org&utm_campaign=api&utm_content=thumbnail_unscaled
Museum Mulawarman,budaya,Kalimantan Timur,Kota Samarinda,-0.41308,116.9904,,https://upload.wikimedia.org/wikipedia/commons/thumb/3/34/Museum_Mulawarman.jpg/960px-Museum_Mulawarman.jpg?utm_source=id.wikipedia.org&utm_campaign=api&utm_content=thumbnail|https://commons.wikimedia.org/wiki/Special:FilePath/Museum%20Mulawarman.jpg?width=800
Museum Nahdlatul Ulama,budaya,Jawa Timur,Kota Surabaya,-7.338076,112.724417,,
Museum Provinsi Kalimantan Barat,budaya,Kepulauan Riau,Natuna,-0.048361,109.343083,,https://upload.wikimedia.org/wikipedia/commons/thumb/7/7e/Tampak_samping_Museum_Nasional_Kalimantan_Barat.jpg/960px-Tampak_samping_Museum_Nasional_Kalimantan_Barat.jpg?utm_source=id.wikipedia.org&utm_campaign=api&utm_content=thumbnail|https://commons.wikimedia.org/wiki/Special:FilePath/Tampak%20samping%20Museum%20Nasional%20Kalimantan%20Barat.jpg?width=800
Museum Pasifika,budaya,Bali,Badung,-8.8,115.2306,,https://upload.wikimedia.org/wikipedia/commons/thumb/0/09/Museum_Pasifika.jpg/960px-Museum_Pasifika.jpg?utm_source=id.wikipedia.org&utm_campaign=api&utm_content=thumbnail|https://commons.wikimedia.org/wiki/Special:FilePath/Museum%20Pasifika.jpg?width=800
Museum Sang Nila Utama,budaya,Sumatera Barat,Tanah Datar,0.49423,101.454,,https://upload.wikimedia.org/wikipedia/commons/thumb/0/01/Museum_Sang_Nila_Utama.jpg/960px-Museum_Sang_Nila_Utama.jpg?utm_source=id.wikipedia.org&utm_campaign=api&utm_content=thumbnail|https://commons.wikimedia.org/wiki/Special:FilePath/Museum%20Sang%20Nila%20Utama.jpg?width=800
Museum dan Galeri Seni Rudana,budaya,Bali,Gianyar,-8.529639,115.271278,,https://upload.wikimedia.org/wikipedia/commons/f/fd/Museum_Rudana_in_Ubud%2C_Bali%2C_Indonesia.jpg?utm_source=id.wikipedia.org&utm_campaign=api&utm_content=thumbnail_unscaled|https://commons.wikimedia.org/wiki/Special:FilePath/Museum%20Rudana%20in%20Ubud%2C%20Bali%2C%20Indonesia.jpg?width=800
Galeri Nasional Indonesia,budaya,DKI Jakarta,Jakarta Pusat,-6.178526,106.832776,,https://upload.wikimedia.org/wikipedia/commons/thumb/7/7d/National_Gallery_of_Indonesia.JPG/960px-National_Gallery_of_Indonesia.JPG?utm_source=id.wikipedia.org&utm_campaign=api&utm_content=thumbnail|https://commons.wikimedia.org/wiki/Special:FilePath/National%20Gallery%20of%20Indonesia.JPG?width=800
Museum Arkeologi Purbakala,budaya,Bali,Gianyar,-8.519431,115.293116,,
Museum Puri Lukisan,budaya,Bali,Gianyar,-8.505097,115.260278,,https://upload.wikimedia.org/wikipedia/commons/thumb/5/54/Puri_Lukisan_Museum_%2817032156926%29.jpg/960px-Puri_Lukisan_Museum_%2817032156926%29.jpg?utm_source=id.wikipedia.org&utm_campaign=api&utm_content=thumbnail|https://commons.wikimedia.org/wiki/Special:FilePath/Puri%20Lukisan%20Museum%20%2817032156926%29.jpg?width=800
Museum Purna Bhakti Pertiwi,budaya,DKI Jakarta,Jakarta Timur,-6.300346,106.886441,,https://upload.wikimedia.org/wikipedia/commons/thumb/d/d9/Purna_Bhakti_Pertiwi_Museum_Facade.jpg/960px-Purna_Bhakti_Pertiwi_Museum_Facade.jpg?utm_source=id.wikipedia.org&utm_campaign=api&utm_content=thumbnail|https://commons.wikimedia.org/wiki/Special:FilePath/Purna%20Bhakti%20Pertiwi%20Museum%20Facade.jpg?width=800
Museum Kapal Samudraraksa,budaya,Jawa Tengah,Magelang,-7.604722,110.203333,,https://commons.wikimedia.org/wiki/Special:FilePath/Museum%20Kapal%20Samudraraksa.jpg?width=800
Museum Geologi Bandung,budaya,Jawa Barat,Kota Bandung,-6.9007,107.6215,,https://upload.wikimedia.org/wikipedia/commons/thumb/b/b3/Bandung%2C_Museum_Geologi.jpg/960px-Bandung%2C_Museum_Geologi.jpg?utm_source=id.wikipedia.org&utm_campaign=api&utm_content=thumbnail|https://commons.wikimedia.org/wiki/Special:FilePath/Raflinoer32-Museum%20Geologi-Museum%20Geologi%20tampak%20depan.jpg?width=800
Museum Trowulan,budaya,Jawa Timur,Mojokerto,-7.56,112.380833,,https://upload.wikimedia.org/wikipedia/commons/f/f3/Airlangga.jpg?utm_source=id.wikipedia.org&utm_campaign=api&utm_content=thumbnail_unscaled|https://commons.wikimedia.org/wiki/Special:FilePath/032%20Artefacts%2C%20Museum%20Mojopahit%20%2840386063522%29.jpg?width=800
Museum Negeri Aceh,budaya,Aceh,Kota Banda Aceh,5.548581,95.320642,,https://commons.wikimedia.org/wiki/Special:FilePath/Museum%20Aceh.JPG?width=800
Museum Konferensi Asia Afrika,budaya,Jawa Barat,Kota Bandung,-6.921213,107.607326,,https://upload.wikimedia.org/wikipedia/commons/thumb/8/84/Musium_KAA.jpg/960px-Musium_KAA.jpg?utm_source=id.wikipedia.org&utm_campaign=api&utm_content=thumbnail|https://commons.wikimedia.org/wiki/Special:FilePath/Musium%20KAA.jpg?width=800
Museum Pos Indonesia,budaya,Jawa Barat,Kota Bandung,-6.902043,107.619771,,https://upload.wikimedia.org/wikipedia/commons/thumb/1/11/Kantor_Pusat_Pos_Indonesia.JPG/960px-Kantor_Pusat_Pos_Indonesia.JPG?utm_source=id.wikipedia.org&utm_campaign=api&utm_content=thumbnail|https://commons.wikimedia.org/wiki/Special:FilePath/Kantor%20Pusat%20Pos%20Indonesia.JPG?width=800
Gedung Joang '45,budaya,DKI Jakarta,Jakarta Pusat,-6.18587,106.83655,,https://upload.wikimedia.org/wikipedia/commons/d/d0/Gedung_Joang_45.jpg?utm_source=id.wikipedia.org&utm_campaign=api&utm_content=thumbnail_unscaled|https://commons.wikimedia.org/wiki/Special:FilePath/Gedung%20Joang%2045.jpg?width=800
Museum Sumpah Pemuda,budaya,DKI Jakarta,Jakarta Pusat,-6.18416,106.84328,,https://upload.wikimedia.org/wikipedia/commons/7/78/Museum_sumpah_pemuda.png?utm_source=id.wikipedia.org&utm_campaign=api&utm_content=thumbnail_unscaled|https://commons.wikimedia.org/wiki/Special:FilePath/MuseumSumpahPemuda.jpg?width=800
Museum Negeri Mpu Tantular,budaya,Jawa Timur,Kota Surabaya,-7.434,112.719917,,https://upload.wikimedia.org/wikipedia/commons/thumb/5/5d/Mpu_Tantular_Museum.jpg/960px-Mpu_Tantular_Museum.jpg?utm_source=id.wikipedia.org&utm_campaign=api&utm_content=thumbnail|https://commons.wikimedia.org/wiki/Special:FilePath/034%20Durga%20Mahesasuramardini%2C%20Mpu%20Tantular%20Museum%20%2826544597968%29.jpg?width=800
Museum Monumen Pangeran Diponegoro Sasana Wiratama,budaya,Jawa Tengah,Kota Magelang,-7.78713,110.351395,,
Museum Negeri Provinsi Sulawesi Tenggara,budaya,Sulawesi Tenggara,Kota Kendari,-3.97698,122.51774,,https://upload.wikimedia.org/wikipedia/commons/3/3a/Museum_sultra_01.jpg?utm_source=id.wikipedia.org&utm_campaign=api&utm_content=thumbnail_unscaled
Museum Olahraga Nasional,budaya,DKI Jakarta,Jakarta Timur,-6.304288,106.889036,,https://commons.wikimedia.org/wiki/Special:FilePath/Museum%20Olahraga%20TMII%20-%20panoramio.jpg?width=800
Museum Penerangan,budaya,DKI Jakarta,Jakarta Timur,-6.299318,106.893403,,https://upload.wikimedia.org/wikipedia/commons/thumb/9/9d/Museum_Penerangan_TMII_-_panoramio.jpg/960px-Museum_Penerangan_TMII_-_panoramio.jpg?utm_source=id.wikipedia.org&utm_campaign=api&utm_content=thumbnail|https://commons.wikimedia.org/wiki/Special:FilePath/Museum%20Penerangan%20TMII%20-%20panoramio.jpg?width=800
Museum Perjuangan Yogyakarta,budaya,Jawa Tengah,Boyolali,-7.816458,110.371864,,https://upload.wikimedia.org/wikipedia/commons/a/ad/Museum_perjuangan_yogyakarta.png?utm_source=id.wikipedia.org&utm_campaign=api&utm_content=thumbnail_unscaled|https://commons.wikimedia.org/wiki/Special:FilePath/Museum%20Perjuangan%20Yogyakarta.jpg?width=800
Museum Gudang Ransoem,budaya,Sumatera Barat,Solok,-0.678778,100.781028,,https://upload.wikimedia.org/wikipedia/commons/thumb/1/18/Museum_Ransoem_4.jpg/960px-Museum_Ransoem_4.jpg?utm_source=id.wikipedia.org&utm_campaign=api&utm_content=thumbnail|https://commons.wikimedia.org/wiki/Special:FilePath/Museum%20Goedang%20Ransoem%20Sawahlunto.jpg?width=800
Museum R.A. Kartini Rembang,budaya,Jawa Tengah,Jepara,-6.70642,111.35035,,
Museum Jawa Tengah Ranggawarsita,budaya,Jawa Tengah,Kota Semarang,-6.985946,110.383871,,
Museum Kayu Tuah Himba,budaya,Kalimantan Timur,Kota Samarinda,-0.40569,116.97131,,https://upload.wikimedia.org/wikipedia/commons/thumb/2/23/Museum_Kayu_Tuah_Himba.jpg/960px-Museum_Kayu_Tuah_Himba.jpg?utm_source=id.wikipedia.org&utm_campaign=api&utm_content=thumbnail|https://commons.wikimedia.org/wiki/Special:FilePath/Museum%20Kayu%20Tuah%20Himba.jpg?width=800
Museum Keraton Yogyakarta,budaya,Jawa Tengah,Boyolali,-7.806131,110.364159,,https://upload.wikimedia.org/wikipedia/commons/thumb/9/9e/Yogyakarta_Indonesia_Kraton-the-Sultans-Palace-02.jpg/960px-Yogyakarta_Indonesia_Kraton-the-Sultans-Palace-02.jpg?utm_source=id.wikipedia.org&utm_campaign=api&utm_content=thumbnail
Museum Keraton Surakarta,budaya,Jawa Tengah,Kota Surakarta,-7.5779,110.826761,,https://commons.wikimedia.org/wiki/Special:FilePath/Keraton%20Kasunanan%20Surakarta%20Hadiningrat.jpg?width=800
Museum La Galigo,budaya,Sulawesi Selatan,Kota Makassar,-5.134281,119.405726,,https://upload.wikimedia.org/wikipedia/commons/thumb/e/e9/Museum_La_Galigo%2C_Makassar.jpg/960px-Museum_La_Galigo%2C_Makassar.jpg?utm_source=id.wikipedia.org&utm_campaign=api&utm_content=thumbnail|https://commons.wikimedia.org/wiki/Special:FilePath/Museum%20La%20Galigo%2C%20Makassar.jpg?width=800
Museum Listrik dan Energi Baru,budaya,DKI Jakarta,Jakarta Timur,-6.303353,106.904973,,
Museum Loka Jala Crana,budaya,Jawa Timur,Kota Surabaya,-7.22626,112.718627,,
Museum Masjid Agung Demak,budaya,Jawa Tengah,Kota Semarang,-6.89424,110.63774,,https://upload.wikimedia.org/wikipedia/commons/thumb/c/ce/Masjid_Agung_Demak.jpg/960px-Masjid_Agung_Demak.jpg?utm_source=id.wikipedia.org&utm_campaign=api&utm_content=thumbnail|https://commons.wikimedia.org/wiki/Special:FilePath/Masjid%20Agung%20Demak.jpg?width=800
Museum Monumen Yogya Kembali,budaya,Jawa Tengah,Kota Magelang,-7.749577,110.369599,,https://upload.wikimedia.org/wikipedia/id/thumb/4/4a/Monumen_Yogya_Kembali.JPG/960px-Monumen_Yogya_Kembali.JPG?utm_source=id.wikipedia.org&utm_campaign=api&utm_content=thumbnail|https://commons.wikimedia.org/wiki/Special:FilePath/Monumen%20Yogya%20Kembali.JPG?width=800
Gedung Mohammad Hoesni Thamrin,budaya,DKI Jakarta,Jakarta Pusat,-6.193292,106.845343,,https://upload.wikimedia.org/wikipedia/id/thumb/0/0b/Gedung_MH_Thamrin.JPG/960px-Gedung_MH_Thamrin.JPG?utm_source=id.wikipedia.org&utm_campaign=api&utm_content=thumbnail
Lokananta,budaya,Jawa Tengah,Kota Surakarta,-7.557848,110.796798,,https://commons.wikimedia.org/wiki/Special:FilePath/Lokananta%20Studio.jpg?width=800
Museum Situs Lubang Tambang Mbah Soero,budaya,Sumatera Barat,Kota Sawahlunto,-0.678682,100.779131,,https://upload.wikimedia.org/wikipedia/commons/thumb/6/6a/Lubang_Tambang_Mbah_Soero_by_Mugikun.jpg/960px-Lubang_Tambang_Mbah_Soero_by_Mugikun.jpg?utm_source=id.wikipedia.org&utm_campaign=api&utm_content=thumbnail|https://commons.wikimedia.org/wiki/Special:FilePath/Lubang%20Tambang%20Mbah%20Soero%20by%20Mugikun.jpg?width=800
Museum Asmat,budaya,DKI Jakarta,Jakarta Timur,-6.305708,106.893681,,https://upload.wikimedia.org/wikipedia/commons/thumb/e/ea/Museum_Asmat%2C_Taman_Mini_Indonesia_Indah_%2801%29.jpg/960px-Museum_Asmat%2C_Taman_Mini_Indonesia_Indah_%2801%29.jpg?utm_source=id.wikipedia.org&utm_campaign=api&utm_content=thumbnail|https://commons.wikimedia.org/wiki/Special:FilePath/Museum%20Asmat%2C%20Taman%20Mini%20Indonesia%20Indah%20%2801%29.jpg?width=800
Museum Bahari Ende,budaya,Nusa Tenggara Timur,Ende,-8.845785,121.643404,,
Museum Adityawarman,budaya,Sumatera Barat,Kota Padang,-0.95525,100.355833,,https://upload.wikimedia.org/wikipedia/commons/thumb/8/86/Museum_Adityawarman_20211213.jpg/960px-Museum_Adityawarman_20211213.jpg?utm_source=id.wikipedia.org&utm_campaign=api&utm_content=thumbnail|https://commons.wikimedia.org/wiki/Special:FilePath/Museum%20Adityawarman%2020211213.jpg?width=800
Museum Batik Danar Hadi,budaya,Jawa Tengah,Kota Surakarta,-7.568432,110.816908,,https://commons.wikimedia.org/wiki/Special:FilePath/Aksara%20Jawa%20037.jpg?width=800
Museum Daerah Nusa Tenggara Timur,budaya,Nusa Tenggara Timur,Kota Kupang,-10.15862,123.61946,,
Museum Kailasa,budaya,Jawa Tengah,Wonosobo,-7.208222,109.905368,,https://commons.wikimedia.org/wiki/Special:FilePath/Museum%20Dieng%20Kailasa.jpg?width=800
Museum Dewantara Kirti Griya,budaya,Jawa Tengah,Boyolali,-7.80506,110.37819,,https://commons.wikimedia.org/wiki/Special:FilePath/Pendapa%20tamansiswa.jpg?width=800
Museum Pusaka,budaya,DKI Jakarta,Jakarta Timur,-6.305214,106.89589,,
Museum Pusaka Nias,budaya,Sumatera Utara,Kota Sibolga,1.298416,97.608737,,https://commons.wikimedia.org/wiki/Special:FilePath/Objects%20of%20the%20Nias%20Heritage%20Museum%2C%20Gunungsitoli%20City%3B%20September%202024%20%2805%29.jpg?width=800
"Museum Pusat TNI AD ""Dharma Wiratama""",budaya,Jawa Tengah,Boyolali,-7.78262,110.37537,,https://commons.wikimedia.org/wiki/Special:FilePath/Dharma%20Wiratama%20Museum%2004.jpg?width=800
Museum Radya Pustaka,budaya,Jawa Tengah,Kota Surakarta,-7.568031,110.8145,,https://commons.wikimedia.org/wiki/Special:FilePath/Museum%20Radyapustaka-Surakarta01.jpg?width=800
Museum Sandi,budaya,Jawa Tengah,Boyolali,-7.78432,110.37122,,https://commons.wikimedia.org/wiki/Special:FilePath/Museum%20Sandi.jpg?width=800
Museum Satwa,budaya,Jawa Timur,Batu,-7.888734,112.529557,,https://commons.wikimedia.org/wiki/Special:FilePath/Museum%20Satwa%20Jatim%20Park%202%202017-09-18.jpg?width=800
Museum Siwa Lima,budaya,Maluku,Kota Ambon,-3.7135,128.15309,,https://commons.wikimedia.org/wiki/Special:FilePath/Museum%20Siwalima%202026%2001.jpg?width=800
Museum Sulawesi Tengah,budaya,Sulawesi Tengah,Kota Palu,-0.90241,119.85387,,
"Museum Batak, Balige",budaya,Sumatera Utara,Toba,2.33344,99.04837,,https://commons.wikimedia.org/wiki/Special:FilePath/Museum%20Batak%2C%20Balige.png?width=800
Museum Sumatera Utara,budaya,Sumatera Utara,Kota Medan,3.568139,98.696306,,https://commons.wikimedia.org/wiki/Special:FilePath/Museum%20Negeri%20Sumatera%20Utara%20Medan.jpg?width=800
Museum Transportasi,budaya,DKI Jakarta,Jakarta Timur,-6.30466,106.89891,,https://commons.wikimedia.org/wiki/Special:FilePath/Museum%20Transportasi%20TMII%20-%20panoramio.jpg?width=800
Museum Tembi,budaya,Jawa Tengah,Boyolali,-7.869894,110.356153,,https://commons.wikimedia.org/wiki/Special:FilePath/Alat%20Musik%20Museum%20Tembi.jpg?width=800
Museum Tri Daya Eka Dharma,budaya,Sumatera Barat,Kota Bukittinggi,-0.307139,100.366139,,https://commons.wikimedia.org/wiki/Special:FilePath/Tri%20Daya%20Eka%20Dharma%20Museum.jpg?width=800
Museum Wayang Indonesia,budaya,Jawa Tengah,Wonogiri,-7.907222,110.865278,,
Museum Wayang Kekayon,budaya,Jawa Tengah,Boyolali,-7.815378,110.413105,,https://commons.wikimedia.org/wiki/Special:FilePath/Wayang%20Klithik%20Museum%20Wayang%20Kekayon.jpg?width=800
Museum Wayang Sendang Mas,budaya,Jawa Tengah,Cilacap,-7.51459,109.29422,,
Pusat Peragaan Ilmu Pengetahuan dan Teknologi,budaya,DKI Jakarta,Jakarta Timur,-6.302218,106.903573,,
Museum Kereta Api Bondowoso,budaya,Jawa Timur,Situbondo,-7.91695,113.82948,,https://commons.wikimedia.org/wiki/Special:FilePath/Stasiun%20Bondowoso%202019.jpg?width=800
Taman purbakala Pugung Raharjo,budaya,Lampung,Kota Metro,-5.282043,105.561018,,https://commons.wikimedia.org/wiki/Special:FilePath/Pugung%20Raharjo%20Pyramid%202.jpg?width=800
Museum Pusat TNI AU Dirgantara Mandala,budaya,Jawa Tengah,Boyolali,-7.790362,110.417379,,https://commons.wikimedia.org/wiki/Special:FilePath/Ruang%20Pamer%20Museum%20Pusat%20TNI%20AU%20Dirgantara%20Mandala.jpg?width=800
Museum Sasmitaloka Panglima Besar Jenderal Sudirman,budaya,Jawa Tengah,Boyolali,-7.802427,110.375489,,https://commons.wikimedia.org/wiki/Special:FilePath/Museum%20Sasmitaloka%20Panglima%20Besar%20Jenderal%20Soedirman.jpg?width=800
Museum Tani Jawa Indonesia,budaya,Jawa Tengah,Boyolali,-7.924472,110.371472,,https://commons.wikimedia.org/wiki/Special:FilePath/Museum%20Tani%20Jawa%20Indonesia.jpg?width=800
Museum Kretek,budaya,Jawa Tengah,Jepara,-6.82655,110.83865,,https://commons.wikimedia.org/wiki/Special:FilePath/Museum%20kretek%20-%20panoramio.jpg?width=800
Museum Batik Yogyakarta,budaya,Jawa Tengah,Boyolali,-7.7959,110.37764,,
Museum Prangko Indonesia,budaya,DKI Jakarta,Jakarta Timur,-6.304184,106.901773,,
Bentara Budaya Jakarta,budaya,DKI Jakarta,Jakarta Selatan,-6.2102,106.7954,,https://commons.wikimedia.org/wiki/Special:FilePath/Bentara%20Budaya%20di%20Palmerah%20Jakarta.jpg?width=800
Museum Nasional Ketransmigrasian,budaya,Lampung,Pringsewu,-5.377629,105.104916,,
Rahmat International Wildlife Museum & Gallery,budaya,Sumatera Utara,Kota Medan,3.579258,98.667732,,https://commons.wikimedia.org/wiki/Special:FilePath/Primate%20Taxidermy%2C%20Rahmat%20International%20Wildlife%20Museum%20and%20Gallery.jpg?width=800
Museum dan Pabrik Gula Gondang Winangoen,budaya,Jawa Tengah,Boyolali,-7.722056,110.560806,,
Museum Kebangkitan Nasional,budaya,DKI Jakarta,Jakarta Pusat,-6.178726,106.837968,,https://commons.wikimedia.org/wiki/Special:FilePath/Old%20Dutch%20building%20-%20panoramio.jpg?width=800
Museum Zoologi Bogor,budaya,Jawa Barat,Bogor,-6.60365,106.79701,,https://commons.wikimedia.org/wiki/Special:FilePath/COLLECTIE%20TROPENMUSEUM%20Het%20Zo%C3%B7logisch%20Museum%20en%20laboratorium%20van%20%27s%20Lands%20Plantentuin%20te%20Buitenzorg%20West-Java%20TMnr%2010010799.jpg?width=800
Museum Nasional Jogja,budaya,Jawa Tengah,Kota Magelang,-7.800156,110.353433,,https://commons.wikimedia.org/wiki/Special:FilePath/ARTJOG%20di%20Jogja%20National%20Museum.jpg?width=800
Museum Basoeki Abdullah,budaya,DKI Jakarta,Jakarta Selatan,-6.289754,106.793275,,
Museum Trisakti,budaya,DKI Jakarta,Jakarta Utara,-6.168471,106.78909,,
Museum Benteng Heritage,budaya,Banten,Kota Tangerang Selatan,-6.178687,106.629668,,https://commons.wikimedia.org/wiki/Special:FilePath/Balkon%20Lantai%20Dua%20Sisi%20Kiri%20Benteng%20Heritage.jpg?width=800
Museum Perjuangan Bogor,budaya,Banten,Kota Tangerang Selatan,-6.592889,106.788349,,
Museum Bengkulu,budaya,Sumatera Selatan,Kota Lubuklinggau,-3.815668,102.287588,,
Museum Layang-layang Indonesia,budaya,DKI Jakarta,Jakarta Selatan,-6.3078,106.79059,,https://commons.wikimedia.org/wiki/Special:FilePath/Museum%20Layang-layang%20Panoramic.JPG?width=800
Monumen Kapal Selam,budaya,Jawa Timur,Kota Surabaya,-7.26552,112.75027,,https://commons.wikimedia.org/wiki/Special:FilePath/Submarine%20Monument%20Surabaya%202.JPG?width=800
Museum Manusia Purba Sangiran,budaya,Jawa Tengah,Kota Surakarta,-7.45331,110.83435,,https://commons.wikimedia.org/wiki/Special:FilePath/Museum%20manusia%20purba%20sangiran.png?width=800
Museum Karst Indonesia,budaya,Jawa Tengah,Kota Surakarta,-8.0412,110.78318,,https://commons.wikimedia.org/wiki/Special:FilePath/Museum%20Karst%20-%20panoramio%20%281%29.jpg?width=800
Museum Kayu Sampit,budaya,Kalimantan Barat,Sintang,-2.538422,112.958797,,https://commons.wikimedia.org/wiki/Special:FilePath/Museum%20Kayu%20Sampit%20001.jpg?width=800
Museum Polri,budaya,DKI Jakarta,Jakarta Selatan,-6.2393,106.8027,,https://commons.wikimedia.org/wiki/Special:FilePath/Museum%20polri%2002.jpg?width=800
Siola,budaya,Jawa Timur,Kota Surabaya,-7.25875,112.738778,,https://commons.wikimedia.org/wiki/Special:FilePath/Tunjungan%20Siola%20di%202022%20%28infobox%29.jpg?width=800
Museum Bank Indonesia Padang,budaya,Sumatera Barat,Kota Padang,-0.96449,100.35827,,https://commons.wikimedia.org/wiki/Special:FilePath/COLLECTIE%20TROPENMUSEUM%20Kantoor%20van%20de%20Javasche%20Bank%20en%20het%20monument%20voor%20W.H.%20de%20Greve%20TMnr%2010015479.jpg?width=800
Museum Graha Bhakti Antara,budaya,DKI Jakarta,Jakarta Pusat,-6.16581,106.8339,,
Museum PDRI,budaya,Sumatera Barat,Lima Puluh Kota,-0.021203,100.369323,,https://upload.wikimedia.org/wikipedia/commons/thumb/b/bb/Monumen_Nasional_Bela_Negara_PDRI.jpg/960px-Monumen_Nasional_Bela_Negara_PDRI.jpg?utm_source=id.wikipedia.org&utm_campaign=api&utm_content=thumbnail|https://commons.wikimedia.org/wiki/Special:FilePath/Museum%20PDRI%20Sumbar%2032.jpg?width=800
Museum di Tengah Kebun,budaya,DKI Jakarta,Jakarta Selatan,-6.296328,106.795031,,https://upload.wikimedia.org/wikipedia/commons/thumb/b/b8/Museum_kebun_01.jpg/960px-Museum_kebun_01.jpg?utm_source=id.wikipedia.org&utm_campaign=api&utm_content=thumbnail|https://commons.wikimedia.org/wiki/Special:FilePath/Museum%20kebun%2001.jpg?width=800
Museum Keprajuritan Indonesia,budaya,DKI Jakarta,Jakarta Timur,-6.305834,106.897264,,
Museum Mandala Bhakti,budaya,Jawa Tengah,Kota Semarang,-6.984521,110.409309,,https://upload.wikimedia.org/wikipedia/commons/thumb/1/19/Museum_Mandala_Bhakti_met_op_de_voorgrond_het_monument_Tugu_Muda_aan_de_Taman_Tugu_Muda_te_Semarang%2C_KITLV_D13345.tiff/lossy-page1-960px-Museum_Mandala_Bhakti_met_op_de_voorgrond_het_monument_Tugu_Muda_aan_de_Taman_Tugu_Muda_te_Semarang%2C_KITLV_D13345.tiff.jpg?utm_source=id.wikipedia.org&utm_campaign=api&utm_content=thumbnail
Museum Perkembangan Islam Jawa Tengah,budaya,Jawa Tengah,Kota Semarang,-6.98465,110.44654,,
Museum Telekomunikasi,budaya,DKI Jakarta,Jakarta Timur,-6.302777,106.890653,,https://upload.wikimedia.org/wikipedia/commons/a/ad/Patih_Gajah_Mada.jpg?utm_source=id.wikipedia.org&utm_campaign=api&utm_content=thumbnail_unscaled|https://commons.wikimedia.org/wiki/Special:FilePath/Patih%20Gajah%20Mada.jpg?width=800
Museum Situs Kotta Cinna,budaya,Sumatera Utara,Kota Medan,3.723243,98.656755,,
Museum Rumah Budaya Tembi,budaya,Jawa Tengah,Boyolali,-7.86987,110.35619,,
Museum Timor Timur,budaya,DKI Jakarta,Jakarta Timur,-6.303259,106.901458,,https://upload.wikimedia.org/wikipedia/commons/thumb/3/34/Museum_of_East_Timor.jpg/960px-Museum_of_East_Timor.jpg?utm_source=id.wikipedia.org&utm_campaign=api&utm_content=thumbnail|https://commons.wikimedia.org/wiki/Special:FilePath/Museum%20of%20East%20Timor.jpg?width=800
Museum Sadurengas,budaya,Kalimantan Selatan,Kotabaru,-1.94808,116.211,,https://upload.wikimedia.org/wikipedia/commons/thumb/4/47/Museum_Sadurengas_171224001.JPG/960px-Museum_Sadurengas_171224001.JPG?utm_source=id.wikipedia.org&utm_campaign=api&utm_content=thumbnail|https://commons.wikimedia.org/wiki/Special:FilePath/Museum%20Sadurengas%20171224001.JPG?width=800
Bayt Al-Qur'an Al-Akbar,budaya,Jambi,Kota Jambi,-3.01146,104.704132,,https://upload.wikimedia.org/wikipedia/commons/a/af/Quran_Raksasa.jpg?utm_source=id.wikipedia.org&utm_campaign=api&utm_content=thumbnail_unscaled
Museum Probolinggo,budaya,Jawa Timur,Kota Probolinggo,-7.75082,113.21577,,
Gedung Juang Tambun,budaya,Jawa Barat,Karawang,-6.259257,107.05462,,https://upload.wikimedia.org/wikipedia/id/thumb/c/c8/Reynan-gedung-juang-tambun-2014-12-21-612_result.jpg/960px-Reynan-gedung-juang-tambun-2014-12-21-612_result.jpg?utm_source=id.wikipedia.org&utm_campaign=api&utm_content=thumbnail|https://commons.wikimedia.org/wiki/Special:FilePath/Gedung%20Juang%2045%20Tambun.jpg?width=800
Museum Lampung,budaya,Lampung,Kota Bandar Lampung,-5.37223,105.24092,,
Museum Purbakala Pleret,budaya,Jawa Tengah,Boyolali,-7.86829,110.40524,,https://upload.wikimedia.org/wikipedia/commons/thumb/9/99/Museum_Pleret.jpg/960px-Museum_Pleret.jpg?utm_source=id.wikipedia.org&utm_campaign=api&utm_content=thumbnail
Memorial Jenderal Besar Soeharto,budaya,Jawa Tengah,Kota Magelang,-7.791243,110.281279,,
Museum Soesilo Soedarman,budaya,Jawa Tengah,Cilacap,-7.60034,109.21211,,
Museum Talaga Manggung,budaya,Jawa Barat,Kota Cirebon,-6.984885,108.311149,,https://upload.wikimedia.org/wikipedia/commons/0/0d/Guns_of_Talaga_Manggung_Museum.png?utm_source=id.wikipedia.org&utm_campaign=api&utm_content=thumbnail_unscaled
Museum Semarajaya,budaya,Bali,Bangli,-8.535528,115.402667,,https://upload.wikimedia.org/wikipedia/commons/thumb/4/4e/Semarajaya_Museum_-_2015.02_-_panoramio.jpg/960px-Semarajaya_Museum_-_2015.02_-_panoramio.jpg?utm_source=id.wikipedia.org&utm_campaign=api&utm_content=thumbnail|https://commons.wikimedia.org/wiki/Special:FilePath/ID-bali-klungkung-mus-semarajaya.jpg?width=800
Museum Kartini,budaya,Jawa Tengah,Jepara,-6.141151,110.777304,,https://upload.wikimedia.org/wikipedia/commons/thumb/d/d3/R.A._Kartini_Museum_Jepara.jpg/960px-R.A._Kartini_Museum_Jepara.jpg?utm_source=id.wikipedia.org&utm_campaign=api&utm_content=thumbnail|https://commons.wikimedia.org/wiki/Special:FilePath/R.A.%20Kartini%20Museum%20Jepara.jpg?width=800
Museum Perumusan Naskah Proklamasi,budaya,DKI Jakarta,Jakarta Pusat,-6.20036,106.83115,,https://upload.wikimedia.org/wikipedia/commons/6/63/Museum_perumusan_naskah_proklamasi.png?utm_source=id.wikipedia.org&utm_campaign=api&utm_content=thumbnail_unscaled|https://commons.wikimedia.org/wiki/Special:FilePath/Satriamandala%20Museum%20main%20building.jpg?width=800
Museum Pers Nasional,budaya,Jawa Tengah,Kota Surakarta,-7.56502,110.81805,,https://upload.wikimedia.org/wikipedia/commons/thumb/6/67/National_Press_Monument%2C_Solo_%28panorama%29_Diliff.jpg/960px-National_Press_Monument%2C_Solo_%28panorama%29_Diliff.jpg?utm_source=id.wikipedia.org&utm_campaign=api&utm_content=thumbnail|https://commons.wikimedia.org/wiki/Special:FilePath/Monumen%20Pers%20Nasional%2C%20Surakarta%20%28panorama%29.jpg?width=800
Museum Angkut,budaya,Jawa Timur,Batu,-7.87906,112.51986,,https://upload.wikimedia.org/wikipedia/commons/thumb/a/ad/Museum_angkut.jpg/960px-Museum_angkut.jpg?utm_source=id.wikipedia.org&utm_campaign=api&utm_content=thumbnail|https://commons.wikimedia.org/wiki/Special:FilePath/Museum%20angkut.jpg?width=800
Gerbong Maut,budaya,Jawa Timur,Kota Malang,-7.971882,112.620745,,
Museum Agung Bung Karno,budaya,Bali,Kota Denpasar,-8.672314,115.225437,,https://upload.wikimedia.org/wikipedia/commons/thumb/2/27/Museum_Agung_Bung_Karno.png/960px-Museum_Agung_Bung_Karno.png?utm_source=id.wikipedia.org&utm_campaign=api&utm_content=thumbnail|https://commons.wikimedia.org/wiki/Special:FilePath/Museum%20Agung%20Bung%20Karno.png?width=800
Museum Huta Bolon Simanindo,budaya,Sumatera Utara,Kota Pematangsiantar,2.7525,98.7445,,https://upload.wikimedia.org/wikipedia/commons/thumb/a/a2/Rumah_adat_bolon_di_Museum_Huta_Bolon_Simanindo.jpg/960px-Rumah_adat_bolon_di_Museum_Huta_Bolon_Simanindo.jpg?utm_source=id.wikipedia.org&utm_campaign=api&utm_content=thumbnail|https://commons.wikimedia.org/wiki/Special:FilePath/Rumah%20Bolon%20di%20Museum%20Huta%20Bolon%20Simanindo.jpg?width=800
Museum Serangga dan Taman Kupu-Kupu,budaya,DKI Jakarta,Jakarta Timur,-6.3055,106.89552,,
Museum dan Monumen Dr. Soetomo,budaya,Jawa Tengah,Kota Surakarta,-7.665222,111.885472,,
Museum Kesehatan Surabaya,budaya,Jawa Timur,Kota Surabaya,-7.239955,112.732064,,
Museum Flora dan Fauna Tarakan,budaya,Kalimantan Utara,Kota Tarakan,3.313297,117.594603,,https://upload.wikimedia.org/wikipedia/commons/thumb/e/ee/Museum_Flora_dan_Fauna_Kota_Tarakan.JPG/960px-Museum_Flora_dan_Fauna_Kota_Tarakan.JPG?utm_source=id.wikipedia.org&utm_campaign=api&utm_content=thumbnail|https://commons.wikimedia.org/wiki/Special:FilePath/Museum%20Flora%20dan%20Fauna%20Kota%20Tarakan.JPG?width=800
Museum Bank Indonesia Surabaya,budaya,Jawa Timur,Kota Surabaya,-7.235333,112.736806,,https://upload.wikimedia.org/wikipedia/commons/thumb/5/5e/Bank_Indonesia_Museum%2C_Surabaya_%28De_Javasche_Bank%29%2C_2025_%2802%29.jpg/960px-Bank_Indonesia_Museum%2C_Surabaya_%28De_Javasche_Bank%29%2C_2025_%2802%29.jpg?utm_source=id.wikipedia.org&utm_campaign=api&utm_content=thumbnail|https://commons.wikimedia.org/wiki/Special:FilePath/Museum%20Bank%20Indonesia%20Surabaya.jpg?width=800
Pusat Sejarah Tentara Nasional Indonesia,budaya,DKI Jakarta,Jakarta Selatan,-6.231349,106.820149,,
Museum Brawijaya Malang,budaya,Jawa Timur,Kota Malang,-7.972094,112.621147,,https://commons.wikimedia.org/wiki/Special:FilePath/Museum%20Brawijaya%20Malang%20with%20Statue%20of%20Sudirman.jpg?width=800
Museum Subak,budaya,Bali,Gianyar,-8.545302,115.13808,,https://upload.wikimedia.org/wikipedia/id/thumb/0/03/Museum_Subak.jpeg/960px-Museum_Subak.jpeg?utm_source=id.wikipedia.org&utm_campaign=api&utm_content=thumbnail
Museum Hakka Indonesia dan Taman Tionghoa,budaya,DKI Jakarta,Jakarta Timur,-6.305389,106.904,,https://commons.wikimedia.org/wiki/Special:FilePath/Indonesia%20Hakka%20Museum.JPG?width=800
Museum Daerah Kabupaten Lumajang,budaya,Jawa Timur,Kota Probolinggo,-8.07533,113.23627,,
Museum Bank Rakyat Indonesia,budaya,Jawa Tengah,Cilacap,-7.423735,109.225764,,https://upload.wikimedia.org/wikipedia/commons/thumb/2/20/Bank_BRI_Museum_Purwokerto.jpg/960px-Bank_BRI_Museum_Purwokerto.jpg?utm_source=id.wikipedia.org&utm_campaign=api&utm_content=thumbnail|https://commons.wikimedia.org/wiki/Special:FilePath/Bank%20BRI%20Museum%20Purwokerto.jpg?width=800
Museum Balaputra Dewa,budaya,Jambi,Kota Jambi,-2.95096,104.73069,,https://upload.wikimedia.org/wikipedia/id/0/02/Gambar_Museum_Museum_Balaputra_Dewa.jpeg?utm_source=id.wikipedia.org&utm_campaign=api&utm_content=thumbnail_unscaled|https://commons.wikimedia.org/wiki/Special:FilePath/Rumah%20Limas%20of%20IDR%2010000%20banknote.jpg?width=800
Museum Sultan Mahmud Badaruddin II,budaya,Jambi,Kota Jambi,-2.99026,104.7611,,https://upload.wikimedia.org/wikipedia/commons/thumb/8/80/Sultan_Mahmud_Badaruddin_II_Museum%2C_Palembang.jpg/960px-Sultan_Mahmud_Badaruddin_II_Museum%2C_Palembang.jpg?utm_source=id.wikipedia.org&utm_campaign=api&utm_content=thumbnail|https://commons.wikimedia.org/wiki/Special:FilePath/Sultan%20Mahmud%20Badaruddin%20II%20Museum%2C%20Palembang.jpg?width=800
Museum Dr. H.C. Oemboe Hina Kapita,budaya,Nusa Tenggara Timur,Sumba Timur,-9.651393,120.262198,,
Museum Seni Modern dan Kontemporer di Nusantara,budaya,DKI Jakarta,Jakarta Pusat,-6.190907,106.767875,,
Roemah Martha Tilaar,budaya,Jawa Tengah,Kebumen,-7.606917,109.509806,,
Museum Maritim Indonesia,budaya,DKI Jakarta,Jakarta Pusat,-6.107527,106.883397,,https://upload.wikimedia.org/wikipedia/commons/thumb/2/2b/Museum_Maritim_Indonesia.jpg/960px-Museum_Maritim_Indonesia.jpg?utm_source=id.wikipedia.org&utm_campaign=api&utm_content=thumbnail|https://commons.wikimedia.org/wiki/Special:FilePath/Museum%20Maritim%20Indonesia.jpg?width=800
Museum Istana Kepresidenan Yogyakarta,budaya,Jawa Tengah,Boyolali,-7.800094,110.36395,,
Museum Musik Indonesia (MMI),budaya,Jawa Timur,Kota Malang,-7.940241,112.620827,,https://commons.wikimedia.org/wiki/Special:FilePath/Gedung%20Kesenian%20Gajayana%20-%20Museum%20Musik%20Indonesia.jpg?width=800
Rumah Kelahiran Tan Malaka,budaya,Sumatera Barat,Lima Puluh Kota,-0.087139,100.419083,,https://upload.wikimedia.org/wikipedia/commons/thumb/a/aa/Rumah_Kelahiran_Tan_Malaka.jpg/960px-Rumah_Kelahiran_Tan_Malaka.jpg?utm_source=id.wikipedia.org&utm_campaign=api&utm_content=thumbnail|https://commons.wikimedia.org/wiki/Special:FilePath/Rumah%20Kelahiran%20Tan%20Malaka.jpg?width=800
Museum Perkebunan Indonesia,budaya,Sumatera Utara,Kota Medan,3.556111,98.688861,,https://upload.wikimedia.org/wikipedia/commons/thumb/1/1b/Museum_Perkebunan_Indonesia.jpg/960px-Museum_Perkebunan_Indonesia.jpg?utm_source=id.wikipedia.org&utm_campaign=api&utm_content=thumbnail|https://commons.wikimedia.org/wiki/Special:FilePath/Koleksi%20Museum%20Perkebunan%20Indonesia.jpg?width=800
Museum Islam Indonesia KH Hasyim Asy'ari Tebuireng,budaya,Jawa Timur,Kota Kediri,-7.608639,112.234611,,
Museum Lingkungan Batik Joglo Ciptowening,budaya,DI Yogyakarta,Bantul,-7.922086,110.384531,,
Museum dan Tanah Liat,budaya,DI Yogyakarta,Bantul,-7.820094,110.33947,,
Museum Ali Hasyimi,budaya,Aceh,Kota Banda Aceh,5.531411,95.303208,,https://upload.wikimedia.org/wikipedia/commons/0/0b/Ali_Hasyimi%2C_Gubernur_Atjeh.jpg?utm_source=id.wikipedia.org&utm_campaign=api&utm_content=thumbnail_unscaled
Museum Tuanku Imam Bonjol,budaya,Sumatera Barat,Pasaman,0.001389,100.221167,,https://upload.wikimedia.org/wikipedia/commons/thumb/f/fa/Museum_Tuanku_Imam_Bonjol_01.jpg/960px-Museum_Tuanku_Imam_Bonjol_01.jpg?utm_source=id.wikipedia.org&utm_campaign=api&utm_content=thumbnail|https://commons.wikimedia.org/wiki/Special:FilePath/Museum%20Tuanku%20Imam%20Bonjol%2001.jpg?width=800
House of Sampoerna,budaya,Jawa Timur,Kota Surabaya,-7.230806,112.73425,,https://upload.wikimedia.org/wikipedia/commons/thumb/f/f6/House_of_Sampoerna_Mei_2015.jpg/960px-House_of_Sampoerna_Mei_2015.jpg?utm_source=id.wikipedia.org&utm_campaign=api&utm_content=thumbnail|https://commons.wikimedia.org/wiki/Special:FilePath/House%20of%20Sampoerna%20Mei%202015.jpg?width=800
Yayasan Amai Setia,budaya,Sumatera Barat,Agam,-0.313422,100.354884,,https://upload.wikimedia.org/wikipedia/commons/thumb/1/1b/Kerajinan_Amai_Setia.jpg/960px-Kerajinan_Amai_Setia.jpg?utm_source=id.wikipedia.org&utm_campaign=api&utm_content=thumbnail|https://commons.wikimedia.org/wiki/Special:FilePath/Kerajinan%20Amai%20Setia.jpg?width=800
Museum Gua Harimau,budaya,Sumatera Selatan,Ogan Komering Ulu,-4.06927,103.931477,,
Museum Samudera Pasai,budaya,Aceh,Aceh Utara,5.132589,97.2018,,
Museum Keris Nusantara,budaya,Jawa Tengah,Kota Surakarta,-7.56881,110.81085,,https://upload.wikimedia.org/wikipedia/commons/b/b5/Museumkerisnusantara_2.jpg?utm_source=id.wikipedia.org&utm_campaign=api&utm_content=thumbnail_unscaled|https://commons.wikimedia.org/wiki/Special:FilePath/Museumkerisnusantara%202.jpg?width=800
Museum Situs Batujaya,budaya,Jawa Barat,Karawang,-6.05656,107.157904,,
Museum Coelacanth Ark,budaya,Sulawesi Utara,Kota Manado,1.486862,124.83183,,
Museum Negeri Sulawesi Utara,budaya,Sulawesi Utara,Kota Manado,1.48826,124.84468,,https://upload.wikimedia.org/wikipedia/commons/thumb/7/7d/Museum_Negeri_Provinsi_Sulawesi_Utara_di_Manado.jpg/960px-Museum_Negeri_Provinsi_Sulawesi_Utara_di_Manado.jpg?utm_source=id.wikipedia.org&utm_campaign=api&utm_content=thumbnail
Rumah Kelahiran Bung Hatta,budaya,Sumatera Barat,Kota Bukittinggi,-0.30078,100.37311,,https://upload.wikimedia.org/wikipedia/commons/thumb/4/45/Mohammad_Hatta_Birth_Place_and_Museum%2C_Bukittinggi%2C_West_Sumatra_2017-02-13_01.jpg/960px-Mohammad_Hatta_Birth_Place_and_Museum%2C_Bukittinggi%2C_West_Sumatra_2017-02-13_01.jpg?utm_source=id.wikipedia.org&utm_campaign=api&utm_content=thumbnail|https://commons.wikimedia.org/wiki/Special:FilePath/Mohammad%20Hatta%20Birth%20Place%20and%20Museum%2C%20Bukittinggi%2C%20West%20Sumatra%202017-02-13%2001.jpg?width=800
Museum Virajati Seskoad,budaya,Jawa Barat,Kota Bandung,-6.926867,107.629363,,
Museum Kapuas Raya,budaya,Kalimantan Barat,Sintang,0.08316,111.57699,,https://upload.wikimedia.org/wikipedia/commons/thumb/a/a2/Museum_Kapuas_Raya_01.jpg/960px-Museum_Kapuas_Raya_01.jpg?utm_source=id.wikipedia.org&utm_campaign=api&utm_content=thumbnail|https://commons.wikimedia.org/wiki/Special:FilePath/Museum%20Kapuas%20Raya%2001.jpg?width=800
De Tjolomadoe,budaya,Jawa Tengah,Kota Surakarta,-7.53438,110.74992,,https://upload.wikimedia.org/wikipedia/commons/5/53/COLLECTIE_TROPENMUSEUM_De_Colomadu_suikerfabriek_in_Malangjiwan_in_de_omgeving_van_Soerakarta_TMnr_60005243.jpg?utm_source=id.wikipedia.org&utm_campaign=api&utm_content=thumbnail_unscaled|https://commons.wikimedia.org/wiki/Special:FilePath/COLLECTIE%20TROPENMUSEUM%20De%20Colomadu%20suikerfabriek%20in%20Malangjiwan%20in%20de%20omgeving%20van%20Soerakarta%20TMnr%2060005243.jpg?width=800
Museum Yadnya,budaya,Bali,Gianyar,-8.54315,115.17124,,
Gedung Joang '45 Sumatra Barat,budaya,Sumatera Barat,Kota Padang,-0.957959,100.353705,,https://upload.wikimedia.org/wikipedia/commons/thumb/c/c6/Gedung_Joang_%2745_Sumatra_Barat_20211108.jpg/960px-Gedung_Joang_%2745_Sumatra_Barat_20211108.jpg?utm_source=id.wikipedia.org&utm_campaign=api&utm_content=thumbnail|https://commons.wikimedia.org/wiki/Special:FilePath/Gedung%20Joang%20%2745%20Sumatra%20Barat%2020211108.jpg?width=800
Museum Kota Bandung,budaya,Jawa Barat,Kota Bandung,-6.90965,107.60943,,https://upload.wikimedia.org/wikipedia/commons/thumb/9/91/Tampak_Luar_Museum_Kota_Bandung_%28Desember_2024%29_01.jpg/960px-Tampak_Luar_Museum_Kota_Bandung_%28Desember_2024%29_01.jpg?utm_source=id.wikipedia.org&utm_campaign=api&utm_content=thumbnail|https://commons.wikimedia.org/wiki/Special:FilePath/Tampak%20Luar%20Museum%20Kota%20Bandung%20%28Desember%202024%29%2001.jpg?width=800
Museum Romo Mangun,budaya,Jawa Tengah,Boyolali,-7.784146,110.368717,,
Rumah Pengasingan Bung Hatta,budaya,Maluku,Maluku Tengah,-4.5274,129.8998,,https://upload.wikimedia.org/wikipedia/commons/thumb/0/02/RUMAH_PENGASINGAN_BUNG_HATTA.jpg/960px-RUMAH_PENGASINGAN_BUNG_HATTA.jpg?utm_source=id.wikipedia.org&utm_campaign=api&utm_content=thumbnail|https://commons.wikimedia.org/wiki/Special:FilePath/Rumah%20Pengasingan%20Bung%20Hatta%2001.jpg?width=800
Museum Zoologi,budaya,Sumatera Barat,Kota Bukittinggi,-0.3007,100.37052,,https://upload.wikimedia.org/wikipedia/commons/7/72/Museum_Zoologi_Bukittinggi_2.jpg?utm_source=id.wikipedia.org&utm_campaign=api&utm_content=thumbnail_unscaled|https://commons.wikimedia.org/wiki/Special:FilePath/Museum%20Zoologi%20Bukittinggi.jpg?width=800
Rumah Gadang Mande Rubiah,budaya,Sumatera Barat,Pesisir Selatan,-2.25238,101.12648,,https://upload.wikimedia.org/wikipedia/commons/thumb/9/97/Rumah_Gadang_Mande_Rubiah_01.jpg/960px-Rumah_Gadang_Mande_Rubiah_01.jpg?utm_source=id.wikipedia.org&utm_campaign=api&utm_content=thumbnail|https://commons.wikimedia.org/wiki/Special:FilePath/Rumah%20Gadang%20Mande%20Rubiah%2001.jpg?width=800
Museum Rumah Adat Baanjuang,budaya,Sumatera Barat,Kota Bukittinggi,-0.300667,100.369556,,https://upload.wikimedia.org/wikipedia/commons/thumb/c/ca/Museum_Rumah_Adat_Baanjuang_Bukittinggi.jpg/960px-Museum_Rumah_Adat_Baanjuang_Bukittinggi.jpg?utm_source=id.wikipedia.org&utm_campaign=api&utm_content=thumbnail|https://commons.wikimedia.org/wiki/Special:FilePath/Museum%20Rumah%20Baanjuang%20Bukittinggi.jpg?width=800
Museum RRI Bukittinggi,budaya,Sumatera Barat,Kota Bukittinggi,-0.300056,100.366556,,https://upload.wikimedia.org/wikipedia/commons/thumb/a/af/Museum_RRI_Bukittinggi.jpg/960px-Museum_RRI_Bukittinggi.jpg?utm_source=id.wikipedia.org&utm_campaign=api&utm_content=thumbnail
Rumah Puisi Taufiq Ismail,budaya,Sumatera Barat,Kota Bukittinggi,-0.413278,100.406278,,https://upload.wikimedia.org/wikipedia/commons/thumb/a/af/Rumah_Puisi_Taufiq_Ismail.JPG/960px-Rumah_Puisi_Taufiq_Ismail.JPG?utm_source=id.wikipedia.org&utm_campaign=api&utm_content=thumbnail|https://commons.wikimedia.org/wiki/Special:FilePath/Rumah%20Puisi%20Taufiq%20Ismail.JPG?width=800
Museum Tari Sawahlunto,budaya,Sumatera Barat,Kota Sawahlunto,-0.679917,100.776806,,
Museum Rumah Kelahiran Bagindo Aziz Chan,budaya,Sumatera Barat,Kota Padang,-0.955917,100.364278,,https://upload.wikimedia.org/wikipedia/commons/thumb/b/bf/Rumah_Kelahiran_Bagindo_Azizchan.jpg/960px-Rumah_Kelahiran_Bagindo_Azizchan.jpg?utm_source=id.wikipedia.org&utm_campaign=api&utm_content=thumbnail|https://commons.wikimedia.org/wiki/Special:FilePath/Rumah%20Kelahiran%20Bagindo%20Azizchan.jpg?width=800
Museum Tambang Batubara Ombilin,budaya,Sumatera Barat,Kota Sawahlunto,-0.679889,100.777556,,https://upload.wikimedia.org/wikipedia/commons/thumb/a/a3/Museum_Tambang_Batu_Bara_Ombilin.jpg/960px-Museum_Tambang_Batu_Bara_Ombilin.jpg?utm_source=id.wikipedia.org&utm_campaign=api&utm_content=thumbnail|https://commons.wikimedia.org/wiki/Special:FilePath/Museum%20Tambang%20Batu%20Bara%20Ombilin.jpg?width=800
Museum Deli Serdang,budaya,Sumatera Utara,Kota Medan,3.55184,98.866539,,https://upload.wikimedia.org/wikipedia/commons/thumb/4/40/Museum_of_Deli_Serdang_site_visit_by_Wikimedia_Indonesia%3B_January_2020_%2813%29.jpg/960px-Museum_of_Deli_Serdang_site_visit_by_Wikimedia_Indonesia%3B_January_2020_%2813%29.jpg?utm_source=id.wikipedia.org&utm_campaign=api&utm_content=thumbnail|https://commons.wikimedia.org/wiki/Special:FilePath/Landmark%20Museum%20Deli%20Serdang.jpg?width=800
Museum Karo Lingga,budaya,Aceh,Aceh Tenggara,3.118111,98.475278,,https://upload.wikimedia.org/wikipedia/commons/thumb/0/03/Museum_Karo_Lingga.jpg/960px-Museum_Karo_Lingga.jpg?utm_source=id.wikipedia.org&utm_campaign=api&utm_content=thumbnail|https://commons.wikimedia.org/wiki/Special:FilePath/Museum%20Karo%20Lingga.jpg?width=800
Museum Uang Sumatra,budaya,Sumatera Utara,Kota Medan,3.5819,98.68236,,https://commons.wikimedia.org/wiki/Special:FilePath/Museum%20Uang%20Sumatera.jpg?width=800
Museum Balla Lompoa,budaya,Sulawesi Selatan,Kota Makassar,-5.206618,119.452776,,https://upload.wikimedia.org/wikipedia/commons/thumb/a/a7/MuseumBallaLompoa.JPG/960px-MuseumBallaLompoa.JPG?utm_source=id.wikipedia.org&utm_campaign=api&utm_content=thumbnail|https://commons.wikimedia.org/wiki/Special:FilePath/MuseumBallaLompoa.JPG?width=800
Museum Blambangan,budaya,Jawa Timur,Banyuwangi,-8.22089,114.36816,,
Museum Buntu Kalando,budaya,Sulawesi Tengah,Poso,-3.085598,119.912733,,https://upload.wikimedia.org/wikipedia/commons/thumb/e/e9/Museum_Buntu_Kalando_03.jpg/960px-Museum_Buntu_Kalando_03.jpg?utm_source=id.wikipedia.org&utm_campaign=api&utm_content=thumbnail|https://commons.wikimedia.org/wiki/Special:FilePath/Museum%20Buntu%20Kalando%2003.jpg?width=800
Museum Gereja Batak Karo Protestan,budaya,Sumatera Utara,Karo,3.281133,98.554692,,https://upload.wikimedia.org/wikipedia/commons/thumb/3/30/Museum_GBKP_atau_Gereja_Batak_Karo_Protestan.jpg/960px-Museum_GBKP_atau_Gereja_Batak_Karo_Protestan.jpg?utm_source=id.wikipedia.org&utm_campaign=api&utm_content=thumbnail|https://commons.wikimedia.org/wiki/Special:FilePath/Museum%20Batak%20Karo%20Protestan%20tampak%20samping.jpg?width=800
Museum Istana Buton,budaya,Sulawesi Tenggara,Kota Bau-Bau,-5.45833,122.603194,,
Museum Kendil Kemilau Emas,budaya,Riau,Kampar,0.341938,100.957728,,https://upload.wikimedia.org/wikipedia/commons/thumb/f/f9/Rumah_Lontiak_Kandil_Kemilau_Emas_%285%29.jpg/960px-Rumah_Lontiak_Kandil_Kemilau_Emas_%285%29.jpg?utm_source=id.wikipedia.org&utm_campaign=api&utm_content=thumbnail|https://commons.wikimedia.org/wiki/Special:FilePath/Rumah%20Lontiak%20Kandil%20Kemilau%20Emas%20%285%29.jpg?width=800
Museum Kota Makassar,budaya,Sulawesi Selatan,Kota Makassar,-5.13462,119.40854,,https://upload.wikimedia.org/wikipedia/commons/thumb/8/88/Museum_Kota_Makassar.jpg/960px-Museum_Kota_Makassar.jpg?utm_source=id.wikipedia.org&utm_campaign=api&utm_content=thumbnail|https://commons.wikimedia.org/wiki/Special:FilePath/Museum%20Kota%20Makassar.jpg?width=800
Museum Linggam Cahaya,budaya,Kepulauan Riau,Kota Tanjungpinang,-0.21614,104.60086,,
Museum Loka Budaya Universitas Cendrawasih,budaya,Papua,Jayapura,-2.61064,140.66043,,
Museum Mandar,budaya,Sulawesi Tengah,Poso,-3.54407,118.96332,,
Museum Negeri Provinsi Papua,budaya,Papua,Jayapura,-2.595003,140.63087,,
Museum Nyamuk,budaya,Jawa Barat,Pangandaran,-7.673768,108.6802,,
Museum Oei Hong Djien,budaya,Jawa Tengah,Kota Magelang,-7.481322,110.219376,,
Museum Perundingan Linggajati,budaya,Jawa Barat,Kota Cirebon,-6.881254,108.474791,,https://upload.wikimedia.org/wikipedia/commons/thumb/b/b5/Gedung_Perundingan_Linggarjati%2C_Kuningan001.JPG/960px-Gedung_Perundingan_Linggarjati%2C_Kuningan001.JPG?utm_source=id.wikipedia.org&utm_campaign=api&utm_content=thumbnail|https://commons.wikimedia.org/wiki/Special:FilePath/Gedung%20Perundingan%20Linggarjati%2C%20Kuningan001.JPG?width=800
Museum Pusat Informasi Majapahit,budaya,Jawa Timur,Batu,-7.559764,112.381,,https://upload.wikimedia.org/wikipedia/commons/f/f3/Airlangga.jpg?utm_source=id.wikipedia.org&utm_campaign=api&utm_content=thumbnail_unscaled
Museum Seni Lukis Klasik Bali,budaya,Bali,Bangli,-8.552214,115.386776,,
Museum Sepuluh Nopember,budaya,Jawa Timur,Kota Surabaya,-7.24523,112.73816,,
Museum Simalungun,budaya,Sumatera Utara,Kota Pematangsiantar,2.954288,99.061083,,https://upload.wikimedia.org/wikipedia/commons/9/9c/COLLECTIE_TROPENMUSEUM_Het_Simaloengoen_Museum_in_Pematangsiantar_TMnr_60024757.jpg?utm_source=id.wikipedia.org&utm_campaign=api&utm_content=thumbnail_unscaled|https://commons.wikimedia.org/wiki/Special:FilePath/Rumah%20bolon%20simalungun.jpg?width=800
Museum Simettengpola Saoraja Mallangga,budaya,Sulawesi Selatan,Soppeng,-4.136767,120.033212,,https://commons.wikimedia.org/wiki/Special:FilePath/Museum%20Simettengpola%20Saoraja%20Mallangga%2001.jpg?width=800
Museum Sultan Syarif Kasim,budaya,Riau,Bengkalis,1.47667,102.103246,,
Museum Siginjei Jambi,budaya,Jambi,Kota Jambi,-1.607658,103.590401,,https://upload.wikimedia.org/wikipedia/commons/d/dd/Museum_Siginjei.png?utm_source=id.wikipedia.org&utm_campaign=api&utm_content=thumbnail_unscaled
Museum Perjuangan TNI 45,budaya,Sumatera Utara,Kota Medan,3.583917,98.674139,,
Museum Sultan Sulaiman Badrul Alamsyah,budaya,Kepulauan Riau,Kota Tanjungpinang,0.929544,104.443976,,https://upload.wikimedia.org/wikipedia/commons/8/8e/Museumtanjungpinang.jpg?utm_source=id.wikipedia.org&utm_campaign=api&utm_content=thumbnail_unscaled|https://commons.wikimedia.org/wiki/Special:FilePath/Museumtanjungpinang.jpg?width=800
Museum Daerah Kabupaten Langkat,budaya,Aceh,Aceh Tenggara,3.892806,98.425556,,
Museum Sri Serindit,budaya,Kepulauan Riau,Natuna,3.94892,108.36916,,
"Museum Balai Budaya Batak ""Arjuna""",budaya,Sumatera Utara,Toba,2.381223,99.152274,,
Museum Niat Lima Laras,budaya,Sumatera Utara,Batu Bara,3.20405,99.601275,,
Museum Tebing Tinggi,budaya,Sumatera Utara,Kota Pematangsiantar,3.328694,99.162944,,https://upload.wikimedia.org/wikipedia/commons/thumb/e/ee/Museum_Tebing_Tinggi.jpg/960px-Museum_Tebing_Tinggi.jpg?utm_source=id.wikipedia.org&utm_campaign=api&utm_content=thumbnail|https://commons.wikimedia.org/wiki/Special:FilePath/Plang%20nama%20Museum%20Kota%20Tebing%20Tinggi.jpg?width=800
Museum Rumah Bolon Adat Pematang Purba,budaya,Sumatera Utara,Karo,2.916286,98.715438,,https://upload.wikimedia.org/wikipedia/commons/thumb/3/3e/Rumah_Bolon_at_Pematang_Purba.jpg/960px-Rumah_Bolon_at_Pematang_Purba.jpg?utm_source=id.wikipedia.org&utm_campaign=api&utm_content=thumbnail|https://commons.wikimedia.org/wiki/Special:FilePath/Rumah%20Bolon%20at%20Pematang%20Purba.jpg?width=800
Museum Tosan Aji,budaya,Jawa Tengah,Kota Magelang,-7.71086,110.01,,https://upload.wikimedia.org/wikipedia/commons/thumb/c/cf/Inbound5362715310648609663.jpg/960px-Inbound5362715310648609663.jpg?utm_source=id.wikipedia.org&utm_campaign=api&utm_content=thumbnail|https://commons.wikimedia.org/wiki/Special:FilePath/Inbound5362715310648609663.jpg?width=800
Museum Bikon Blewut,budaya,Nusa Tenggara Timur,Sikka,-8.666281,122.184356,,https://upload.wikimedia.org/wikipedia/commons/e/e9/Museum_Bikon_Blewut.jpg?utm_source=id.wikipedia.org&utm_campaign=api&utm_content=thumbnail_unscaled|https://commons.wikimedia.org/wiki/Special:FilePath/Museum%20Bikon%20Blewut.jpg?width=800
Museum & Gallery Satwa Liar Dunia,budaya,Sumatera Utara,Kota Pematangsiantar,2.953686,99.06111,,
Museum Menara Gentala Arasy,budaya,Jambi,Kota Jambi,-1.58425,103.61409,,https://upload.wikimedia.org/wikipedia/commons/1/14/Gntl_Arsy.jpg?utm_source=id.wikipedia.org&utm_campaign=api&utm_content=thumbnail_unscaled|https://commons.wikimedia.org/wiki/Special:FilePath/Gntl%20Arsy.jpg?width=800
Museum Prabu Siliwangi,budaya,Jawa Barat,Cianjur,-6.90639,106.91332,,
Museum Pusaka Karo,budaya,Aceh,Aceh Tenggara,3.19492,98.50822,,https://upload.wikimedia.org/wikipedia/commons/thumb/b/bf/Museum_Pusaka_Karo_%28Berastagi%29.jpg/960px-Museum_Pusaka_Karo_%28Berastagi%29.jpg?utm_source=id.wikipedia.org&utm_campaign=api&utm_content=thumbnail|https://commons.wikimedia.org/wiki/Special:FilePath/Museum%20Pusaka%20Karo%20%28Berastagi%29.jpg?width=800
Museum Pendidikan Indonesia,budaya,Jawa Tengah,Boyolali,-7.774465,110.385176,,https://upload.wikimedia.org/wikipedia/commons/thumb/4/4a/Museum_Pendidikan_Indonesia.jpg/960px-Museum_Pendidikan_Indonesia.jpg?utm_source=id.wikipedia.org&utm_campaign=api&utm_content=thumbnail|https://commons.wikimedia.org/wiki/Special:FilePath/Museum%20Pendidikan%20Indonesia.jpg?width=800
Museum Popa Eyato,budaya,Sulawesi Utara,Kota Kotamobagu,0.536328,123.078671,,https://upload.wikimedia.org/wikipedia/commons/thumb/1/1f/Museum_Provinsi_Gorontalo.jpg/960px-Museum_Provinsi_Gorontalo.jpg?utm_source=id.wikipedia.org&utm_campaign=api&utm_content=thumbnail|https://commons.wikimedia.org/wiki/Special:FilePath/Museum%20Provinsi%20Gorontalo.jpg?width=800
Museum Cakraningrat,budaya,Jawa Timur,Kota Surabaya,-7.04811,112.73545,,
Museum Dr. A. K. Gani,budaya,Jambi,Kota Jambi,-2.92958,104.76989,,
Museum Memorial Kedaton Sultan Ternate,budaya,Sulawesi Utara,Kota Bitung,0.80054,127.38405,,https://commons.wikimedia.org/wiki/Special:FilePath/COLLECTIE%20TROPENMUSEUM%20Het%20Museum%20Kedaton%20voormalige%20paleis%20van%20de%20sultan%20van%20Ternate%20TMnr%2010016840.jpg?width=800
Museum Penataran,budaya,Jawa Timur,Kota Kediri,-8.01258,112.20893,,https://upload.wikimedia.org/wikipedia/commons/9/9d/Museum_Penataran_Blitar.jpg?utm_source=id.wikipedia.org&utm_campaign=api&utm_content=thumbnail_unscaled|https://commons.wikimedia.org/wiki/Special:FilePath/Museum%20Penataran%20Blitar.jpg?width=800
Museum Prof. Dr. R. Soegarda Poerbakawatja,budaya,Jawa Tengah,Banjarnegara,-7.38838,109.36302,,
Museum Sunan Giri,budaya,Jawa Timur,Kota Surabaya,-7.167986,112.626022,,
Museum Tanjungpandan,budaya,Kepulauan Bangka Belitung,Belitung,-2.74003,107.628365,,
Museum Batiwakkal,budaya,Kalimantan Timur,Berau,2.16013,117.492,,https://upload.wikimedia.org/wikipedia/commons/thumb/d/d9/Museum_Batiwakkal.jpg/960px-Museum_Batiwakkal.jpg?utm_source=id.wikipedia.org&utm_campaign=api&utm_content=thumbnail|https://commons.wikimedia.org/wiki/Special:FilePath/Museum%20Batiwakkal.jpg?width=800
Museum Siraja,budaya,Kalimantan Timur,Berau,2.157361,117.423414,,
Museum Teknoform,budaya,Jawa Timur,Kota Surabaya,-7.31163,112.7824,,
Museum Padepokan Sumber Karahayon,budaya,Jawa Tengah,Boyolali,-7.859592,110.408933,,https://upload.wikimedia.org/wikipedia/commons/f/f6/Museum_Padepokan_Sumber_Karahayon_%281%29.jpg?utm_source=id.wikipedia.org&utm_campaign=api&utm_content=thumbnail_unscaled|https://commons.wikimedia.org/wiki/Special:FilePath/Koleksi%20Museum%20Padepokan%20Sumber%20Karahayon%20%281%29.jpg?width=800
Museum Batara Guru,budaya,Sulawesi Tengah,Poso,-2.97733,120.196023,,https://upload.wikimedia.org/wikipedia/commons/thumb/c/c3/Museum_Batara_Guru_01.jpg/960px-Museum_Batara_Guru_01.jpg?utm_source=id.wikipedia.org&utm_campaign=api&utm_content=thumbnail|https://commons.wikimedia.org/wiki/Special:FilePath/Museum%20Batara%20Guru%2001.jpg?width=800
Museum Bumiputera 1912,budaya,Jawa Tengah,Kota Magelang,-7.471996,110.21788,,
Museum Geoteknologi Mineral UPN Veteran,budaya,Jawa Tengah,Boyolali,-7.78149,110.41457,,
Museum Gumuk Pasir,budaya,Jawa Tengah,Kota Magelang,-8.009245,110.302156,,
Museum H. Widayat,budaya,Jawa Tengah,Kota Magelang,-7.59996,110.22307,,
Museum Negeri Gayo,budaya,Aceh,Aceh Tengah,4.62745,96.84797,,
Museum Rumah Sakit Mata Dr. Yap,budaya,Jawa Tengah,Boyolali,-7.780715,110.375047,,https://upload.wikimedia.org/wikipedia/commons/thumb/5/54/Dr_Yap_Eye_Clinic_Yogyakarta%2C_Kota_Jogjakarta_200_Tahun%2C_plate_after_page_96.jpg/960px-Dr_Yap_Eye_Clinic_Yogyakarta%2C_Kota_Jogjakarta_200_Tahun%2C_plate_after_page_96.jpg?utm_source=id.wikipedia.org&utm_campaign=api&utm_content=thumbnail|https://commons.wikimedia.org/wiki/Special:FilePath/Museum%20Rumah%20Sakit%20Mata%20Dr.%20Yap%201.jpg?width=800
Museum Pedir,budaya,Aceh,Pidie Jaya,5.258267,96.071633,,https://upload.wikimedia.org/wikipedia/commons/thumb/0/00/Pedir_Museum.jpg/960px-Pedir_Museum.jpg?utm_source=id.wikipedia.org&utm_campaign=api&utm_content=thumbnail|https://commons.wikimedia.org/wiki/Special:FilePath/Pedir%20Museum.jpg?width=800
Monumen Pancasila Sakti,budaya,DKI Jakarta,Jakarta Timur,-6.29027,106.90816,,https://upload.wikimedia.org/wikipedia/commons/thumb/c/c5/Monumen_Pancasila_Sakti.jpg/960px-Monumen_Pancasila_Sakti.jpg?utm_source=id.wikipedia.org&utm_campaign=api&utm_content=thumbnail|https://commons.wikimedia.org/wiki/Special:FilePath/Monumen%20Pancasila%20Sakti.jpg?width=800
Museum Daerah Kabupaten Maros,budaya,Sulawesi Selatan,Kota Makassar,-5.00613,119.57469,,https://upload.wikimedia.org/wikipedia/commons/7/7f/Region_Museum_in_Maros.jpg?utm_source=id.wikipedia.org&utm_campaign=api&utm_content=thumbnail_unscaled|https://commons.wikimedia.org/wiki/Special:FilePath/Museum%20Daerah%20Kabupaten%20Maros%2004.jpg?width=800
History of Sundaland Museum,budaya,Jawa Barat,Karawang,-6.326778,107.294556,,https://upload.wikimedia.org/wikipedia/commons/thumb/1/17/Kunjungan_Atalia_Ridwan_Kamil_di_Museum_History_of_Sundaland.jpg/960px-Kunjungan_Atalia_Ridwan_Kamil_di_Museum_History_of_Sundaland.jpg?utm_source=id.wikipedia.org&utm_campaign=api&utm_content=thumbnail|https://commons.wikimedia.org/wiki/Special:FilePath/Kunjungan%20Atalia%20Ridwan%20Kamil%20di%20Museum%20History%20of%20Sundaland.jpg?width=800
Museum Harry Darsono,budaya,DKI Jakarta,Jakarta Selatan,-6.287929,106.801943,,
Museum Geopark Batur,budaya,Bali,Bangli,-8.283485,115.365061,,https://upload.wikimedia.org/wikipedia/commons/thumb/f/f2/Museum_Geopark_Batur_01.jpg/960px-Museum_Geopark_Batur_01.jpg?utm_source=id.wikipedia.org&utm_campaign=api&utm_content=thumbnail|https://commons.wikimedia.org/wiki/Special:FilePath/Museum%20Geopark%20Batur%2001.jpg?width=800
Museum Bahari Bintan,budaya,Kepulauan Riau,Bintan,1.02435,104.65294,,https://upload.wikimedia.org/wikipedia/commons/thumb/3/3b/Museum_Bahari_Bintan_14.jpg/960px-Museum_Bahari_Bintan_14.jpg?utm_source=id.wikipedia.org&utm_campaign=api&utm_content=thumbnail|https://commons.wikimedia.org/wiki/Special:FilePath/Museum%20Bahari%20Bintan%20%28Tampak%20kanan%29.jpg?width=800
Museum Budaya dan Sejarah Siak Balai Rung Sri,budaya,Riau,Kota Pekanbaru,0.79675,102.04496,,https://upload.wikimedia.org/wikipedia/commons/thumb/7/77/Pameran-temporer-di-museum-balairun.jpg/960px-Pameran-temporer-di-museum-balairun.jpg?utm_source=id.wikipedia.org&utm_campaign=api&utm_content=thumbnail
Museum Buleleng,budaya,Bali,Buleleng,-8.124767,115.097582,,
Museum Kayu Wanagama,budaya,Jawa Tengah,Boyolali,-7.893206,110.547454,,
Museum Kekhatuan Semaka,budaya,Lampung,Tanggamus,-5.384492,104.465339,,
Museum Multatuli,budaya,Banten,Pandeglang,-6.360637,106.247224,,https://upload.wikimedia.org/wikipedia/commons/0/0c/Museum_multatuli_rangkasbitung_lebak.jpg?utm_source=id.wikipedia.org&utm_campaign=api&utm_content=thumbnail_unscaled|https://commons.wikimedia.org/wiki/Special:FilePath/Museum%20multatuli%20rangkasbitung%20lebak.jpg?width=800
Museum Ne' Gandeng,budaya,Sulawesi Tengah,Poso,-2.928736,119.949006,,https://commons.wikimedia.org/wiki/Special:FilePath/Museum%20Ne%60Gandeng%20Toraja%2001.jpg?width=800
Museum Negeri Provinsi Banten,budaya,Banten,Kota Serang,-6.115705,106.15036,,https://upload.wikimedia.org/wikipedia/commons/thumb/9/9e/Museum_Negeri_Banten_2025-07-15.jpg/960px-Museum_Negeri_Banten_2025-07-15.jpg?utm_source=id.wikipedia.org&utm_campaign=api&utm_content=thumbnail|https://commons.wikimedia.org/wiki/Special:FilePath/Museum%20Negeri%20Banten%202025-07-15.jpg?width=800
Museum Timah Indonesia,budaya,Sumatera Selatan,Banyuasin,-2.1183,106.10948,,https://upload.wikimedia.org/wikipedia/commons/thumb/7/77/Museum_Timah_Indonesia_Muntok.jpg/960px-Museum_Timah_Indonesia_Muntok.jpg?utm_source=id.wikipedia.org&utm_campaign=api&utm_content=thumbnail
Rumah Budaya Sumba,budaya,Nusa Tenggara Barat,Kota Bima,-9.433109,119.214774,,https://upload.wikimedia.org/wikipedia/commons/thumb/6/6e/Sumba%2C_its_traditional_house%2C_and_its_people.jpg/960px-Sumba%2C_its_traditional_house%2C_and_its_people.jpg?utm_source=id.wikipedia.org&utm_campaign=api&utm_content=thumbnail|https://commons.wikimedia.org/wiki/Special:FilePath/Sumba%2C%20its%20traditional%20house%2C%20and%20its%20people.jpg?width=800
Museum Koleksi dan Galeri Raz,budaya,Sumatera Utara,Kota Medan,3.56811,98.64381,,https://upload.wikimedia.org/wikipedia/commons/thumb/7/7d/RAZ_Museum_%26_Gallery_34.jpg/960px-RAZ_Museum_%26_Gallery_34.jpg?utm_source=id.wikipedia.org&utm_campaign=api&utm_content=thumbnail
Museum Kota Langsa,budaya,Aceh,Gayo Lues,4.471233,97.967583,,https://upload.wikimedia.org/wikipedia/commons/thumb/f/f6/Langsa_Bale_Juang.jpg/960px-Langsa_Bale_Juang.jpg?utm_source=id.wikipedia.org&utm_campaign=api&utm_content=thumbnail|https://commons.wikimedia.org/wiki/Special:FilePath/Langsa%20Bale%20Juang.jpg?width=800
Museum Kota Lhokseumawe,budaya,Aceh,Kota Lhokseumawe,5.180545,97.140542,,
Museum Pahlawan Nasional Jamin Gintings,budaya,Aceh,Aceh Tenggara,3.06115,98.5206,,https://upload.wikimedia.org/wikipedia/commons/thumb/b/bb/Museum_Pahlawan_Nasional_Jamin_Ginting.jpg/960px-Museum_Pahlawan_Nasional_Jamin_Ginting.jpg?utm_source=id.wikipedia.org&utm_campaign=api&utm_content=thumbnail|https://commons.wikimedia.org/wiki/Special:FilePath/Museum%20Pahlawan%20Nasional%20Jamin%20Ginting.jpg?width=800
Museum Karst dan Budaya,budaya,Sulawesi Selatan,Kota Makassar,-4.835848,119.546679,,https://upload.wikimedia.org/wikipedia/commons/thumb/b/bc/Museum_Karst_dan_Budaya_01.jpg/960px-Museum_Karst_dan_Budaya_01.jpg?utm_source=id.wikipedia.org&utm_campaign=api&utm_content=thumbnail|https://commons.wikimedia.org/wiki/Special:FilePath/Museum%20Karst%20dan%20Budaya%2001.jpg?width=800
Museum Pulau Onrust,budaya,DKI Jakarta,Jakarta Utara,-6.033491,106.735144,,
Museum La Pawawoi,budaya,Sulawesi Selatan,Soppeng,-4.537392,120.328919,,https://upload.wikimedia.org/wikipedia/commons/thumb/e/ea/Museum_La_Pawawoi_07.jpg/960px-Museum_La_Pawawoi_07.jpg?utm_source=id.wikipedia.org&utm_campaign=api&utm_content=thumbnail|https://commons.wikimedia.org/wiki/Special:FilePath/Museum%20La%20Pawawoi%2007.jpg?width=800
Museum Sonyine Malige,budaya,Sulawesi Utara,Kota Bitung,0.650121,127.443615,,https://upload.wikimedia.org/wikipedia/commons/f/fe/Museum_Sonyine_Malige_01.jpg?utm_source=id.wikipedia.org&utm_campaign=api&utm_content=thumbnail_unscaled|https://commons.wikimedia.org/wiki/Special:FilePath/Museum%20Sonyine%20Malige%2001.jpg?width=800
Bayt AI-Qur'an dan Museum lstiqlal,budaya,DKI Jakarta,Jakarta Timur,-6.302822,106.887863,,
Museum Barli,budaya,Jawa Barat,Kota Bandung,-6.878004,107.587589,,https://upload.wikimedia.org/wikipedia/commons/7/70/Tampak_Samping_Museum_Barli_2023-03-18.jpg?utm_source=id.wikipedia.org&utm_campaign=api&utm_content=thumbnail_unscaled|https://commons.wikimedia.org/wiki/Special:FilePath/Tampak%20Depan%20Museum%20Barli%202023-03-18.jpg?width=800
Museum Monumen Perjuangan Rakyat Sumatera Bagian Selatan,budaya,Jambi,Kota Jambi,-2.98983,104.76072,,
Museum Pengkhianatan PKI,budaya,DKI Jakarta,Jakarta Timur,-6.291062,106.907314,,https://upload.wikimedia.org/wikipedia/commons/thumb/1/1a/Museum_Pengkhianatan_PKI.jpg/960px-Museum_Pengkhianatan_PKI.jpg?utm_source=id.wikipedia.org&utm_campaign=api&utm_content=thumbnail
Museum Perjuangan Rakyat Jambi,budaya,Jambi,Kota Jambi,-1.59632,103.60688,,https://upload.wikimedia.org/wikipedia/commons/thumb/a/aa/Museum_Perjuangan_Rakyat_Jambi.jpg/960px-Museum_Perjuangan_Rakyat_Jambi.jpg?utm_source=id.wikipedia.org&utm_campaign=api&utm_content=thumbnail|https://commons.wikimedia.org/wiki/Special:FilePath/Museum%20Perjuangan%20Rakyat%20Jambi.jpg?width=800
Museum Taman Tino Sidin,budaya,DI Yogyakarta,Bantul,-7.79931,110.34497,,
Museum Daerah Kabupaten Subang,budaya,Jawa Barat,Sumedang,-6.568122,107.756209,,
Museum 1000 Moko,budaya,Nusa Tenggara Timur,Timor Tengah Utara,-8.216341,124.526054,,
Museum Landorundun,budaya,Sulawesi Tengah,Poso,-2.959444,119.915833,,
Museum Manusia Purba Gilimanuk,budaya,Jawa Timur,Banyuwangi,-8.16745,114.44061,,
Museum UNS Jawa Tengah,budaya,Jawa Tengah,Kota Surakarta,-7.55886,110.85648,,
Museum Wiswakarma,budaya,Bali,Gianyar,-8.6101,115.24866,,
Museum Glagah Wangi,budaya,Jawa Tengah,Kota Semarang,-6.89409,110.63855,,
Museum Panti Pangrekso Kagungan Dalem Syeh Djangkung Panembahan Landoh,budaya,Jawa Tengah,Jepara,-6.89949,110.98006,,
Museum Vulkanologi,budaya,Jawa Tengah,Kota Magelang,-7.59996,110.22307,,
Museum Situs Patiayam,budaya,Jawa Tengah,Jepara,-6.79356,110.93859,,
Museum Panglima Besar Jenderal Soedirman Purwokerto,budaya,Jawa Tengah,Cilacap,-7.41979,109.19614,,
Museum Batam Raja Ali Haji,budaya,Kepulauan Riau,Kota Batam,1.129777,104.053706,,https://upload.wikimedia.org/wikipedia/commons/thumb/4/47/Museum_raja_ali_haji_1.jpg/960px-Museum_raja_ali_haji_1.jpg?utm_source=id.wikipedia.org&utm_campaign=api&utm_content=thumbnail
Museum Lokal Kabupaten Grobogan,budaya,Jawa Tengah,Kota Surakarta,-7.09115,110.91726,,
Museum Rahmah El Yunusiyah,budaya,Sumatera Barat,Kota Bukittinggi,-0.461187,100.398318,,https://upload.wikimedia.org/wikipedia/commons/thumb/a/a1/Museum_Rahmah_El_Yunusiyah_oleh_Denas.jpg/960px-Museum_Rahmah_El_Yunusiyah_oleh_Denas.jpg?utm_source=id.wikipedia.org&utm_campaign=api&utm_content=thumbnail|https://commons.wikimedia.org/wiki/Special:FilePath/Museum%20Rahmah%20El%20Yunusiyah%20oleh%20Denas.jpg?width=800
Museum BPK RI,budaya,Jawa Tengah,Kota Magelang,-7.47429,110.21413,,https://upload.wikimedia.org/wikipedia/commons/thumb/c/c2/Museum_Badan_Pemeriksa_Keuangan_RI.jpg/960px-Museum_Badan_Pemeriksa_Keuangan_RI.jpg?utm_source=id.wikipedia.org&utm_campaign=api&utm_content=thumbnail
Museum Dewan Perwakilan Rakyat Republik Indonesia,budaya,DKI Jakarta,Jakarta Selatan,-6.210203,106.799774,,https://commons.wikimedia.org/wiki/Special:FilePath/MuseumDPRRI.jpg?width=800
Museum Anatomi FKIK Universitas Katolik Indonesia Atma Jaya,budaya,DKI Jakarta,Jakarta Utara,-6.125168,106.793358,,
"Museum Kehutanan ""Ir. Djamaludin Suryohadikusumo""",budaya,DKI Jakarta,Jakarta Pusat,-6.206896,106.798519,,
Museum Gedung Sate,budaya,Jawa Barat,Kota Bandung,-6.902226,107.619229,,https://upload.wikimedia.org/wikipedia/commons/thumb/4/41/Museum_Gedung_Sate.jpg/960px-Museum_Gedung_Sate.jpg?utm_source=id.wikipedia.org&utm_campaign=api&utm_content=thumbnail|https://commons.wikimedia.org/wiki/Special:FilePath/Museum%20Gedung%20Sate.jpg?width=800
Museum Perbendaharaan,budaya,Jawa Barat,Kota Bandung,-6.901274,107.616751,,https://upload.wikimedia.org/wikipedia/commons/thumb/5/52/Tampak_Depan_Museum_Perbendaharaan_2023-03-18.jpg/960px-Tampak_Depan_Museum_Perbendaharaan_2023-03-18.jpg?utm_source=id.wikipedia.org&utm_campaign=api&utm_content=thumbnail|https://commons.wikimedia.org/wiki/Special:FilePath/Tampak%20Depan%20Museum%20Perbendaharaan%202023-03-18.jpg?width=800
Museum Zoologi Frater Vianney,budaya,Jawa Timur,Kota Malang,-7.95864,112.59638,,
Museum Sriwijaya,budaya,Jambi,Kota Jambi,-2.99026,104.7611,,https://upload.wikimedia.org/wikipedia/commons/thumb/c/c8/Taman_Purbakala_Kerajaan_Sriwijaya_-_Museum_Sriwijaya.jpg/960px-Taman_Purbakala_Kerajaan_Sriwijaya_-_Museum_Sriwijaya.jpg?utm_source=id.wikipedia.org&utm_campaign=api&utm_content=thumbnail|https://commons.wikimedia.org/wiki/Special:FilePath/Taman%20Purbakala%20Kerajaan%20Sriwijaya%20-%20Museum%20Sriwijaya.jpg?width=800
Museum Pong Tiku,budaya,Sulawesi Tengah,Poso,-2.970019,119.897735,,https://upload.wikimedia.org/wikipedia/commons/thumb/9/9c/Museum_Pong_Tiku_Toraja_Utara_31.jpg/960px-Museum_Pong_Tiku_Toraja_Utara_31.jpg?utm_source=id.wikipedia.org&utm_campaign=api&utm_content=thumbnail|https://commons.wikimedia.org/wiki/Special:FilePath/Museum%20Pong%20Tiku%20Toraja%20Utara%2033.jpg?width=800
Museum Keraton Sumenep,budaya,Jawa Timur,Sumenep,-7.00828,113.86235,,https://upload.wikimedia.org/wikipedia/commons/thumb/0/06/Musium_sumenep_-_panoramio.jpg/960px-Musium_sumenep_-_panoramio.jpg?utm_source=id.wikipedia.org&utm_campaign=api&utm_content=thumbnail|https://commons.wikimedia.org/wiki/Special:FilePath/Musium%20sumenep%20-%20panoramio.jpg?width=800
Museum Trinil,budaya,Jawa Tengah,Kota Surakarta,-7.37434,111.35758,,https://upload.wikimedia.org/wikipedia/commons/4/43/Museum_trinil.jpg?utm_source=id.wikipedia.org&utm_campaign=api&utm_content=thumbnail_unscaled|https://commons.wikimedia.org/wiki/Special:FilePath/Patung%20Gajah%20di%20Museum%20Trinil%2C%20Ngawi.jpg?width=800
Museum Airlangga,budaya,Jawa Timur,Kediri,-7.80725,111.97389,,https://upload.wikimedia.org/wikipedia/commons/a/ad/Museum_airlangga_01.png?utm_source=id.wikipedia.org&utm_campaign=api&utm_content=thumbnail_unscaled
Museum Mandala Pembebasan Irian Barat,budaya,Sulawesi Selatan,Kota Makassar,-5.137461,119.413614,,https://commons.wikimedia.org/wiki/Special:FilePath/Bagian%20Depan%20Bawah%20Monumen%20Mandala.jpg?width=800
Museum Mpu Purwa,budaya,Jawa Timur,Kota Malang,-7.94019,112.62078,,https://upload.wikimedia.org/wikipedia/commons/thumb/3/30/Museum_Mpu_Purwa.jpg/960px-Museum_Mpu_Purwa.jpg?utm_source=id.wikipedia.org&utm_campaign=api&utm_content=thumbnail|https://commons.wikimedia.org/wiki/Special:FilePath/Museum%20Mpu%20Purwa.jpg?width=800
Museum Gubug Wayang Mojokerto,budaya,Jawa Timur,Kota Surabaya,-7.46545,112.43018,,
Museum Daerah Kabupaten Sumbawa,budaya,Nusa Tenggara Barat,Sumbawa,-8.498717,117.423875,,https://upload.wikimedia.org/wikipedia/commons/2/22/Museum_Daerah_Kabupaten_Sumbawa_01.jpg?utm_source=id.wikipedia.org&utm_campaign=api&utm_content=thumbnail_unscaled
Museum Samparaja,budaya,Nusa Tenggara Barat,Kota Bima,-8.455457,118.740217,,
Museum Badau,budaya,Kepulauan Bangka Belitung,Belitung,-2.81712,107.78293,,
Museum Kata Andrea Hirata,budaya,Kepulauan Bangka Belitung,Belitung Timur,-2.9674,108.1641,,https://upload.wikimedia.org/wikipedia/commons/thumb/c/cd/Museum_Kata_Andrea_Hirata.jpg/960px-Museum_Kata_Andrea_Hirata.jpg?utm_source=id.wikipedia.org&utm_campaign=api&utm_content=thumbnail|https://commons.wikimedia.org/wiki/Special:FilePath/Museum%20Kata%20Andrea%20Hirata.jpg?width=800
Museum Amerta Dirgantara Mandala Lanud Suryadarma,budaya,Jawa Barat,Kota Bandung,-6.53531,107.666347,,
Museum Tanah dan Pertanian,budaya,Banten,Kota Tangerang Selatan,-6.603208,106.798192,,https://upload.wikimedia.org/wikipedia/commons/thumb/d/d6/Tampak_Depan_Museum_Tanah_dan_Pertanian_Bogor_%282026%29_01.jpg/960px-Tampak_Depan_Museum_Tanah_dan_Pertanian_Bogor_%282026%29_01.jpg?utm_source=id.wikipedia.org&utm_campaign=api&utm_content=thumbnail|https://commons.wikimedia.org/wiki/Special:FilePath/Museum%20Tanah%20dan%20Pertanian.jpg?width=800
Museum Kepresidenan Republik Indonesia Balai Kirti,budaya,Banten,Kota Tangerang Selatan,-6.598232,106.794305,,https://upload.wikimedia.org/wikipedia/commons/f/ff/Museum_kepresidenan_ri_balai_kirti.png?utm_source=id.wikipedia.org&utm_campaign=api&utm_content=thumbnail_unscaled|https://commons.wikimedia.org/wiki/Special:FilePath/Museum%20Kepredisenan%20RI%20Balai%20Kirti.jpg?width=800
Museum Nasional Sejarah Alam Indonesia,budaya,Banten,Kota Tangerang Selatan,-6.598865,106.793942,,https://upload.wikimedia.org/wikipedia/commons/thumb/e/e0/Museum_Nasional_Sejarah_Alam_Indonesia_%282026%29.jpg/960px-Museum_Nasional_Sejarah_Alam_Indonesia_%282026%29.jpg?utm_source=id.wikipedia.org&utm_campaign=api&utm_content=thumbnail|https://commons.wikimedia.org/wiki/Special:FilePath/Museum%20Nasional%20Sejarah%20Alam%20Indonesia.jpg?width=800
Museum PDAM Intan Banjar,budaya,Kalimantan Tengah,Kota Palangka Raya,-3.4307,114.83976,,
Museum Usman Janatin,budaya,Jawa Tengah,Banjarnegara,-7.402616,109.394652,,
Museum Samanhoedi,budaya,Jawa Tengah,Kota Surakarta,-7.55934,110.796661,,
Museum Bentoel,budaya,Jawa Timur,Kota Malang,-7.986778,112.632056,,
Museum Dullah,budaya,Jawa Tengah,Kota Surakarta,-7.564218,110.810768,,
Museum Dr. Soetomo,budaya,Jawa Timur,Kota Surabaya,-7.250638,112.735497,,https://upload.wikimedia.org/wikipedia/commons/thumb/d/d6/Ruangan_di_Museum_Dr._Soetomo.jpg/960px-Ruangan_di_Museum_Dr._Soetomo.jpg?utm_source=id.wikipedia.org&utm_campaign=api&utm_content=thumbnail
Museum Kesehatan dan Kedokteran Indonesia,budaya,DKI Jakarta,Jakarta Pusat,-6.19497,106.84903,,
Museum Kodam VI/MLW,budaya,Kalimantan Timur,Kota Balikpapan,-1.234137,116.817834,,
Museum Sejarah Kota Tarakan,budaya,Kalimantan Utara,Kota Tarakan,3.299083,117.620194,,
Museum Potehi Gudo Jombang,budaya,Jawa Timur,Kota Kediri,-7.627561,112.19108,,https://upload.wikimedia.org/wikipedia/commons/thumb/b/be/01_Wayang_Potehi_Museum_Ganesya.jpg/960px-01_Wayang_Potehi_Museum_Ganesya.jpg?utm_source=id.wikipedia.org&utm_campaign=api&utm_content=thumbnail
Museum Polrestabes Surabaya,budaya,Jawa Timur,Kota Surabaya,-7.238446,112.736649,,
Museum Misi Muntilan Pusat Animasi Misioner,budaya,Jawa Tengah,Kota Magelang,-7.581821,110.292974,,https://upload.wikimedia.org/wikipedia/commons/thumb/d/dc/Museum_Misi_Muntilan_%285%29.jpg/960px-Museum_Misi_Muntilan_%285%29.jpg?utm_source=id.wikipedia.org&utm_campaign=api&utm_content=thumbnail|https://commons.wikimedia.org/wiki/Special:FilePath/Museum%20Misi%20Muntilan%20%285%29.jpg?width=800
Museum Galuh Pakuan,budaya,Jawa Barat,Garut,-7.332767,108.347262,,
Museum Panji,budaya,Jawa Timur,Kota Malang,-8.002592,112.730071,,
Museum Jamu Hortus Medicus,budaya,Jawa Tengah,Kota Surakarta,-7.663479,111.134468,,
Museum Isdiman Palagan Ambarawa,budaya,Jawa Tengah,Kota Magelang,-7.259776,110.402897,,
Museum Naladipa,budaya,Jawa Tengah,Cilacap,-7.417395,108.948622,,
Museum Umum Daerah Mandhilaras,budaya,Jawa Timur,Pamekasan,-7.160228,113.482561,,https://upload.wikimedia.org/wikipedia/commons/thumb/b/b0/Museum_Mandhilaras_03.jpg/960px-Museum_Mandhilaras_03.jpg?utm_source=id.wikipedia.org&utm_campaign=api&utm_content=thumbnail
Museum Boemi Poeger,budaya,Jawa Timur,Kota Probolinggo,-8.270528,113.368778,,
Museum Puro Mangkunegaran,budaya,Jawa Tengah,Kota Surakarta,-7.566896,110.822975,,
Museum Gedung Pusaka Keraton Kanoman,budaya,Jawa Barat,Kota Cirebon,-6.722801,108.565924,,https://upload.wikimedia.org/wikipedia/commons/thumb/f/fd/Keraton_Kanoman_Cirebon.jpg/960px-Keraton_Kanoman_Cirebon.jpg?utm_source=id.wikipedia.org&utm_campaign=api&utm_content=thumbnail|https://commons.wikimedia.org/wiki/Special:FilePath/Keraton%20Kanoman%20Cirebon.jpg?width=800
Museum Rumah Atsiri Indonesia,budaya,Jawa Tengah,Kota Surakarta,-7.654717,111.101898,,
Rumah Topeng dan Wayang Setia Darma,budaya,Bali,Gianyar,-8.53382,115.28052,,https://upload.wikimedia.org/wikipedia/commons/thumb/c/c7/001_First_House%2C_Setia_Darma_Mask_and_Puppet_House%2C_Ubud%2C_Bali%2C_photograph_by_Anandajoti_Bhikkhu.jpg/960px-001_First_House%2C_Setia_Darma_Mask_and_Puppet_House%2C_Ubud%2C_Bali%2C_photograph_by_Anandajoti_Bhikkhu.jpg?utm_source=id.wikipedia.org&utm_campaign=api&utm_content=thumbnail|https://commons.wikimedia.org/wiki/Special:FilePath/001%20First%20House%2C%20Setia%20Darma%20Mask%20and%20Puppet%20House%2C%20Ubud%2C%20Bali%2C%20photograph%20by%20Anandajoti%20Bhikkhu.jpg?width=800
Museum Mahameru Kabupaten Blora,budaya,Jawa Tengah,Jepara,-6.974026,111.417508,,
Museum Sepeda Pramuka Keliling Dunia,budaya,Banten,Kota Serang,-6.152864,106.160383,,
Museum Situs Kepurbakalaan Banten Lama,budaya,Banten,Kota Serang,-6.036303,106.153638,,
Museum Tari dan Musik Nusantara,budaya,DKI Jakarta,Jakarta Selatan,-6.298923,106.733527,,
Museum Benda-Benda Alkitab Yerushalayim,budaya,DKI Jakarta,Jakarta Pusat,-6.140443,106.901868,,
Museum Ciputra Artpreneur,budaya,DKI Jakarta,Jakarta Selatan,-6.224013,106.823332,,https://upload.wikimedia.org/wikipedia/commons/thumb/7/76/Ciputra_Artpreneur_Museum.jpg/960px-Ciputra_Artpreneur_Museum.jpg?utm_source=id.wikipedia.org&utm_campaign=api&utm_content=thumbnail|https://commons.wikimedia.org/wiki/Special:FilePath/Ciputra%20Artpreneur%20Museum.jpg?width=800
Museum Dirgantara A. Sulaksono,budaya,Jawa Timur,Kota Malang,-7.929375,112.703981,,
Puspa IPTEK Sundial,budaya,Jawa Barat,Kota Bandung,-6.851963,107.494011,,https://upload.wikimedia.org/wikipedia/commons/thumb/0/06/Science_Center%2C_Puspa_Iptek%2C_Kota_Baru_Parahyangan_-_panoramio_%281%29.jpg/960px-Science_Center%2C_Puspa_Iptek%2C_Kota_Baru_Parahyangan_-_panoramio_%281%29.jpg?utm_source=id.wikipedia.org&utm_campaign=api&utm_content=thumbnail|https://commons.wikimedia.org/wiki/Special:FilePath/Science%20Center%2C%20Puspa%20Iptek%2C%20Kota%20Baru%20Parahyangan%20-%20panoramio%20%281%29.jpg?width=800
Pusat Informasi Geopark Nasional Merangin,budaya,Jambi,Kerinci,-2.17859,102.110928,,https://upload.wikimedia.org/wikipedia/commons/f/f8/Geopark-merangin_1.png?utm_source=id.wikipedia.org&utm_campaign=api&utm_content=thumbnail_unscaled|https://commons.wikimedia.org/wiki/Special:FilePath/Geopark-merangin%201.png?width=800
Museum HAM Omah Munir,budaya,Jawa Timur,Batu,-7.845604,112.52883,,https://upload.wikimedia.org/wikipedia/commons/6/69/Omah_Munir.jpg?utm_source=id.wikipedia.org&utm_campaign=api&utm_content=thumbnail_unscaled
Museum Universitas Galuh,budaya,Jawa Barat,Garut,-7.312525,108.352981,,
Museum Taman Purbakala Cipari,budaya,Jawa Barat,Kota Cirebon,-6.962746,108.466892,,https://upload.wikimedia.org/wikipedia/commons/thumb/1/1f/Museum_Situs_Cipari_01.jpg/960px-Museum_Situs_Cipari_01.jpg?utm_source=id.wikipedia.org&utm_campaign=api&utm_content=thumbnail|https://commons.wikimedia.org/wiki/Special:FilePath/Museum%20Situs%20Cipari%2002.jpg?width=800
Museum Paleoantropologi,budaya,DI Yogyakarta,Sleman,-7.770462,110.375342,,
Museum Korps Marinir Jakarta,budaya,DKI Jakarta,Jakarta Pusat,-6.181358,106.836803,,
Museum Pangeran Cakrabuana,budaya,Jawa Barat,Kota Cirebon,-6.762565,108.47299,,https://commons.wikimedia.org/wiki/Special:FilePath/Museum%20Pangeran%20Cakrabuana.jpg?width=800
Museum Gunung Kelud,budaya,Jawa Timur,Kota Kediri,-7.925417,112.235722,,
Museum Si Pahit Lidah,budaya,Sumatera Selatan,Ogan Komering Ulu,-4.068038,103.926206,,https://upload.wikimedia.org/wikipedia/commons/9/9b/Museum_si_pahit_lidah_01.jpg?utm_source=id.wikipedia.org&utm_campaign=api&utm_content=thumbnail_unscaled|https://commons.wikimedia.org/wiki/Special:FilePath/Museum%20si%20pahit%20lidah%2001.jpg?width=800
Rumah Budaya Banda,budaya,Maluku,Maluku Tengah,-4.525644,129.897465,,https://commons.wikimedia.org/wiki/Special:FilePath/Rumah%20Budaya%20Banda%202026%2002.jpg?width=800
Museum Perang Dunia II,budaya,Maluku Utara,Pulau Morotai,2.014476,128.283266,,
Museum Rempah-rempah,budaya,Sulawesi Utara,Kota Bitung,0.794338,127.386935,,
Museum BJ Habibie,budaya,Sulawesi Barat,Polewali Mandar,-4.010891,119.620797,,
Museum Istana Kupu Kupu,budaya,Sulawesi Selatan,Kota Makassar,-5.016889,119.682,,
Museum Cual Ishadi,budaya,Sumatera Selatan,Banyuasin,-2.123782,106.107851,,
Museum Wallacea,budaya,Sulawesi Tenggara,Kota Kendari,-4.004052,122.521313,,
Museum Universitas Pelita Harapan,budaya,Banten,Kota Tangerang Selatan,-6.227473,106.611374,,
Museum Katedral,budaya,DKI Jakarta,Jakarta Pusat,-6.168761,106.834342,,https://upload.wikimedia.org/wikipedia/commons/thumb/a/a6/Museum_Katedral_Jakarta_%282024%29_01.jpg/960px-Museum_Katedral_Jakarta_%282024%29_01.jpg?utm_source=id.wikipedia.org&utm_campaign=api&utm_content=thumbnail|https://commons.wikimedia.org/wiki/Special:FilePath/Museum%20Katedral%20Jakarta%20%282024%29%2001.jpg?width=800
Museum Graha Widya Patra,budaya,DKI Jakarta,Jakarta Timur,-6.30199,106.905716,,https://commons.wikimedia.org/wiki/Special:FilePath/Louisiana%20State%20Oil%20and%20Gas%20Museum%2C%20Oil%20City%2C%20LA%20IMG%205210.JPG?width=800
Museum Kabupaten Mamuju,budaya,Sulawesi Barat,Mamuju,-2.6764,118.8844,,
Museum Timah Indonesia – Pangkalpinang,budaya,Sumatera Selatan,Banyuasin,-2.118323,106.104878,,https://upload.wikimedia.org/wikipedia/commons/thumb/a/a1/Museum_Timah_Pangkalpinang_Bangka_Island.jpg/960px-Museum_Timah_Pangkalpinang_Bangka_Island.jpg?utm_source=id.wikipedia.org&utm_campaign=api&utm_content=thumbnail
Museum Lukisan Sidik Jari Ngurah Gede Pemecutan,budaya,Bali,Kota Denpasar,-8.663152,115.241128,,
museum Huruf Jember,budaya,Jawa Timur,Situbondo,-8.167982,113.707047,,https://upload.wikimedia.org/wikipedia/commons/thumb/8/8c/Plang_Nama_Museum.jpg/960px-Plang_Nama_Museum.jpg?utm_source=id.wikipedia.org&utm_campaign=api&utm_content=thumbnail|https://commons.wikimedia.org/wiki/Special:FilePath/Suasana%20museum%20huruf%20estetik.jpg?width=800
Museum Pendidikan Dokter Surabaya,budaya,Jawa Timur,Kota Surabaya,-7.265222,112.759778,,
Museum Soekarno Tampaksiring,budaya,Bali,Bangli,-8.4515,115.30775,,
Museum Perjanjian Salatiga,budaya,Jawa Tengah,Jepara,-6.701306,111.446694,,
Museum Old Cinema,budaya,Jawa Timur,Kota Malang,-7.937091,112.627762,,
Museum BNI 1946,budaya,DKI Jakarta,Jakarta Utara,-6.134573,106.814938,,https://upload.wikimedia.org/wikipedia/commons/thumb/0/0b/BNI_Kota_-_panoramio.jpg/960px-BNI_Kota_-_panoramio.jpg?utm_source=id.wikipedia.org&utm_campaign=api&utm_content=thumbnail|https://commons.wikimedia.org/wiki/Special:FilePath/BNI%20Kota%20-%20panoramio.jpg?width=800
Museum Paviliun 5,budaya,Jawa Tengah,Kota Magelang,-7.501056,110.209806,,
Museum Surabaya,budaya,Jawa Timur,Kota Surabaya,-7.256306,112.737639,,https://upload.wikimedia.org/wikipedia/commons/thumb/d/d2/Foto_Museum_Surabaya_Siola.jpg/960px-Foto_Museum_Surabaya_Siola.jpg?utm_source=id.wikipedia.org&utm_campaign=api&utm_content=thumbnail|https://commons.wikimedia.org/wiki/Special:FilePath/Foto%20Museum%20Surabaya%20Siola.jpg?width=800
Seni 1 Museum Baru,budaya,DKI Jakarta,Jakarta Pusat,-6.146836,106.840203,,
Museum Pendidikan Nasional Universitas Pendidikan Indonesia,budaya,Jawa Barat,Kota Bandung,-6.85971,107.594215,,https://upload.wikimedia.org/wikipedia/commons/thumb/6/61/Tampak_Depan_Museum_Pendidikan_Nasional_UPI_2023-03-20.jpg/960px-Tampak_Depan_Museum_Pendidikan_Nasional_UPI_2023-03-20.jpg?utm_source=id.wikipedia.org&utm_campaign=api&utm_content=thumbnail|https://commons.wikimedia.org/wiki/Special:FilePath/Tampak%20Depan%20Museum%20Pendidikan%20Nasional%20UPI%202023-03-20.jpg?width=800
Museum Pusaka Keraton Kasepuhan,budaya,Jawa Barat,Kota Cirebon,-6.726329,108.568817,,https://upload.wikimedia.org/wikipedia/commons/thumb/5/5b/Cirebon_Keraton_Kasepuhan.jpg/960px-Cirebon_Keraton_Kasepuhan.jpg?utm_source=id.wikipedia.org&utm_campaign=api&utm_content=thumbnail|https://commons.wikimedia.org/wiki/Special:FilePath/Cirebon%20Keraton%20Kasepuhan.jpg?width=800
Museum Istana Gebang,budaya,Jawa Timur,Kota Kediri,-8.098097,112.176344,,
Museum Sejarah Etnis Tionghoa,budaya,Jawa Barat,Kota Bandung,-6.923163,107.576731,,
Museum Wayang dan Artefak Purbalingga,budaya,Jawa Tengah,Banjarnegara,-7.3561,109.330262,,
Museum Nyah Lasem,budaya,Jawa Tengah,Rembang,-6.7008,111.44672,,https://upload.wikimedia.org/wikipedia/commons/thumb/c/c4/Museum_Nyah_Lasem_%28Beranda_Depan%29.jpg/960px-Museum_Nyah_Lasem_%28Beranda_Depan%29.jpg?utm_source=id.wikipedia.org&utm_campaign=api&utm_content=thumbnail|https://commons.wikimedia.org/wiki/Special:FilePath/Museum%20Nyah%20Lasem%20%28Beranda%20Depan%29.jpg?width=800
museum Tembakau Jember,budaya,Jawa Timur,Situbondo,-8.158928,113.712365,,
Etalase Geopark Gunungsewu,budaya,Jawa Tengah,Kota Surakarta,-8.221389,111.097222,,
Museum Tenun Ikat,budaya,Nusa Tenggara Timur,Ende,-8.842454,121.644014,,
Museum Matan,budaya,Kepulauan Riau,Natuna,-1.240644,109.948848,,https://upload.wikimedia.org/wikipedia/commons/2/2b/Keraton_Saunan.JPG?utm_source=id.wikipedia.org&utm_campaign=api&utm_content=thumbnail_unscaled|https://commons.wikimedia.org/wiki/Special:FilePath/Keraton%20Kerajaan%20Matan%2001.jpg?width=800
Museum Lewu Hante,budaya,Kalimantan Tengah,Kota Palangka Raya,-2.198926,115.24039,,https://upload.wikimedia.org/wikipedia/commons/thumb/2/22/Museum_Lewu_Hante_002.jpg/960px-Museum_Lewu_Hante_002.jpg?utm_source=id.wikipedia.org&utm_campaign=api&utm_content=thumbnail|https://commons.wikimedia.org/wiki/Special:FilePath/Museum%20Lewu%20Hante%20002.jpg?width=800
Museum Mansinam,budaya,Papua Barat,Manokwari,-0.891557,134.091826,,https://upload.wikimedia.org/wikipedia/commons/6/61/Museum_Pekabaran_Injil_Mansinam.jpg?utm_source=id.wikipedia.org&utm_campaign=api&utm_content=thumbnail_unscaled|https://commons.wikimedia.org/wiki/Special:FilePath/Museum%20Pekabaran%20Injil%20Mansinam.jpg?width=800
Museum Noken,budaya,Papua,Jayapura,-2.595883,140.631691,,https://upload.wikimedia.org/wikipedia/commons/b/b2/Noken_Indonesia.jpg?utm_source=id.wikipedia.org&utm_campaign=api&utm_content=thumbnail_unscaled|https://commons.wikimedia.org/wiki/Special:FilePath/Noken%20Indonesia.jpg?width=800
Museum Mahkota Dipuncak Nur,budaya,Lampung,Kota Bandar Lampung,-5.368033,105.266395,,
Rumah Fatmawati,budaya,Sumatera Selatan,Musi Rawas,-3.795018,102.265048,,https://upload.wikimedia.org/wikipedia/commons/thumb/b/b9/Rumah_Fatmawati.jpg/960px-Rumah_Fatmawati.jpg?utm_source=id.wikipedia.org&utm_campaign=api&utm_content=thumbnail|https://commons.wikimedia.org/wiki/Special:FilePath/Rumah%20Fatmawati.jpg?width=800
Museum Songket,budaya,Jambi,Kota Jambi,-2.996843,104.749761,,https://upload.wikimedia.org/wikipedia/commons/thumb/0/0f/Zainal_Songket_-_West_Ilir_II%2C_Palembang%2C_SS_%2810-12-2022%29.jpg/960px-Zainal_Songket_-_West_Ilir_II%2C_Palembang%2C_SS_%2810-12-2022%29.jpg?utm_source=id.wikipedia.org&utm_campaign=api&utm_content=thumbnail
Museum Bio Farma,budaya,Jawa Barat,Kota Bandung,-6.899458,107.597755,,
Museum Daerah Kabupaten Sambas,budaya,Kepulauan Riau,Natuna,1.36487,109.29708,,https://upload.wikimedia.org/wikipedia/commons/thumb/e/e9/Museum_Daerah_Sambas_1.jpg/960px-Museum_Daerah_Sambas_1.jpg?utm_source=id.wikipedia.org&utm_campaign=api&utm_content=thumbnail|https://commons.wikimedia.org/wiki/Special:FilePath/Museum%20Daerah%20Sambas%201.jpg?width=800
Museum Karaeng Pattingalloang,budaya,Sulawesi Selatan,Kota Makassar,-5.190869,119.404173,,https://upload.wikimedia.org/wikipedia/commons/thumb/7/7a/Fasad_Museum_Karaeng_Pattingalloang.jpg/960px-Fasad_Museum_Karaeng_Pattingalloang.jpg?utm_source=id.wikipedia.org&utm_campaign=api&utm_content=thumbnail|https://commons.wikimedia.org/wiki/Special:FilePath/Fasad%20Museum%20Karaeng%20Pattingalloang.jpg?width=800
Museum Etnografi Sendawar,budaya,Kalimantan Timur,Kutai Barat,-0.232791,115.701461,,
Museum Rumah Sejarah Kalijati,budaya,Jawa Barat,Kota Bandung,-6.52384,107.66109,,
Museum Purbakala Provinsi Gorontalo,budaya,Gorontalo,Gorontalo,0.53602,123.07874,,https://upload.wikimedia.org/wikipedia/commons/thumb/1/1f/Museum_Provinsi_Gorontalo.jpg/960px-Museum_Provinsi_Gorontalo.jpg?utm_source=id.wikipedia.org&utm_campaign=api&utm_content=thumbnail
Museum Subkoss Garuda Sriwijaya,budaya,Sumatera Selatan,Kota Lubuklinggau,-3.2957,102.86055,,https://upload.wikimedia.org/wikipedia/commons/thumb/b/bf/Monumen_Perjuangan_Subkoss_Garuda_Sriwijaya.jpg/960px-Monumen_Perjuangan_Subkoss_Garuda_Sriwijaya.jpg?utm_source=id.wikipedia.org&utm_campaign=api&utm_content=thumbnail|https://commons.wikimedia.org/wiki/Special:FilePath/Monumen%20Perjuangan%20Subkoss%20Garuda%20Sriwijaya.jpg?width=800
Museum Rakyat Hulu Sungai Selatan,budaya,Kalimantan Tengah,Kota Palangka Raya,-2.79794,115.2612,,
Museum Daerah Kabupaten Banggai Provinsi Sulawesi Tengah,budaya,Sulawesi Tengah,Banggai,-0.9462,122.79778,,
Museum Anti Narkoba,budaya,Sulawesi Utara,Kota Tomohon,1.18306,124.79336,,
Museum Nekara,budaya,Sulawesi Selatan,Selayar,-6.14781,120.452125,,
Museum Kanker Indonesia,budaya,Jawa Timur,Kota Surabaya,-7.26745,112.74891,,https://upload.wikimedia.org/wikipedia/commons/thumb/7/7b/Museum_Kanker_Indonesia.jpg/960px-Museum_Kanker_Indonesia.jpg?utm_source=id.wikipedia.org&utm_campaign=api&utm_content=thumbnail
Museum Bharugano Wuna,budaya,Sulawesi Tenggara,Muna,-4.83257,122.72763,,https://upload.wikimedia.org/wikipedia/commons/3/3e/Bharugano_wuna.jpg?utm_source=id.wikipedia.org&utm_campaign=api&utm_content=thumbnail_unscaled
Museum Wajakensis,budaya,Jawa Tengah,Kota Surakarta,-8.10215,111.89661,,
Museum Rajekwesi,budaya,Jawa Tengah,Kota Surakarta,-7.16201,111.8725,,
Museum Kesehatan Jiwa Lawang,budaya,Jawa Timur,Kota Malang,-7.82492,112.71439,,
Museum Singhasari,budaya,Jawa Timur,Kota Malang,-7.88125,112.64135,,https://upload.wikimedia.org/wikipedia/commons/thumb/7/77/Museum_Singhasari.jpg/960px-Museum_Singhasari.jpg?utm_source=id.wikipedia.org&utm_campaign=api&utm_content=thumbnail|https://commons.wikimedia.org/wiki/Special:FilePath/Museum%20Singhasari.jpg?width=800
Museum d'Topeng,budaya,Jawa Timur,Batu,-7.88371,112.52492,,
History of Java Museum,budaya,Jawa Tengah,Boyolali,-7.843889,110.36225,,https://upload.wikimedia.org/wikipedia/commons/e/e3/History_of_Java_Museum.jpg?utm_source=id.wikipedia.org&utm_campaign=api&utm_content=thumbnail_unscaled|https://commons.wikimedia.org/wiki/Special:FilePath/History%20of%20Java%20Museum.jpg?width=800
Museum Tumurun,budaya,Jawa Tengah,Kota Surakarta,-7.570579,110.816492,,
Museum Pustaka Lontar,budaya,Bali,Karangasem,-8.421486,115.611808,,
Museum Nissin Ungaran,budaya,Jawa Tengah,Kota Semarang,-7.160969,110.413311,,
Museum Uang Purbalingga,budaya,Jawa Tengah,Banjarnegara,-7.355717,109.331405,,
Museum Dr. Mohammad Saleh,budaya,Jawa Timur,Kota Probolinggo,-7.752456,113.211479,,
Museum Fakultas Hukum Universitas Indonesia,budaya,DKI Jakarta,Jakarta Selatan,-6.36473,106.83149,,
Museum PUMA,budaya,Bali,Kota Denpasar,-8.60858,115.233857,,
Museum Njana Tilem,budaya,Bali,Gianyar,-8.536653,115.269755,,
Museum dan Rumah Desain Runa,budaya,Bali,Gianyar,-8.539573,115.259731,,
Museum Jamu Jago,budaya,Jawa Tengah,Kota Semarang,-7.013133,110.361934,,
Museum Pendet,budaya,Bali,Gianyar,-8.522698,115.257517,,
Museum Pustaka Peranakan Tionghoa,budaya,DKI Jakarta,Jakarta Selatan,-6.28894,106.663963,,
Museum Santa Maria Juanda,budaya,DKI Jakarta,Jakarta Pusat,-6.166766,106.824424,,
Museum Kesultanan Bulungan,budaya,Kalimantan Utara,Bulungan,2.83205,117.357241,,https://upload.wikimedia.org/wikipedia/commons/thumb/e/ee/Museum_Kesultanan_Bulungan.JPG/960px-Museum_Kesultanan_Bulungan.JPG?utm_source=id.wikipedia.org&utm_campaign=api&utm_content=thumbnail|https://commons.wikimedia.org/wiki/Special:FilePath/Museum%20Kesultanan%20Bulungan.JPG?width=800
Museum Alkitab,budaya,DKI Jakarta,Jakarta Pusat,-6.18789,106.852778,,
Museum Bahari Yogyakarta,budaya,Jawa Tengah,Kota Magelang,-7.800939,110.349805,,
Museum Mini Sisa Hartaku,budaya,Jawa Tengah,Boyolali,-7.600466,110.449506,,https://upload.wikimedia.org/wikipedia/commons/thumb/c/c1/Museum_Mini_Sisa_Hartaku.jpg/960px-Museum_Mini_Sisa_Hartaku.jpg?utm_source=id.wikipedia.org&utm_campaign=api&utm_content=thumbnail|https://commons.wikimedia.org/wiki/Special:FilePath/Museum%20Mini%20Sisa%20Hartaku%20%281%29.jpg?width=800
Museum Bumi Ageung Cikidang Kabupaten Cianjur,budaya,Jawa Barat,Cianjur,-6.822459,107.143108,,https://commons.wikimedia.org/wiki/Special:FilePath/Bumi%20Ageung%20Cikidang.jpg?width=800
Museum PLTD Apung,budaya,Aceh,Kota Banda Aceh,5.546409,95.306784,,
Museum Villa Yuliana,budaya,Sulawesi Selatan,Soppeng,-4.348763,119.886436,,
Museum Jenang Kudus,budaya,Jawa Tengah,Jepara,-6.802623,110.841524,,
Museum Preanger,budaya,Jawa Barat,Kota Bandung,-6.920892,107.61192,,
Museum Pidie Jaya,budaya,Aceh,Aceh Tengah,5.229673,96.242043,,
Museum Muhammadiyah,budaya,Jawa Tengah,Boyolali,-7.834686,110.383741,,
Museum Sejarah Universitas PGRI Yogyakarta,budaya,Jawa Tengah,Kota Magelang,-7.805918,110.341087,,
Museum Kota Subang,budaya,Jawa Barat,Sumedang,-6.570773,107.759467,,https://commons.wikimedia.org/wiki/Special:FilePath/Museum%20Kabupaten%20Subang%20-%2012.jpg?width=800
Museum Olahraga Surabaya,budaya,Jawa Timur,Kota Surabaya,-7.286939,112.730186,,
Museum Sejarah Al-Qur'an Sumatra Utara,budaya,Sumatera Utara,Kota Medan,3.606389,98.708611,,
Perpustakaan dan Museum Bung Karno,budaya,Jawa Timur,Blitar,-8.085418,112.1763,,
Museum Sudirman,budaya,Jawa Tengah,Kota Magelang,-7.465356,110.219639,,
Museum Kota Juang Bireuen,budaya,Aceh,Kota Lhokseumawe,5.208078,96.699386,,https://upload.wikimedia.org/wikipedia/commons/7/72/Museum_Kota_Juang_Bireuen_02.jpg?utm_source=id.wikipedia.org&utm_campaign=api&utm_content=thumbnail_unscaled|https://commons.wikimedia.org/wiki/Special:FilePath/Museum%20Kota%20Juang%20Bireuen%2002.jpg?width=800
Museum Dharma Bhakti Kostrad,budaya,DKI Jakarta,Jakarta Pusat,-5.723823,106.8075,,
Museum Indo’ Ta’dung,budaya,Sulawesi Tengah,Poso,-2.995095,119.91069,,https://commons.wikimedia.org/wiki/Special:FilePath/Museum%20Indo%20Tadung%20Toraja%20Utara%2003.jpg?width=800
Museum Diponegoro Magelang,budaya,Jawa Tengah,Kota Magelang,-7.474567,110.212899,,
Museum Kota Samarinda,budaya,Kalimantan Timur,Kota Samarinda,-0.496046,117.144579,,https://upload.wikimedia.org/wikipedia/commons/thumb/9/9c/Museum_Samarinda.JPG/960px-Museum_Samarinda.JPG?utm_source=id.wikipedia.org&utm_campaign=api&utm_content=thumbnail|https://commons.wikimedia.org/wiki/Special:FilePath/Museum%20Samarinda.JPG?width=800
Museum Raden Hamong Wardoyo,budaya,Jawa Tengah,Boyolali,-7.538874,110.616773,,
Museum Rumah Alit,budaya,Jawa Barat,Tasikmalaya,-7.452203,108.195098,,
Museum Nene Mallomo,budaya,Sulawesi Barat,Polewali Mandar,-3.927875,119.801001,,https://upload.wikimedia.org/wikipedia/commons/thumb/f/f9/Museum_Daerah_Nene_Mallomo_01.jpg/960px-Museum_Daerah_Nene_Mallomo_01.jpg?utm_source=id.wikipedia.org&utm_campaign=api&utm_content=thumbnail|https://commons.wikimedia.org/wiki/Special:FilePath/Museum%20Daerah%20Nene%20Mallomo%2001.jpg?width=800
Museum Kotagede,budaya,Jawa Tengah,Boyolali,-7.826361,110.392038,,
Museum Pendidikan Surabaya,budaya,Jawa Timur,Kota Surabaya,-7.256076,112.742883,,https://upload.wikimedia.org/wikipedia/commons/thumb/3/3a/Museum_pendidikan_surabaya_01.jpg/960px-Museum_pendidikan_surabaya_01.jpg?utm_source=id.wikipedia.org&utm_campaign=api&utm_content=thumbnail
Museum Kayuh Baimbai,budaya,Kalimantan Tengah,Kota Palangka Raya,-3.328759,114.592854,,https://upload.wikimedia.org/wikipedia/commons/thumb/3/33/Museum_Kota_Banjarmasin.jpg/960px-Museum_Kota_Banjarmasin.jpg?utm_source=id.wikipedia.org&utm_campaign=api&utm_content=thumbnail|https://commons.wikimedia.org/wiki/Special:FilePath/Museum%20Kota%20Banjarmasin.jpg?width=800
Museum Catur Indonesia,budaya,DKI Jakarta,Jakarta Timur,-6.261257,106.995559,,
Museum Sejarah Islam Bekasi,budaya,DKI Jakarta,Jakarta Timur,-6.152834,106.976217,,
Museum Pagatan,budaya,Kalimantan Tengah,Kota Palangka Raya,-3.608499,115.933551,,https://upload.wikimedia.org/wikipedia/commons/thumb/4/4b/Museum_Pagatan.jpg/960px-Museum_Pagatan.jpg?utm_source=id.wikipedia.org&utm_campaign=api&utm_content=thumbnail|https://commons.wikimedia.org/wiki/Special:FilePath/Museum%20Pagatan.jpg?width=800
Museum Ganesya,budaya,Jawa Timur,Kota Malang,-7.923071,112.657082,,https://upload.wikimedia.org/wikipedia/commons/thumb/b/ba/Tanda_Peresmian_Museum_Ganesya_%28Gelar_Indonesia_Budaya%29.jpg/960px-Tanda_Peresmian_Museum_Ganesya_%28Gelar_Indonesia_Budaya%29.jpg?utm_source=id.wikipedia.org&utm_campaign=api&utm_content=thumbnail|https://commons.wikimedia.org/wiki/Special:FilePath/Tanda%20Peresmian%20Museum%20Ganesya%20%28Gelar%20Indonesia%20Budaya%29.jpg?width=800
Museum Kota Lama,budaya,Jawa Tengah,Semarang,-6.969459,110.430772,,https://upload.wikimedia.org/wikipedia/commons/thumb/a/a4/Gedung_Museum_Kota_Lama_Semarang.jpg/960px-Gedung_Museum_Kota_Lama_Semarang.jpg?utm_source=id.wikipedia.org&utm_campaign=api&utm_content=thumbnail|https://commons.wikimedia.org/wiki/Special:FilePath/Gedung%20Museum%20Kota%20Lama%20Semarang.jpg?width=800
Museum Galunggung,budaya,Jawa Barat,Garut,-7.302926,108.06592,,https://upload.wikimedia.org/wikipedia/commons/thumb/c/c6/Dokumentasi_Gedung_Museum_Galunggung.jpg/960px-Dokumentasi_Gedung_Museum_Galunggung.jpg?utm_source=id.wikipedia.org&utm_campaign=api&utm_content=thumbnail|https://commons.wikimedia.org/wiki/Special:FilePath/Dokumentasi%20Gedung%20Museum%20Galunggung.jpg?width=800
Museum Meuseuraya,budaya,Aceh,Kota Banda Aceh,5.299258,95.597223,,
Museum Sanggar Apapuhang,budaya,Sulawesi Utara,Kepulauan Sangihe,3.638855,125.51338,,https://commons.wikimedia.org/wiki/Special:FilePath/Ansambel%20Musik%20Lide%20dari%20kepulauan%20Sangihe%203.jpg?width=800
Museum Colliq Pujie,budaya,Sulawesi Selatan,Soppeng,-4.414143,119.619515,,https://upload.wikimedia.org/wikipedia/commons/thumb/8/84/Museum_Colliq_Pujie_Barru_02.jpg/960px-Museum_Colliq_Pujie_Barru_02.jpg?utm_source=id.wikipedia.org&utm_campaign=api&utm_content=thumbnail|https://commons.wikimedia.org/wiki/Special:FilePath/Museum%20Colliq%20Pujie%20Barru%2002.jpg?width=800
Magic Art 3D Museum,budaya,DKI Jakarta,Jakarta Barat,-6.135875,106.812125,,
Museum dan Galeri Arsip Statis Kota Padang,budaya,Sumatera Barat,Kota Padang,-0.947866,100.359798,,https://upload.wikimedia.org/wikipedia/commons/thumb/6/6f/Galeri_Arsip_Kota_Padang.jpg/960px-Galeri_Arsip_Kota_Padang.jpg?utm_source=id.wikipedia.org&utm_campaign=api&utm_content=thumbnail|https://commons.wikimedia.org/wiki/Special:FilePath/Staatsblad%20di%20Kota%20Padang.jpg?width=800
Museum Bantul Masa Belanda,budaya,DI Yogyakarta,Bantul,-7.918938,110.319494,,https://upload.wikimedia.org/wikipedia/commons/thumb/0/04/Penanda_Museum_Bantul_Masa_Belanda.jpg/960px-Penanda_Museum_Bantul_Masa_Belanda.jpg?utm_source=id.wikipedia.org&utm_campaign=api&utm_content=thumbnail
Museum Universitas Islam Indonesia,budaya,DI Yogyakarta,Sleman,-7.688416,110.415066,,
Museum RAA Adiwidjaja,budaya,Jawa Barat,Garut,-7.201508,107.885646,,
Museum Seni Bela Diri Kungfu Wonosobo,budaya,Jawa Tengah,Wonosobo,-7.426002,109.862781,,
Museum Pusat TNI Angkatan Laut Jalesveva Jayamahe,budaya,Jawa Timur,Kota Surabaya,-7.22161,112.740183,,https://commons.wikimedia.org/wiki/Special:FilePath/Replika%20KRI%20REM-331%20Muspusal.jpg?width=800
Museum Motor Klasik SMK NMC,budaya,Jawa Timur,Kota Malang,-7.934708,112.613364,,
Museum Juang 45 Sumatera Utara,budaya,Sumatera Utara,Asahan,2.985153,99.627879,,
Museum Jenderal M Jusuf,budaya,Sulawesi Selatan,Kota Makassar,-5.150327,119.409967,,https://commons.wikimedia.org/wiki/Special:FilePath/Museum%20Jendral%20M.%20Jusuf.jpg?width=800
Museum Fansuri,budaya,Sumatera Utara,Kota Sibolga,1.605163,98.823496,,https://commons.wikimedia.org/wiki/Special:FilePath/Foto%20Museum%20Fansuri%20Situs%20Bongal.jpg?width=800
Museum Balumbung,budaya,Jawa Timur,Situbondo,-7.748471,114.218741,,
Anjungan Sampit,budaya,Kalimantan Barat,Sintang,-2.516834,112.952487,,https://upload.wikimedia.org/wikipedia/commons/thumb/f/f4/Anjungan_Sampit_006.jpg/960px-Anjungan_Sampit_006.jpg?utm_source=id.wikipedia.org&utm_campaign=api&utm_content=thumbnail|https://commons.wikimedia.org/wiki/Special:FilePath/Anjungan%20Sampit%20006.jpg?width=800
